OBJECTID,LAND,BEZ,LOR_ab_2021,UJAHR,UMONAT,USTUNDE,UWOCHENTAG,UKATEGORIE,UART,UTYP1,ULICHTVERH,IstRad,IstPKW,IstFuss,IstKrad,IstGkfz,IstSonstige,USTRZUSTAND,LINREFX,LINREFY,XGCSWGS84,YGCSWGS84
218497,11,3,3701556,2021,12,13,4,3,1,5,0,0,0,0,0,1,1,1,799479,7933,5829688,32
218496,11,5,5300736,2021,12,9,4,3,3,6,0,0,1,0,0,0,0,1,786598,4553,5829228,23
218495,11,6,6200422,2021,12,15,3,3,6,4,1,0,0,1,0,0,1,0,794164,8797,5817493,523
218493,11,4,4500939,2021,12,17,4,3,2,6,1,0,1,0,0,0,0,0,792467,1033,5824130,393
218492,11,11,11300620,2021,12,14,5,3,5,3,0,0,1,0,0,0,1,0,803823,896,5829053,771
218490,11,6,6400843,2021,12,15,7,3,0,4,0,0,1,1,0,0,0,0,791762,3655,5819570,489
218487,11,6,6100101,2021,12,8,3,3,5,3,0,1,1,0,0,0,0,0,793396,1061,5820356,417
218486,11,9,9200818,2021,12,17,5,3,2,6,2,0,1,0,0,0,0,1,809767,1578,5820689,459
218485,11,9,9200716,2021,12,9,4,3,5,3,0,1,1,0,0,0,0,0,808745,307,5819243,23
218484,11,10,10400940,2021,12,15,2,3,5,2,1,0,0,0,0,0,1,1,812723,6829,5825535,78
218483,11,6,6200423,2021,12,20,6,3,5,2,2,0,1,0,0,0,0,0,793445,1775,5816136,286
218481,11,2,2200213,2021,12,8,5,3,0,7,0,1,0,0,0,0,0,1,799877,5883,5825358,771
218480,11,1,1100206,2021,12,4,7,3,6,7,2,0,1,1,0,0,0,0,797870,483,5827367,536
218478,11,12,12100205,2021,11,16,2,2,6,2,1,0,0,1,0,1,0,1,794846,2585,5833741,522
218477,11,6,6300524,2021,12,14,1,3,5,2,0,0,1,0,0,0,0,1,787515,685,5817398,976
218476,11,7,7400721,2021,12,15,4,3,1,7,1,0,1,0,0,0,0,0,797749,8438,5822634,554
218475,11,1,2400623,2021,12,11,1,3,5,3,0,0,1,0,0,0,0,1,800171,3427,5827361,51
218474,11,2,2100103,2021,12,15,5,3,2,6,0,0,1,0,0,0,0,1,798505,6502,5825571,536
218472,11,8,8200623,2021,12,10,7,3,5,3,0,0,1,0,1,0,0,1,801394,184,5821142,638
218469,11,5,5100211,2021,12,14,3,3,1,5,0,1,1,0,0,0,0,2,783202,3535,5830115,736
218468,11,12,12200411,2021,12,13,3,3,2,2,0,0,1,0,0,0,0,0,792233,7764,5831926,461
218467,11,4,4200203,2021,12,8,4,2,1,5,0,0,1,0,0,0,0,0,787839,3033,5826510,649
218465,11,8,8100312,2021,12,13,6,3,5,3,0,1,1,0,0,0,0,0,801300,5757,5824010,256
218464,11,1,1300733,2021,12,21,7,3,2,6,2,0,1,0,0,0,0,1,797140,9075,5831404,6
218462,11,6,6100205,2021,11,7,3,3,6,7,0,0,1,1,0,0,0,1,795966,71,5819891,953
218460,11,12,12500928,2021,12,18,3,3,2,6,2,0,1,0,0,0,0,0,791445,3552,5836596,665
218459,11,11,11200410,2021,12,9,1,3,5,2,0,0,1,0,0,0,1,0,805851,8078,5832350,915
218458,11,2,2100101,2021,12,13,5,3,5,2,0,1,1,0,0,0,0,0,797416,6898,5826150,26
218457,11,8,8100104,2021,12,18,2,3,1,5,2,1,1,0,0,0,0,1,800851,5245,5822520,796
218454,11,7,7601544,2021,12,10,6,3,5,3,0,0,1,0,0,0,1,1,799027,5787,5814291,909
218453,11,5,5100317,2021,12,20,7,3,5,3,2,0,1,0,1,0,0,0,785344,7679,5828600,14
218452,11,9,9100306,2021,12,11,1,3,6,7,0,0,1,1,0,0,0,0,804283,8349,5820729,36
218451,11,12,12400722,2021,12,15,4,3,2,6,0,0,1,0,0,0,0,1,791204,1129,5838441,869
218450,11,4,4300624,2021,12,17,2,3,2,6,2,0,1,0,0,0,0,0,792971,7767,5826022,772
218448,11,4,4100101,2021,12,7,5,3,2,6,2,0,1,0,0,0,1,1,791326,586,5830671,583
218447,11,10,10400939,2021,12,11,7,3,5,3,0,0,1,0,0,0,0,1,812963,3474,5827823,4
218445,11,1,1401045,2021,12,0,4,3,6,2,2,0,1,1,0,0,0,0,796704,6557,5831624,151
218442,11,6,6100209,2021,12,6,2,3,4,6,1,1,0,0,0,0,1,1,794676,6637,5821752,626
218441,11,6,6200421,2021,12,21,3,2,6,2,2,0,1,1,0,0,0,1,794005,5982,5817452,406
218440,11,5,5100104,2021,12,10,5,3,9,1,0,0,0,0,1,0,0,0,785194,746,5831168,644
218439,11,7,7400824,2021,12,11,4,3,5,3,0,0,1,0,0,0,1,0,797840,8273,5822041,628
218437,11,12,12200412,2021,12,16,5,3,5,2,2,0,1,0,0,0,0,0,791168,4207,5834029,367
218436,11,3,3701556,2021,12,9,6,3,2,2,0,0,1,0,0,0,1,0,799691,115,5829228,736
218434,11,7,7400927,2021,12,12,6,3,1,5,0,0,1,0,0,0,0,1,798753,6854,5821853,334
218431,11,4,4501042,2021,12,2,3,3,2,6,2,0,1,0,0,0,0,1,794085,2165,5825955,526
218430,11,4,4200311,2021,12,11,5,3,5,2,0,1,1,0,0,0,0,1,790025,5022,5825236,312
218429,11,11,11300721,2021,12,18,5,3,8,1,2,0,1,0,0,0,0,2,806115,541,5830146,27
218427,11,6,6300528,2021,12,9,6,3,6,7,0,0,1,1,0,0,0,0,789969,9282,5816231,508
218425,11,2,2500831,2021,11,15,2,2,0,1,0,0,0,0,1,0,0,1,802858,8327,5827209,815
218424,11,7,7400822,2021,12,18,7,3,6,2,2,0,1,1,0,0,0,1,796815,2271,5822347,231
218423,11,1,1401044,2021,12,10,3,3,5,3,0,0,1,0,0,0,0,0,796719,5446,5831351,679
218422,11,1,1100308,2021,12,14,1,3,0,1,0,1,0,0,0,0,0,0,797292,631,5829038,251
218420,11,2,2200210,2021,12,16,7,2,5,2,1,1,1,0,0,0,0,1,798425,688,5824777,116
218419,11,11,11200411,2021,12,16,6,2,5,3,2,0,1,0,1,0,0,0,805456,8307,5831361,301
218417,11,12,12500927,2021,12,10,5,3,5,3,0,0,1,0,0,0,0,2,792458,4425,5835352,818
218415,11,1,1100313,2021,12,19,5,3,2,6,2,0,1,0,0,0,0,1,799557,7508,5826667,513
218414,11,12,12200412,2021,12,9,2,3,0,1,0,0,0,0,0,0,1,0,790916,1488,5833770,918
218413,11,11,11200411,2021,12,10,7,3,5,2,0,0,1,0,0,0,1,0,805436,5636,5831620,855
218412,11,8,8100416,2021,11,16,3,3,2,7,2,1,1,0,0,0,0,1,801474,6199,5823442,935
218411,11,3,3701556,2021,12,11,3,3,0,2,0,1,0,0,1,0,0,0,799546,3368,5829481,97
218409,11,5,5200528,2021,12,17,3,3,2,6,1,0,1,0,0,0,0,0,783677,9615,5825981,156
218407,11,11,11400929,2021,12,1,6,3,9,1,2,0,1,0,0,0,0,1,804929,8958,5826324,448
218406,11,8,8100415,2021,12,18,2,3,6,2,2,0,0,1,0,0,1,1,802017,4334,5823497,897
218405,11,8,8300934,2021,12,15,6,3,0,6,1,0,1,0,0,0,1,0,802876,97,5818250,332
218402,11,11,11400931,2021,12,14,5,3,5,2,0,0,1,0,0,0,0,1,806623,356,5827338,71
218401,11,1,1100206,2021,12,7,6,3,0,7,0,1,0,0,0,0,0,2,797475,4059,5827934,914
218400,11,1,1400942,2021,12,20,2,2,6,2,2,0,1,1,0,0,0,1,795519,6498,5830761,808
218399,11,8,8100208,2021,12,10,4,3,5,2,0,1,1,0,0,0,0,1,801012,8968,5822573,262
218398,11,7,7100102,2021,12,16,2,2,5,3,1,1,1,0,0,0,0,1,794992,968,5825099,217
218396,11,9,9501737,2021,12,15,5,3,2,6,1,0,1,0,0,0,1,1,814228,3778,5822177,258
218395,11,1,1300835,2021,12,17,6,3,5,2,2,1,1,0,0,0,0,0,797531,7619,5829427,975
218393,11,2,2500832,2021,12,18,4,3,5,2,2,1,1,0,0,0,0,0,803474,2496,5827021,9
218390,11,7,7100101,2021,12,19,1,3,6,2,2,0,1,1,0,0,0,1,794598,5274,5825436,649
218389,11,1,1100102,2021,12,17,3,3,2,6,2,0,1,0,0,0,0,1,795044,1667,5827225,4
218388,11,12,12500824,2021,12,9,4,3,5,3,0,1,1,0,0,0,0,0,790242,7518,5835864,182
218386,11,9,9200715,2021,12,17,5,3,5,3,2,0,1,0,0,0,0,0,808096,1844,5818410,511
218385,11,1,1200517,2021,12,0,6,2,5,3,2,0,1,0,0,0,0,0,792738,7955,5828288,792
218383,11,1,1100312,2021,12,15,7,3,6,4,1,1,0,1,0,0,0,1,799436,4565,5826764,446
218381,11,4,4500936,2021,12,17,3,3,5,2,2,1,1,0,0,0,0,0,791854,774,5825706,646
218380,11,9,9200510,2021,12,10,5,3,2,2,0,0,1,0,0,0,1,1,806584,3867,5822759,948
218379,11,2,2500833,2021,12,8,5,3,5,2,0,0,1,0,0,0,1,0,802073,83,5827362,833
218378,11,6,6400841,2021,12,18,6,3,6,4,2,1,0,1,0,0,0,1,789605,941,5818112,618
218376,11,4,4400835,2021,12,9,7,3,5,7,0,0,1,0,0,0,0,1,792982,1681,5822449,339
218375,11,4,4100101,2021,11,6,3,3,2,6,2,0,1,0,0,0,0,1,791122,5362,5829417,634
218374,11,1,1200520,2021,12,16,1,3,5,3,2,1,0,0,0,0,0,1,794587,2345,5828459,374
218373,11,12,12100204,2021,12,16,4,3,1,5,2,0,0,0,1,0,1,0,794142,7497,5832613,152
218372,11,2,2400522,2021,12,17,2,3,2,6,2,0,1,0,0,0,0,1,802114,4944,5827735,473
218370,11,4,4501045,2021,12,16,3,3,6,2,1,0,1,1,0,0,0,1,793661,2698,5825321,637
218369,11,9,9502043,2021,12,17,6,3,4,2,2,0,1,0,0,0,0,0,809215,4653,5823033,233
218368,11,10,10200421,2021,12,16,5,3,2,6,1,0,1,0,0,0,0,2,812267,3375,5830685,873
218366,11,12,12601134,2021,12,14,5,3,6,2,0,0,1,1,0,0,0,1,793956,8547,5836631,339
218365,11,2,2300315,2021,12,8,2,3,2,6,0,0,1,0,0,0,0,0,800433,224,5825788,677
218364,11,10,10400835,2021,12,23,2,3,5,3,2,0,1,0,0,0,0,2,811468,84,5828135,685
218363,11,6,6300634,2021,12,21,4,2,6,2,2,0,1,1,0,0,0,1,792932,2193,5817743,298
218362,11,6,6200422,2021,12,16,3,3,5,2,2,1,1,0,0,0,0,0,794097,2224,5817420,877
218360,11,4,4300416,2021,12,17,4,3,6,7,2,0,1,1,0,0,0,1,791506,279,5826293,56
218358,11,11,11300725,2021,12,14,7,3,0,5,1,0,1,0,0,0,0,1,804882,2994,5827751,149
218355,11,4,4501152,2021,12,15,3,3,0,1,0,1,0,0,0,0,0,2,794116,7352,5824690,6
218354,11,7,7400721,2021,12,18,4,2,0,1,2,1,0,0,0,0,0,1,798529,913,5823952,924
218353,11,4,4501152,2021,12,19,4,3,2,6,2,0,1,0,0,0,0,0,793995,1716,5824713,824
218352,11,7,7200409,2021,12,22,6,2,0,7,2,0,0,0,0,0,1,1,795495,762,5824441,301
218350,11,2,2100104,2021,12,14,5,2,6,4,0,0,1,1,0,0,0,0,799112,9451,5826263,65
218349,11,12,12500930,2021,12,14,5,3,5,3,0,1,1,0,0,0,0,1,793608,1481,5835165,981
218347,11,4,4400728,2021,11,19,2,3,6,2,2,0,1,1,0,0,0,1,790702,3563,5822699,933
218345,11,8,8100521,2021,12,16,3,3,2,6,2,0,1,0,0,0,0,0,803786,217,5822151,349
218343,11,7,7100102,2021,12,8,6,3,4,1,1,1,1,0,0,0,0,2,795544,5567,5825255,851
218340,11,4,4300412,2021,12,17,2,2,6,4,2,0,1,1,0,0,0,0,790921,5976,5827403,163
218339,11,9,9401534,2021,12,15,3,3,5,3,1,1,1,0,0,0,0,2,810899,7019,5820441,16
218338,11,4,4501041,2021,12,17,3,3,3,6,2,1,1,0,0,0,0,0,793153,145,5825392,632
218336,11,1,1100207,2021,12,6,6,3,5,3,2,0,1,0,0,0,0,0,798020,9509,5826589,921
218335,11,8,8200623,2021,12,22,5,3,5,3,2,0,1,0,0,0,0,1,801768,1636,5821091,469
218333,11,6,6300629,2021,11,19,2,3,0,1,2,1,0,0,0,0,0,1,791449,5825,5819050,85
218331,11,8,8100417,2021,12,12,4,3,5,3,0,0,1,0,0,0,0,0,802350,324,5822951,708
218330,11,12,12400721,2021,12,11,6,3,5,3,0,0,1,0,0,0,0,1,790135,2554,5842630,215
218329,11,5,5200527,2021,12,15,2,3,6,6,0,0,1,1,0,0,0,1,782546,3835,5827197,855
218327,11,8,8100521,2021,12,9,6,3,2,2,0,0,1,0,0,0,0,0,803804,5383,5821741,493
218326,11,1,1401048,2021,11,13,3,3,6,7,0,0,0,1,0,0,1,1,795313,9172,5831021,201
218325,11,11,11200411,2021,12,21,1,2,8,1,2,0,1,0,0,0,0,1,805845,6542,5831868,985
218324,11,2,2200212,2021,12,17,2,3,6,7,2,0,1,1,0,0,0,1,800272,3469,5824378,904
218322,11,9,9200512,2021,12,12,4,3,1,5,0,0,1,0,0,1,0,0,809143,29,5821526,217
218321,11,2,2500835,2021,12,17,6,3,2,1,2,0,1,0,0,0,0,0,802486,2213,5826433,888
218319,11,7,7400927,2021,12,8,5,3,0,2,0,1,0,0,0,0,1,2,800048,156,5820844,754
218317,11,3,3200308,2021,12,18,5,3,5,2,2,0,1,0,0,0,1,1,800172,6634,5836589,225
218316,11,8,8200832,2021,12,12,2,3,5,2,0,0,1,0,0,0,0,1,800310,9326,5816738,53
218315,11,4,4100102,2021,12,14,7,2,9,1,0,0,1,0,0,0,0,0,791172,6157,5829090,83
218314,11,9,9100304,2021,12,14,5,3,5,3,0,0,1,0,0,0,0,0,804400,4061,5821740,578
218313,11,7,7300619,2021,12,17,3,3,1,5,2,0,1,0,0,0,0,0,794759,1259,5821915,387
218311,11,12,12200309,2021,12,20,5,3,2,6,2,0,1,0,0,0,0,0,792796,4389,5832752,821
218309,11,1,1300733,2021,12,16,6,3,6,4,2,0,1,1,0,0,0,1,797688,6232,5831471,99
218306,11,3,3300516,2021,12,17,2,2,6,4,2,0,1,1,0,0,0,0,800679,3497,5833789,866
218305,11,12,12500930,2021,12,18,3,3,5,3,2,0,1,0,0,0,0,2,793667,3618,5834564,786
218304,11,10,10200417,2021,12,16,3,3,6,4,1,0,1,1,0,0,0,0,811338,8441,5831956,261
218302,11,12,12200411,2021,12,13,5,3,3,6,0,0,1,0,0,0,1,0,793086,4339,5832223,601
218301,11,2,2400521,2021,12,1,1,2,5,2,2,0,1,0,0,0,0,1,800868,556,5828324,365
218299,11,3,3200205,2021,11,17,3,2,5,3,1,1,1,0,0,0,0,1,797369,327,5835183,95
218297,11,8,8100311,2021,12,21,3,3,1,5,2,1,1,0,0,0,0,0,800717,2691,5824364,225
218296,11,9,9100304,2021,12,15,1,3,0,7,1,0,1,0,0,0,0,1,804394,2904,5822392,538
218295,11,8,8200730,2021,12,19,5,2,8,1,2,0,1,0,0,0,0,2,801433,3664,5818795,923
218294,11,7,7400927,2021,12,12,3,3,0,3,0,0,1,0,1,0,0,1,798711,2794,5821875,661
218291,11,1,1200623,2021,12,18,6,3,2,6,2,0,1,0,0,0,0,1,795360,7416,5828617,89
218290,11,6,6200311,2021,12,1,1,3,8,1,2,0,1,0,0,0,0,2,795798,7701,5819017,517
218289,11,3,3200206,2021,12,10,4,2,0,7,0,1,0,0,0,0,0,1,797884,4959,5834606,428
218288,11,1,1200625,2021,12,14,1,2,5,3,0,0,1,0,1,0,0,1,794701,801,5828868,761
218286,11,10,10200629,2021,12,9,4,3,5,2,0,1,1,0,0,0,0,1,811160,8121,5829063,29
218285,11,7,7400822,2021,12,9,7,3,1,3,0,0,1,0,0,0,0,1,796812,2671,5821779,412
218283,11,4,4500938,2021,12,8,5,3,2,6,0,0,1,0,0,0,0,2,791617,1147,5824496,835
218280,11,5,5100313,2021,12,17,2,3,3,6,2,0,1,0,0,0,1,0,785396,3234,5830313,671
218279,11,11,11200512,2021,12,14,3,3,5,2,0,0,1,0,0,0,0,1,802893,317,5831205,18
218278,11,7,7400928,2021,12,15,5,3,5,7,1,0,1,0,0,0,1,0,799764,7425,5821857,796
218277,11,11,11400930,2021,12,6,3,3,5,3,2,1,1,0,0,0,0,1,806249,8575,5826813,385
218274,11,5,5100315,2021,12,14,7,3,5,2,0,0,1,0,0,0,0,1,784662,9878,5829704,407
218273,11,9,9200715,2021,11,15,3,3,2,6,0,0,1,0,0,0,0,1,808386,6574,5819134,206
218272,11,6,6200420,2021,12,17,2,2,6,4,2,0,1,1,0,0,0,0,792359,2987,5815602,873
218271,11,4,4501043,2021,12,15,2,3,6,2,1,0,1,1,0,0,0,1,792859,4159,5824330,387
218269,11,9,9200819,2021,12,15,4,3,6,4,1,0,1,1,0,0,0,1,810403,834,5819864,254
218267,11,1,1200521,2021,12,13,4,3,1,5,0,1,1,0,0,0,0,1,793690,267,5828195,855
218265,11,9,9100203,2021,12,16,5,3,2,2,1,0,1,0,0,0,0,1,804109,3365,5823598,227
218264,11,7,7100205,2021,12,12,2,3,0,2,0,0,1,0,0,0,1,0,795995,9488,5824977,104
218263,11,9,9200715,2021,12,15,7,3,2,1,0,0,1,0,0,0,0,0,809077,3254,5818202,557
218262,11,8,8401246,2021,12,7,4,3,6,2,1,0,1,1,0,0,0,1,806083,2889,5817077,862
218261,11,6,6300632,2021,12,11,3,3,6,4,0,0,1,1,0,0,0,0,792513,9198,5817273,386
218259,11,1,1100206,2021,12,17,4,3,5,7,1,1,1,0,0,0,0,1,797910,1441,5827336,705
218258,11,11,11100309,2021,12,17,5,3,6,2,2,0,1,1,0,0,0,0,805527,1404,5833410,203
218257,11,6,6100208,2021,12,19,6,2,1,1,2,0,1,0,0,0,0,0,794750,883,5820232,91
218255,11,1,1100309,2021,12,21,6,2,5,2,2,0,1,0,0,0,0,1,799062,5815,5829002,155
218252,11,6,6400843,2021,12,17,3,3,5,3,2,1,1,0,0,0,0,0,792010,4,5820633,783
218251,11,4,4400727,2021,12,11,3,3,2,6,0,0,1,0,0,0,0,0,791261,7305,5823311,96
218250,11,11,11501341,2021,12,9,4,2,6,4,0,0,1,1,0,0,0,0,806864,9288,5823715,972
218248,11,4,4400834,2021,12,19,5,3,5,3,2,1,1,0,0,0,0,1,792969,907,5822305,232
218247,11,7,7100102,2021,12,20,7,3,6,7,2,0,0,1,0,0,1,0,795402,8131,5825327,547
218245,11,8,8100521,2021,11,16,2,3,6,2,1,0,1,1,0,0,0,1,804066,938,5821912,752
218244,11,4,4300622,2021,12,10,1,3,3,2,0,0,1,0,0,1,0,1,793792,451,5826929,47
218243,11,6,6300629,2021,12,9,4,3,6,4,0,0,0,1,1,0,0,0,791864,63,5819147,303
218242,11,7,7300619,2021,12,20,1,3,5,3,2,0,1,0,0,0,0,1,795078,8456,5821629,959
218240,11,9,9401329,2021,12,12,5,3,0,7,0,0,1,0,0,0,0,0,812319,2143,5818649,62
218239,11,2,2200208,2021,12,14,3,3,5,2,0,1,1,0,0,0,0,1,797916,269,5825263,65
218236,11,1,1100312,2021,12,13,5,3,2,6,0,0,1,0,0,0,0,1,799590,4317,5826896,97
218235,11,3,3601450,2021,12,21,6,3,2,6,2,0,1,0,0,0,0,1,801729,6655,5830075,952
218234,11,12,12500824,2021,12,21,2,3,5,3,2,0,1,0,1,0,0,2,791412,7466,5835458,714
218233,11,11,11300826,2021,11,16,3,3,5,3,2,1,0,0,0,0,0,1,803820,6939,5827214,9
218232,11,7,7601442,2021,12,10,2,2,6,2,0,0,1,1,0,0,0,0,799553,6924,5815098,6
218230,11,9,9502043,2021,12,14,4,3,6,4,0,0,1,1,0,0,0,0,811096,6133,5821986,397
218228,11,10,10100207,2021,12,10,5,3,2,1,0,0,1,0,0,0,0,2,810111,976,5833266,5
218225,11,6,6300633,2021,12,14,2,3,0,7,0,0,0,0,1,0,0,1,793236,6268,5819395,588
218224,11,9,9502043,2021,12,18,4,3,6,4,2,0,0,1,0,0,1,0,811096,445,5821985,716
218223,11,12,12500825,2021,12,10,5,3,5,3,0,0,0,0,0,0,1,0,791932,115,5834135,87
218222,11,3,3400721,2021,12,6,4,2,2,7,2,1,0,0,0,0,0,0,798024,781,5833256,667
218220,11,10,10400940,2021,12,17,5,3,5,3,2,0,1,0,0,0,1,0,812391,3032,5824673,128
218219,11,11,11400931,2021,12,14,5,3,5,2,0,1,1,0,0,0,0,0,806684,6153,5826909,665
218217,11,6,6300632,2021,12,14,6,2,5,3,0,0,1,0,0,0,0,1,791932,2083,5817211,898
218215,11,8,8200727,2021,12,16,3,3,5,7,2,0,1,0,0,0,0,1,801318,602,5819541,273
218214,11,12,12200307,2021,12,8,5,3,3,6,0,0,1,0,0,0,0,0,793522,2938,5834079,84
218213,11,7,7501133,2021,12,11,5,3,5,2,0,0,1,0,0,0,0,0,798714,3346,5817581,963
218212,11,5,5100315,2021,12,7,4,3,5,3,1,1,1,0,0,0,0,1,784280,9394,5830374,225
218211,11,1,1100416,2021,12,14,3,3,1,5,0,1,1,0,0,0,0,0,798711,2702,5829565,357
218209,11,1,1300834,2021,12,4,5,3,2,6,2,0,1,0,1,0,0,1,797837,6851,5830443,89
218208,11,6,6100103,2021,12,18,5,3,1,5,2,1,1,0,0,0,0,1,793662,9399,5821550,528
218207,11,4,4501042,2021,12,19,6,3,2,6,2,0,1,0,0,0,0,0,794021,718,5825929,344
218205,11,2,2200211,2021,12,15,7,3,6,7,1,0,1,1,0,0,0,1,798285,3837,5824755,489
218202,11,1,1100308,2021,12,17,2,3,6,2,2,1,0,1,0,0,0,0,797083,1658,5828186,105
218201,11,6,6300527,2021,12,8,5,1,6,7,1,0,0,1,0,1,0,1,790479,4656,5818093,53
218200,11,1,1400938,2021,12,9,4,3,5,7,1,0,1,0,0,0,0,0,794390,6226,5830781,906
218198,11,4,4501147,2021,12,12,5,3,5,7,0,1,1,0,0,0,0,0,793116,3522,5824086,459
218196,11,11,11300722,2021,11,7,2,3,5,2,1,1,0,0,0,0,1,1,803907,5438,5827891,56
218195,11,4,4501150,2021,12,19,7,3,6,2,2,0,1,1,0,0,0,0,793444,8067,5823951,257
218194,11,3,3300413,2021,12,0,3,3,1,5,2,0,1,0,0,0,1,0,803525,7105,5838712,82
218193,11,7,7100102,2021,12,22,1,3,2,6,2,0,1,0,0,0,0,1,794982,8542,5825191,796
218191,11,2,2200209,2021,12,16,4,3,5,2,1,0,1,0,1,0,0,0,797274,1707,5824519,636
218187,11,2,2200211,2021,12,8,6,3,5,7,0,1,1,0,0,0,0,0,797934,485,5824575,815
218186,11,2,2400623,2021,12,13,7,3,2,1,0,0,1,0,0,0,0,0,801225,8244,5827645,1
218185,11,10,10300731,2021,12,22,4,3,0,1,2,0,0,0,0,0,1,1,809103,305,5829470,168
218184,11,1,1300732,2021,12,8,2,2,2,6,0,0,1,0,0,0,0,0,797278,2663,5832202,171
218182,11,6,6200314,2021,12,15,5,2,1,5,0,0,1,0,0,0,1,0,795022,7724,5818097,29
218180,11,1,1200627,2021,12,16,7,2,6,4,2,0,1,1,0,0,0,0,795566,637,5828466,357
218177,11,1,1200629,2021,12,18,3,3,2,6,2,0,1,0,0,0,0,0,794408,13,5827612,901
218176,11,4,4501045,2021,12,0,3,3,1,5,2,0,1,0,0,0,0,2,794051,802,5825395,995
218175,11,1,1400940,2021,12,14,4,3,6,4,0,0,1,1,0,0,0,0,794875,4463,5832003,426
218173,11,7,7300619,2021,12,18,5,3,2,6,2,0,1,0,1,0,0,0,794601,9045,5821840,682
218172,11,10,10200420,2021,12,10,6,3,5,3,0,0,1,0,0,0,0,0,811956,1299,5830875,804
218170,11,11,11300721,2021,11,18,3,3,5,2,2,0,1,0,0,0,1,1,804595,1612,5829938,906
218168,11,10,10400938,2021,12,13,4,3,5,3,0,0,1,0,0,1,0,0,814657,3572,5829647,759
218167,11,3,3500934,2021,12,17,5,3,5,3,2,1,1,0,0,0,0,1,800422,9449,5832306,713
218166,11,7,7400823,2021,12,17,6,3,1,5,2,1,1,0,0,0,0,1,797295,533,5821444,838
218165,11,10,10200422,2021,12,14,6,3,6,7,0,1,0,1,0,0,0,0,812106,9202,5831334,237
218163,11,10,10400835,2021,12,16,6,3,5,3,2,1,1,0,0,0,0,0,811906,8985,5829738,912
218162,11,11,11100204,2021,12,5,4,3,5,2,2,1,1,0,0,0,0,1,806899,194,5832615,901
218161,11,4,4200308,2021,12,15,1,2,5,3,1,0,1,0,0,0,0,1,790571,6881,5827337,151
218160,11,5,5100210,2021,12,15,2,3,2,6,0,0,1,0,0,0,0,1,784196,6759,5830055,518
218158,11,1,1300834,2021,12,11,3,3,5,3,0,1,1,0,0,0,0,0,798243,8498,5830472,38
218157,11,1,1401049,2021,12,9,7,2,6,2,0,0,0,1,0,0,1,1,795874,1884,5831960,462
218155,11,12,12601235,2021,12,7,6,3,6,2,1,0,1,1,0,0,0,2,795289,5645,5836366,954
218153,11,9,9501737,2021,12,10,6,3,5,3,0,0,1,0,0,0,0,1,814060,6548,5820760,98
218152,11,1,1100310,2021,12,8,2,2,0,1,0,0,0,0,0,0,1,1,799586,4109,5828475,93
218151,11,6,6100206,2021,12,16,1,3,0,3,2,0,1,0,0,0,1,0,794999,864,5819665,638
218150,11,12,12400616,2021,10,8,7,2,9,1,0,0,0,0,1,0,0,1,786287,386,5834279,744
218149,11,8,8100417,2021,10,14,7,3,5,2,0,1,1,0,0,0,0,0,802487,4466,5823156,135
218148,11,8,8100415,2021,11,9,3,3,5,3,0,1,1,0,0,0,0,1,801632,486,5823755,141
218147,11,3,3601142,2021,11,18,5,3,5,2,1,1,0,0,1,0,0,1,799177,295,5831110,598
218146,11,11,11100102,2021,10,16,6,3,5,3,0,1,1,0,0,0,0,0,808694,1962,5834224,533
218145,11,4,4100102,2021,10,22,6,3,5,3,2,0,1,0,0,0,1,0,791492,139,5829242,67
218144,11,2,2500831,2021,10,11,3,3,5,3,0,0,1,0,1,0,0,0,802947,9548,5827093,539
218143,11,8,8100311,2021,10,21,3,3,6,7,2,0,1,1,0,0,0,0,800506,171,5824470,69
218142,11,6,6200419,2021,10,20,2,3,1,5,2,0,1,0,0,0,0,0,793231,7019,5815867,93
218141,11,11,11501339,2021,11,12,3,2,5,2,0,1,1,0,0,0,0,1,807284,579,5825417,152
218140,11,4,4400835,2021,10,8,4,3,6,2,0,0,1,1,0,0,0,1,792988,806,5821755,623
218139,11,3,3601450,2021,11,12,6,3,0,2,0,1,1,0,0,0,0,1,802413,1566,5829258,311
218138,11,9,9301126,2021,11,11,1,3,0,7,0,0,0,0,1,0,0,1,810844,638,5818473,954
218137,11,9,9502042,2021,11,10,4,3,1,5,0,1,1,0,0,0,0,0,811925,318,5822330,972
218136,11,1,1300733,2021,11,16,7,3,5,3,2,1,1,0,0,0,0,1,797234,849,5831333,631
218135,11,5,5200423,2021,10,3,5,3,9,1,2,0,0,0,0,0,1,0,781284,2751,5828382,481
218134,11,2,2200209,2021,10,11,2,2,5,5,0,0,1,0,1,0,0,0,797495,3695,5824014,832
218133,11,1,1100313,2021,10,7,1,3,5,3,0,0,1,0,1,0,0,0,799898,1093,5826521,573
218132,11,10,10200417,2021,11,16,4,2,5,3,2,0,1,0,1,0,0,0,811335,4715,5831855,863
218131,11,7,7300517,2021,11,17,6,3,3,6,2,1,1,0,0,0,0,0,794274,414,5822068,161