OBJECTID,LAND,BEZ,LOR_ab_2021,UJAHR,UMONAT,USTUNDE,UWOCHENTAG,UKATEGORIE,UART,UTYP1,ULICHTVERH,IstRad,IstPKW,IstFuss,IstKrad,IstGkfz,IstSonstige,USTRZUSTAND,LINREFX,LINREFY,XGCSWGS84,YGCSWGS84
218130,11,7,7400823,2021,10,8,2,3,5,3,0,0,1,0,1,0,0,1,797264,17,5820954,49
218129,11,12,12500926,2021,10,7,4,3,2,6,0,0,0,0,1,1,0,1,793473,7862,5836106,614
218128,11,6,6100103,2021,11,13,4,3,1,5,0,0,0,0,1,0,1,1,793328,7358,5821376,786
218127,11,1,1300733,2021,11,8,4,3,2,6,0,1,1,0,0,0,0,1,797274,1279,5831288,117
218126,11,4,4300624,2021,10,19,4,3,1,5,2,1,1,0,0,0,0,0,792875,3565,5826105,418
218125,11,5,5100208,2021,10,13,5,3,0,4,0,1,0,1,0,0,0,1,782033,35,5830190,332
218124,11,4,4200308,2021,10,10,6,3,0,7,0,0,1,0,1,0,0,0,790322,9122,5827586,644
218123,11,11,11401034,2021,11,9,2,3,5,2,0,1,1,0,0,0,0,0,806912,64,5827332,943
218122,11,5,5100210,2021,11,18,5,3,5,3,2,0,1,0,0,0,1,1,784171,9311,5830042,375
218121,11,3,3601141,2021,11,7,3,3,2,6,0,0,1,0,0,0,0,0,799193,9613,5831774,907
218120,11,11,11200411,2021,10,16,7,3,5,3,0,1,0,0,1,0,0,0,805464,3224,5831368,482
218119,11,2,2400623,2021,10,13,5,3,5,3,0,0,1,0,1,0,0,0,800313,1047,5827614,702
218118,11,6,6200313,2021,10,17,3,2,5,2,0,0,1,0,0,0,0,1,795152,4188,5818236,299
218117,11,10,10400940,2021,11,17,2,3,6,2,2,0,0,1,0,0,1,1,812343,1341,5823841,498
218116,11,1,1100205,2021,11,10,5,3,5,3,0,1,1,0,0,0,0,0,796943,2605,5826780,722
218115,11,3,3601450,2021,11,21,1,3,2,6,2,0,1,0,0,0,0,1,802303,7696,5829185,312
218114,11,1,1300733,2021,10,10,3,3,2,6,0,0,1,0,0,0,0,1,797337,9384,5831214,758
218113,11,3,3100101,2021,11,18,7,3,1,5,2,0,1,0,0,0,0,1,804090,6239,5842139,366
218112,11,10,10100314,2021,10,15,5,3,5,7,0,0,1,0,0,0,0,0,809017,722,5830241,23
218111,11,11,11300620,2021,10,13,6,3,2,6,0,0,1,0,0,0,0,1,803553,1429,5829753,701
218110,11,1,1300834,2021,10,16,6,3,0,7,0,0,1,0,1,0,0,1,797933,3927,5830830,264
218109,11,1,1100309,2021,10,16,6,3,6,7,0,0,0,1,0,0,1,0,798405,7529,5829042,158
218108,11,1,1401049,2021,11,14,2,3,5,2,0,0,1,0,0,0,1,0,795878,3428,5831961,321
218107,11,9,9100203,2021,11,8,6,3,5,2,0,0,1,0,0,0,0,1,804630,2502,5823363,388
218106,11,3,3400725,2021,11,8,4,3,6,4,0,0,0,1,0,0,1,1,798835,6389,5834949,976
218105,11,5,5200524,2021,10,15,6,3,2,6,0,0,1,0,0,0,0,0,780031,9834,5827701,443
218104,11,7,7601341,2021,10,11,3,3,5,2,0,0,1,0,0,0,1,0,797248,4973,5815552,985
218103,11,5,5100314,2021,10,6,4,3,5,3,1,1,1,0,0,0,0,0,785134,9827,5829611,958
218102,11,12,12200309,2021,11,9,2,3,6,4,0,0,1,1,0,0,0,1,793310,1237,5832736,2
218101,11,4,4501040,2021,10,11,3,3,0,6,0,1,0,0,0,0,1,1,792389,9785,5825404,356
218100,11,3,3601449,2021,10,12,4,3,2,6,0,1,0,0,0,0,0,0,801303,2317,5830332,944
218099,11,8,8100209,2021,11,16,7,3,5,3,2,1,1,0,0,0,0,0,801186,2094,5821807,342
218098,11,8,8100209,2021,11,16,2,3,5,3,2,1,1,0,0,0,0,1,801422,9244,5822254,935
218097,11,8,8100419,2021,11,6,3,2,5,3,1,0,1,0,0,0,0,1,802290,7134,5823886,273
218096,11,11,11200512,2021,11,15,2,3,2,6,0,0,1,0,0,0,0,0,803195,2199,5830293,935
218095,11,10,10100313,2021,10,10,7,3,5,3,0,0,1,0,0,0,0,0,807811,5772,5830770,691
218094,11,9,9200819,2021,10,10,7,2,6,4,0,0,1,1,0,0,0,0,810270,818,5820361,649
218093,11,4,4400835,2021,11,14,3,3,2,2,0,0,1,0,0,0,0,0,793340,1376,5822278,867
218092,11,12,12200414,2021,11,18,5,3,5,2,1,1,1,0,0,0,0,1,791910,1561,5831512,121
218091,11,8,8100417,2021,10,0,1,3,2,6,2,0,1,0,0,0,0,0,802363,1547,5822767,133
218090,11,7,7300619,2021,10,12,4,3,2,6,0,0,1,0,0,0,0,1,795319,726,5821655,708
218089,11,4,4500939,2021,10,4,3,3,0,2,2,0,0,0,1,1,0,0,792438,992,5824112,558
218088,11,7,7100103,2021,10,16,2,2,7,7,0,1,0,0,0,0,0,0,795839,4808,5825400,693
218087,11,12,12200515,2021,11,18,4,3,0,2,2,1,1,0,0,0,0,0,790182,169,5834504,656
218086,11,4,4300619,2021,11,18,3,3,6,4,1,0,1,1,0,0,0,0,792332,1522,5827222,257
218085,11,3,3501037,2021,10,15,4,3,5,3,0,1,1,0,0,0,0,0,803515,9444,5832271,483
218084,11,8,8401139,2021,10,13,6,3,1,1,0,0,1,0,0,0,1,1,803637,8936,5818672,758
218083,11,12,12200411,2021,11,15,6,3,2,6,0,0,1,0,0,0,0,0,792875,5789,5832145,876
218082,11,2,2500728,2021,11,13,2,3,0,6,0,1,1,0,0,0,0,0,803010,1261,5828274,61
218081,11,2,2200209,2021,11,14,4,3,3,6,0,1,1,0,0,0,0,0,797060,7696,5823992,708
218080,11,4,4501149,2021,11,9,3,3,5,2,0,1,1,0,0,0,0,0,793442,2495,5824124,351
218079,11,6,6300528,2021,10,11,7,3,5,3,0,1,1,0,0,0,0,0,789118,3811,5816916,266
218078,11,11,11300620,2021,10,8,4,3,2,6,0,0,1,0,1,0,0,0,803579,3915,5829710,823
218077,11,3,3601450,2021,10,11,2,3,1,1,0,0,1,0,0,0,0,0,801836,492,5829920,906
218076,11,12,12100204,2021,11,7,2,3,5,3,0,1,1,0,0,0,0,0,795309,6663,5833296,429
218075,11,7,7200307,2021,11,17,4,3,2,6,2,0,1,0,0,0,0,0,794941,8833,5824322,315
218074,11,8,8100521,2021,11,13,6,3,2,6,0,0,1,0,0,0,0,0,803058,1219,5822595,662
218073,11,4,4300412,2021,10,15,3,2,5,3,0,0,1,0,0,0,1,1,791667,4541,5827502,271
218072,11,2,2500832,2021,10,16,5,3,0,1,0,1,1,0,0,0,0,1,803110,1073,5826921,597
218071,11,5,5300841,2021,11,14,6,2,6,4,0,0,1,1,0,0,0,0,789724,2993,5829341,266
218070,11,10,10200629,2021,11,6,3,3,1,5,1,0,1,0,0,1,0,1,811017,4108,5828238,16
218069,11,1,1100310,2021,10,9,5,3,2,2,0,0,1,0,1,0,0,0,799045,2331,5828482,918
218068,11,1,1100205,2021,10,20,7,3,5,7,2,0,1,0,1,0,0,0,797049,1392,5826546,139
218067,11,5,5100105,2021,10,12,1,2,4,1,0,0,1,0,0,0,0,0,785030,106,5831155,111
218066,11,5,5100317,2021,10,6,6,3,2,6,1,0,1,0,1,0,0,0,786849,7816,5828186,689
218065,11,4,4501042,2021,11,15,2,3,2,2,0,0,1,0,1,0,0,0,793522,1417,5825721,807
218064,11,3,3400827,2021,11,13,5,3,5,3,0,0,1,0,0,0,0,1,799484,4246,5831946,369
218063,11,8,8100103,2021,11,10,5,3,0,5,0,0,1,0,0,0,1,1,800626,9836,5823102,933
218062,11,1,1100309,2021,10,23,1,3,5,3,2,1,0,0,0,0,0,0,798418,8708,5828959,836
218061,11,4,4200309,2021,10,13,5,3,5,3,0,0,1,0,0,0,0,0,788853,2243,5827465,699
218060,11,8,8200623,2021,10,13,3,2,2,7,0,0,1,0,0,0,0,0,802791,1725,5820807,225
218059,11,4,4300416,2021,11,19,2,3,0,2,2,1,1,0,0,0,0,1,791944,3909,5826119,425
218058,11,3,3400619,2021,11,9,5,3,5,2,0,1,1,0,0,0,0,0,795895,37,5835406,132
218057,11,3,3701660,2021,11,18,7,3,5,7,2,0,1,0,0,0,0,0,800468,765,5829081,978
218056,11,8,8401241,2021,10,7,3,2,5,3,1,1,1,0,0,0,0,1,804753,3717,5818467,71
218055,11,3,3701554,2021,10,7,4,3,2,6,0,1,0,0,0,0,0,0,799216,2572,5829264,475
218054,11,5,5100104,2021,11,17,7,3,6,2,2,0,1,1,0,0,0,1,785205,9081,5831816,467
218053,11,2,2200209,2021,11,20,1,3,6,4,2,0,1,1,0,0,0,1,797474,3837,5824569,155
218052,11,4,4300623,2021,10,19,5,3,1,5,2,1,1,0,0,0,0,0,792391,7045,5826624,419
218051,11,1,1100309,2021,10,12,6,3,5,3,0,1,1,0,0,0,0,1,798077,705,5828852,787
218050,11,8,8200623,2021,10,9,4,3,1,5,0,1,1,0,0,0,1,1,801978,5272,5820716,54
218049,11,1,1200623,2021,11,20,6,3,6,4,2,1,0,1,0,0,0,0,795605,3734,5829372,36
218048,11,7,7601236,2021,11,17,3,3,2,6,2,1,1,0,0,0,0,0,796415,44,5816593,8
218047,11,11,11501340,2021,10,15,5,3,5,2,0,1,1,0,0,0,0,0,807248,7897,5824232,722
218046,11,2,2400624,2021,10,8,6,3,5,7,0,0,1,0,0,0,0,0,801322,3579,5827685,135
218045,11,11,11300620,2021,10,10,1,3,2,6,0,0,1,0,1,0,0,0,804183,7713,5829568,281
218044,11,3,3601245,2021,10,9,6,3,5,3,0,1,1,0,0,0,0,0,800617,3466,5831413,708
218043,11,1,1300834,2021,11,11,2,2,3,6,0,0,1,0,1,0,0,0,798274,413,5830102,186
218042,11,11,11501238,2021,11,13,5,3,3,6,0,0,1,0,0,0,0,1,804890,7803,5825245,566
218041,11,3,3200206,2021,11,8,3,3,5,3,0,0,1,0,1,0,0,0,798077,8972,5834696,722
218040,11,5,5400942,2021,10,16,1,2,8,1,0,1,1,0,0,0,0,0,783937,7707,5822914,41
218039,11,1,1400938,2021,10,17,5,3,2,7,1,0,0,0,1,0,1,0,794163,6027,5830362,721
218038,11,10,10400836,2021,10,11,2,2,6,7,0,0,1,1,0,0,0,0,811559,1279,5827328,206
218037,11,9,9100304,2021,11,16,2,3,2,6,2,0,1,0,0,0,0,1,804252,4835,5821523,253
218036,11,4,4200308,2021,11,20,5,3,2,6,2,0,1,0,0,0,0,1,790332,7172,5827298,562
218035,11,1,1300733,2021,11,16,1,3,2,6,1,0,1,0,0,0,0,1,797933,5279,5831857,225
218034,11,1,1401046,2021,10,9,2,3,5,2,0,0,1,0,0,0,1,1,794726,8285,5830012,384
218033,11,6,6300632,2021,10,16,1,3,5,3,0,0,1,0,0,0,0,0,791940,4084,5817218,89
218032,11,9,9100203,2021,11,20,7,3,6,2,2,0,1,1,0,0,0,1,804094,2715,5823583,317
218031,11,7,7601341,2021,11,19,1,2,5,3,2,0,1,0,0,0,0,1,797247,4548,5815540,801
218030,11,10,10300731,2021,10,7,5,3,5,3,0,0,1,0,0,0,1,0,809058,1138,5828645,6
218029,11,3,3601450,2021,10,12,6,3,6,4,0,0,1,1,0,0,0,0,802225,618,5829352,841
218028,11,11,11300721,2021,10,7,2,3,5,3,0,0,0,0,0,1,1,0,805199,7357,5828890,886
218027,11,8,8100312,2021,10,18,6,3,2,7,1,0,1,0,0,0,1,0,801316,6396,5823977,973
218026,11,10,10100209,2021,11,9,3,3,2,7,0,0,1,0,0,0,0,1,809241,9677,5831969,14
218025,11,6,6300633,2021,11,8,4,3,0,7,0,1,0,0,0,0,0,1,792775,2687,5819176,196
218024,11,4,4501040,2021,10,12,6,3,2,7,0,0,1,0,1,0,0,0,792344,6702,5825376,109
218023,11,9,9200715,2021,10,14,3,3,5,3,0,0,1,0,0,0,0,0,808101,1796,5818953,866
218022,11,8,8100102,2021,10,6,4,3,5,7,1,0,1,1,0,0,0,0,800181,45,5823643,841
218021,11,1,1100309,2021,10,10,3,2,5,2,0,1,0,0,0,1,0,1,799055,3619,5829004,53
218020,11,4,4501045,2021,10,9,2,3,5,3,0,1,1,0,0,0,0,0,793570,843,5825235,755
218019,11,12,12200310,2021,11,16,2,3,5,2,1,1,1,0,0,0,0,0,792262,3708,5833932,26
218018,11,8,8100209,2021,10,20,3,3,2,6,2,1,1,0,0,0,0,0,801442,7896,5822270,821
218017,11,11,11200514,2021,10,16,4,3,2,2,0,0,0,0,1,0,1,0,803360,2606,5830068,24
218016,11,12,12200414,2021,11,14,1,3,3,6,0,0,1,0,0,0,0,0,791930,3797,5831483,9
218015,11,12,12100204,2021,11,7,3,3,5,3,0,0,1,0,0,0,0,1,794076,4531,5832619,157
218014,11,11,11100203,2021,11,16,7,2,0,1,2,0,0,0,1,0,0,1,806745,753,5833995,125
218013,11,5,5300735,2021,10,22,7,3,5,2,2,0,1,0,0,0,0,0,786568,4913,5830554,251
218012,11,10,10100312,2021,10,15,7,2,5,2,0,0,1,0,0,0,0,0,807670,8435,5830165,945
218011,11,4,4300415,2021,11,17,4,3,6,2,2,0,1,1,0,0,0,0,791057,7445,5826026,654
218010,11,10,10300734,2021,11,8,7,3,0,1,0,0,0,0,1,0,0,1,810264,432,5827079,28
218009,11,1,1100309,2021,10,22,1,3,6,4,2,0,1,1,0,0,0,1,798681,305,5828622,721
218008,11,4,4400728,2021,10,14,4,3,3,6,0,0,1,0,0,0,1,0,790692,1584,5822710,234
218007,11,9,9501737,2021,10,8,3,3,0,1,0,0,1,0,1,0,0,1,814249,8432,5820801,852
218006,11,9,9501737,2021,11,19,4,2,5,3,0,1,0,0,1,0,0,1,814389,9642,5820801,91
218005,11,4,4501148,2021,11,19,3,3,6,2,2,0,1,1,0,0,0,1,792840,653,5823207,393
218004,11,2,2100102,2021,10,16,5,3,5,3,0,1,1,0,0,0,0,0,798253,95,5826076,455
218003,11,8,8100102,2021,10,12,5,3,5,3,0,0,1,0,1,0,0,1,800440,5014,5823171,991
218002,11,7,7200413,2021,11,17,6,3,2,6,1,0,1,0,0,0,0,1,796584,2577,5823887,767
218001,11,5,5100315,2021,11,12,2,3,2,2,0,0,1,0,0,0,0,1,784654,1652,5829705,213
218000,11,9,9401431,2021,11,18,4,3,0,1,2,1,0,0,0,0,0,0,811749,7432,5820487,522
217999,11,3,3601142,2021,11,18,2,3,5,2,2,1,1,0,0,0,0,0,799204,493,5831108,446
217998,11,1,1200627,2021,10,9,7,3,0,1,0,0,0,0,1,0,0,0,795535,4513,5828311,943
217997,11,7,7400721,2021,10,14,4,3,2,6,0,0,1,0,0,0,1,0,797190,4799,5823108,341
217996,11,4,4200309,2021,10,8,2,3,5,3,0,0,1,0,0,0,0,0,789112,4857,5827277,363
217995,11,1,1100311,2021,10,16,1,3,4,6,0,1,0,0,0,0,1,1,799736,8387,5827702,917
217994,11,1,1100206,2021,11,2,5,3,5,3,2,0,1,0,0,0,0,0,797892,5135,5827458,585
217993,11,11,11300722,2021,11,15,7,3,5,3,1,0,1,0,1,0,0,0,803429,3776,5828623,855
217992,11,7,7400824,2021,10,21,2,3,5,2,2,0,1,0,0,0,1,0,797851,4918,5821927,723
217991,11,5,5300841,2021,10,11,5,1,6,4,0,0,0,1,0,1,0,0,789363,7155,5829302,783
217990,11,5,5200633,2021,11,12,6,3,2,7,0,0,1,0,1,0,0,0,783780,4504,5826915,792
217989,11,3,3400725,2021,11,15,4,3,5,2,0,0,1,0,0,0,0,1,800052,347,5835725,979
217988,11,3,11300617,2021,10,18,5,3,5,3,1,1,1,0,0,0,0,0,802552,2848,5829317,226
217987,11,1,1100310,2021,10,18,4,3,1,5,2,1,1,0,0,0,0,1,799027,234,5828491,454
217986,11,8,8300935,2021,10,22,7,3,2,6,2,0,1,0,0,0,0,0,802279,9903,5817821,367
217985,11,3,3601450,2021,10,8,6,3,5,2,0,1,1,0,0,0,0,0,802331,1541,5829224,742
217984,11,1,1300733,2021,11,19,2,2,2,6,2,0,1,0,1,0,0,0,797294,9706,5831270,88
217983,11,6,6200313,2021,11,17,5,3,6,4,2,0,1,1,0,0,0,1,795237,1137,5818323,18
217982,11,2,2500835,2021,11,6,3,3,0,2,1,0,1,0,1,0,0,0,802559,1699,5825951,587
217981,11,11,11100203,2021,10,10,1,3,5,2,0,0,1,0,1,0,0,0,806921,9081,5834069,989
217980,11,8,8401243,2021,10,14,5,3,5,2,0,0,1,0,1,0,0,0,805241,4801,5818114,277
217979,11,12,12500927,2021,10,14,3,3,5,2,0,1,1,0,0,0,0,1,791980,3859,5835735,241
217978,11,3,3400721,2021,10,8,3,3,0,1,0,0,0,0,1,0,0,1,798198,637,5833485,306
217977,11,5,5200629,2021,11,15,2,3,6,7,0,0,0,1,0,0,1,0,784247,4382,5828503,777
217976,11,3,3500932,2021,11,19,7,3,0,5,2,1,0,0,0,0,1,0,800958,9572,5832151,595
217975,11,4,4300620,2021,11,8,2,3,5,2,0,1,1,0,0,0,0,0,794175,708,5827073,661
217974,11,3,3300514,2021,10,11,3,3,5,3,0,0,1,0,0,0,0,1,802074,119,5836415,567
217973,11,6,6100209,2021,10,8,4,3,5,2,0,1,1,0,0,0,0,0,794613,729,5821341,165
217972,11,6,6200314,2021,11,18,7,3,1,5,2,0,1,0,0,0,0,1,795047,6008,5818123,402
217971,11,3,3601245,2021,11,14,1,3,1,5,0,1,1,0,0,0,0,0,800733,4315,5830634,538
217970,11,8,8100416,2021,11,8,3,3,0,7,0,1,1,0,0,0,0,1,801639,29,5823031,506
217969,11,12,12100101,2021,11,13,7,3,1,5,0,1,1,0,0,0,0,0,795910,7514,5832723,169
217968,11,11,11200410,2021,10,11,6,3,5,2,0,0,1,0,1,0,0,0,805119,8417,5832640,789
217967,11,2,2200210,2021,10,2,6,2,0,1,2,0,0,0,1,0,0,1,798629,3219,5825080,287
217966,11,3,3300514,2021,10,14,2,3,6,4,0,0,1,1,0,0,0,0,800852,8696,5836051,8
217965,11,3,3601346,2021,10,23,6,3,1,5,2,1,1,0,0,0,0,0,799256,6943,5830524,27
217964,11,11,11200410,2021,11,9,3,3,2,6,0,0,1,0,0,0,0,1,806153,2242,5832025,795
217963,11,10,10100316,2021,11,8,5,3,5,2,0,1,1,0,0,0,0,0,810049,5972,5831660,92
217962,11,9,9100304,2021,10,14,6,3,5,2,0,1,1,0,0,0,0,0,804749,5073,5822288,267
217961,11,4,4300623,2021,10,14,6,3,2,6,0,1,1,0,0,0,0,0,792602,105,5826098,357
217960,11,5,5100316,2021,10,16,3,2,5,2,0,1,1,0,0,0,0,0,784785,188,5828822,196
217959,11,11,11200512,2021,10,16,3,3,1,5,0,1,0,0,0,0,1,0,804625,8803,5831131,757
217958,11,1,1100310,2021,11,8,3,3,0,3,0,1,0,0,1,0,0,1,799495,558,5828789,66
217957,11,8,8100105,2021,10,21,4,3,6,4,2,0,1,1,0,0,0,0,800921,4304,5821918,317
217956,11,12,12100205,2021,10,8,4,3,2,6,0,0,1,0,0,0,0,0,794545,82,5834266,719
217955,11,4,4100102,2021,10,20,1,3,5,2,2,0,1,0,0,0,0,1,791131,4395,5829157,434
217954,11,8,8100415,2021,11,14,6,3,6,4,0,0,1,1,0,0,0,0,801404,6943,5823738,602
217953,11,10,11200515,2021,11,21,7,3,6,4,2,0,1,1,0,0,0,0,806292,1149,5830214,913
217952,11,7,7300619,2021,11,9,4,3,1,5,0,1,1,0,0,0,0,0,794671,3473,5821885,202
217951,11,11,11401137,2021,11,14,7,3,2,6,0,0,1,0,0,0,0,0,806845,8315,5826435,88
217950,11,7,7501031,2021,10,16,1,3,2,1,0,0,1,0,0,0,0,0,798792,7775,5819263,235
217949,11,10,10100104,2021,10,4,1,3,9,1,2,0,1,0,0,0,0,0,810237,1918,5833872,594
217948,11,12,12100101,2021,11,7,5,3,6,4,0,0,1,1,0,0,0,1,796688,3055,5832913,379
217947,11,1,1100414,2021,11,14,6,3,0,6,0,1,0,0,0,0,1,1,797369,494,5829284,307
217946,11,12,12100101,2021,10,19,1,3,5,2,2,0,1,0,0,0,0,0,795784,4258,5832579,25
217945,11,6,6100209,2021,10,13,4,3,0,3,0,0,1,0,1,0,0,1,794752,72,5821230,804
217944,11,4,4501149,2021,11,21,5,3,5,2,2,0,1,0,1,0,0,0,793442,481,5824145,2
217943,11,6,6400838,2021,10,12,2,3,5,2,0,1,1,0,0,0,0,0,787647,7533,5818144,944
217942,11,1,1200628,2021,10,14,6,3,2,2,0,0,1,0,0,0,0,0,795540,1861,5828196,643
217941,11,9,9501736,2021,11,7,4,3,5,3,0,0,1,0,0,0,0,1,812811,5275,5821336,77
217940,11,8,8100206,2021,11,14,5,3,6,7,0,0,0,1,0,0,1,0,800781,7711,5823816,451
217939,11,7,7100102,2021,10,7,7,3,0,7,1,0,1,0,0,0,1,0,795066,8314,5825796,31
217938,11,2,2500832,2021,10,18,3,3,6,7,0,1,0,1,0,0,0,0,803312,5703,5826752,995
217937,11,8,8100314,2021,10,15,4,3,4,6,0,0,1,0,0,0,0,0,800832,7626,5824170,238
217936,11,5,5200524,2021,10,18,2,3,2,6,1,0,1,0,0,0,0,0,779564,4668,5827837,95
217935,11,6,6100210,2021,11,14,2,3,1,5,0,0,1,0,1,0,0,0,795060,2477,5820952,306
217934,11,7,7601236,2021,10,13,4,2,6,4,0,1,0,1,0,0,0,0,796422,408,5816577,25
217933,11,3,3501037,2021,11,17,1,3,2,6,1,0,1,0,0,0,0,1,802085,9086,5832803,97
217932,11,4,4300619,2021,11,15,4,3,5,2,0,1,1,0,0,0,0,0,792974,7296,5827558,147
217931,11,9,9301025,2021,11,13,7,3,2,6,0,1,1,0,0,0,0,0,810918,1698,5815533,258
217930,11,3,3400721,2021,10,11,7,2,1,5,0,1,1,0,0,0,0,0,798314,333,5833182,48
217929,11,5,5300736,2021,10,14,7,3,4,6,0,1,0,0,0,0,0,0,786693,7021,5829273,484
217928,11,4,4500939,2021,11,19,5,3,1,5,2,1,1,0,0,0,0,1,792196,7217,5824902,42
217927,11,1,1200628,2021,11,6,6,3,0,7,1,0,1,0,0,0,1,1,796430,4008,5828610,269
217926,11,11,11300721,2021,10,13,1,3,1,5,0,1,1,0,0,0,0,0,804593,5231,5829087,984
217925,11,3,3400620,2021,10,16,4,3,5,3,0,1,1,0,0,0,0,1,796657,1219,5833995,843
217924,11,1,1100415,2021,11,11,5,3,2,2,0,0,0,0,1,1,0,0,797701,712,5829243,391
217923,11,11,11400931,2021,11,23,3,3,1,5,2,0,1,0,0,0,0,1,805713,4218,5827200,458
217922,11,8,8100415,2021,10,14,5,3,5,3,0,1,1,0,0,0,0,0,801152,6025,5823757,831
217921,11,2,2500833,2021,10,9,5,3,0,1,0,0,0,0,1,0,0,1,802077,318,5827362,27
217920,11,10,10100209,2021,10,4,2,3,5,3,2,0,1,0,0,0,0,1,809975,4982,5832063,59
217919,11,7,7300619,2021,11,10,6,3,6,4,0,0,0,1,0,0,1,0,795110,8042,5821377,992
217918,11,8,8100105,2021,11,17,1,3,2,6,2,0,1,0,0,0,0,1,801070,5302,5821996,594
217917,11,1,1401048,2021,11,13,5,3,2,6,0,0,0,0,0,0,1,1,795319,2782,5831484,193
217916,11,10,10400941,2021,11,15,2,3,5,3,0,0,1,0,0,0,1,0,812402,9075,5824593,998
217915,11,2,2100106,2021,10,15,7,3,5,3,0,0,1,0,0,0,1,0,798581,494,5825563,485
217914,11,4,4200308,2021,10,12,5,3,5,2,0,1,1,0,0,0,0,0,790348,91,5827463,153
217913,11,11,11401032,2021,10,6,2,3,5,3,2,1,1,0,0,0,0,2,806096,7321,5827685,281
217912,11,12,12601235,2021,11,6,2,3,5,2,0,1,1,0,0,0,0,0,795160,7092,5836348,63
217911,11,11,11100204,2021,11,11,5,2,5,3,0,0,1,0,0,0,1,0,806901,865,5832629,137
217910,11,2,2100102,2021,11,11,7,2,5,2,0,1,1,0,0,0,0,0,798182,9613,5826502,125
217909,11,4,4300622,2021,10,19,3,3,1,1,2,0,1,0,0,0,0,0,792866,5932,5827002,208
217908,11,1,1200623,2021,10,1,5,3,1,5,2,1,1,0,0,0,0,0,794892,9392,5829433,662
217907,11,5,5100208,2021,11,17,6,2,5,3,1,0,1,0,1,0,1,0,782543,5483,5830463,31
217906,11,2,2100104,2021,10,20,5,3,5,3,2,1,1,0,0,0,0,0,799282,1211,5826219,519
217905,11,9,9501838,2021,10,15,4,3,2,6,0,0,1,0,0,0,0,1,820773,5598,5819500,815
217904,11,5,5100101,2021,10,10,7,3,2,6,0,0,1,0,0,0,0,1,785211,1507,5832246,93
217903,11,6,6300632,2021,10,8,5,3,5,3,0,0,1,0,0,0,0,0,791940,5747,5817204,11
217902,11,2,2400623,2021,11,13,2,2,5,3,0,1,1,0,0,0,0,0,801079,69,5827141,481
217901,11,8,8200831,2021,11,16,5,3,2,6,2,0,1,0,0,0,0,1,799877,6988,5816549,57
217900,11,2,2500833,2021,11,22,4,3,1,5,2,1,1,0,0,0,0,1,802702,7378,5826977,899
217899,11,11,11100101,2021,10,13,7,2,3,6,0,0,1,0,1,0,0,0,803910,3261,5834706,165
217898,11,1,1300834,2021,10,8,5,3,2,6,0,0,1,0,0,0,0,0,797842,3871,5830435,23
217897,11,9,9300920,2021,10,14,3,2,5,3,0,0,1,0,1,0,0,0,807748,9459,5817906,375
217896,11,8,8200730,2021,11,15,3,3,5,7,0,0,1,0,0,0,1,0,802301,9997,5818950,85
217895,11,3,3601245,2021,11,10,6,3,0,7,0,1,0,0,0,0,0,1,800599,3816,5831423,605
217894,11,11,11100204,2021,11,14,2,3,6,4,0,0,0,1,0,0,1,0,805828,6754,5833616,667
217893,11,1,1100101,2021,10,9,2,3,0,1,0,1,0,0,0,0,0,0,794663,1649,5826174,52
217892,11,9,9301228,2021,10,7,4,3,8,1,0,0,1,0,0,0,0,1,816479,6106,5810436,685
217891,11,4,4501152,2021,10,18,2,3,0,1,1,0,0,0,0,0,1,0,793965,302,5824906,185
217890,11,7,7601237,2021,11,14,7,3,6,4,0,0,1,1,0,0,0,1,797535,2824,5816196,77
217889,11,1,1200520,2021,11,18,2,3,2,2,2,0,1,0,1,0,0,1,794428,2703,5829101,148
217888,11,5,5300737,2021,11,21,3,3,8,7,2,0,1,0,0,0,0,0,787973,745,5830390,236
217887,11,1,1100101,2021,11,9,6,3,2,6,0,0,1,0,0,0,1,1,795146,7513,5825900,768
217886,11,8,8401244,2021,10,18,6,2,5,2,1,0,1,0,1,0,0,0,806239,9445,5816367,211
217885,11,8,8200832,2021,10,12,1,3,5,5,0,0,1,0,1,0,0,0,801679,6102,5816731,211
217884,11,10,10300734,2021,10,12,7,3,0,7,0,0,1,0,0,0,0,0,809503,2266,5824347,596
217883,11,3,3601243,2021,11,9,3,3,4,6,0,1,1,0,0,0,0,1,799539,2555,5831519,803
217882,11,3,3400830,2021,11,12,5,3,5,3,0,1,1,0,0,0,0,0,799977,3703,5833095,37
217881,11,7,7400823,2021,10,9,7,3,5,3,0,0,1,0,0,0,1,0,796929,1926,5822277,286
217880,11,3,3501038,2021,10,22,6,3,6,4,2,0,0,1,0,0,1,0,804111,4474,5832395,136
217879,11,9,9300920,2021,10,12,3,3,0,2,0,0,1,0,1,0,0,0,807710,403,5817907,34
217878,11,1,1401046,2021,10,8,4,3,5,2,0,1,1,0,0,0,0,0,794611,7846,5829873,12