OBJECTID,LAND,BEZ,LOR_ab_2021,UJAHR,UMONAT,USTUNDE,UWOCHENTAG,UKATEGORIE,UART,UTYP1,ULICHTVERH,IstRad,IstPKW,IstFuss,IstKrad,IstGkfz,IstSonstige,USTRZUSTAND,LINREFX,LINREFY,XGCSWGS84,YGCSWGS84
217877,11,2,2500726,2021,10,19,2,3,1,5,1,1,1,0,0,0,0,1,801988,8413,5828743,744
217876,11,8,8401241,2021,11,10,3,3,5,3,0,0,1,0,1,0,0,1,804416,589,5819057,958
217875,11,1,1300834,2021,10,6,4,3,6,4,1,0,0,1,1,0,0,1,797893,1251,5830318,133
217874,11,1,1100310,2021,10,9,4,3,6,7,0,0,0,1,0,0,1,0,799127,9281,5827965,838
217873,11,5,5200527,2021,11,17,6,2,6,4,1,0,1,1,0,0,0,0,783193,482,5827508,555
217872,11,9,9200512,2021,11,10,1,2,5,2,0,0,1,0,0,0,1,1,809392,214,5821482,659
217871,11,4,4300412,2021,11,14,4,3,5,3,0,1,1,0,0,0,0,0,790687,1344,5827367,326
217870,11,11,11400927,2021,11,1,1,3,0,1,2,1,0,0,0,0,0,0,803714,735,5826363,12
217869,11,6,6200313,2021,10,15,4,2,6,4,0,0,1,1,0,0,0,0,795210,1916,5818294,215
217868,11,10,10400835,2021,10,16,2,3,5,2,0,1,1,0,0,0,0,0,811197,5968,5827915,575
217867,11,1,1200517,2021,10,19,1,3,5,3,2,0,1,0,0,0,0,0,792602,3762,5828768,165
217866,11,12,12500930,2021,11,7,4,3,1,5,0,0,1,0,0,0,1,0,793286,8662,5835127,377
217865,11,3,3601142,2021,11,9,6,3,6,4,0,0,1,1,0,0,0,1,798933,735,5831058,971
217864,11,1,1100103,2021,10,9,2,3,5,2,0,0,1,0,0,0,0,1,795176,9751,5825890,894
217863,11,1,1100308,2021,10,12,4,3,5,3,0,1,0,0,0,0,1,1,797060,2986,5828272,642
217862,11,4,4100101,2021,11,16,5,3,6,4,2,0,1,1,0,0,0,1,790684,892,5829374,643
217861,11,2,2100106,2021,11,14,4,2,0,3,0,0,1,0,1,0,0,1,799979,298,5825437,381
217860,11,8,8100314,2021,10,9,5,2,6,2,0,0,0,1,1,0,0,0,801147,2194,5823779,734
217859,11,9,9100101,2021,10,6,5,2,6,4,2,1,0,1,0,0,0,1,801987,5279,5824639,365
217858,11,1,1100102,2021,10,11,6,2,0,1,0,0,0,0,1,0,0,0,796640,5332,5826650,905
217857,11,1,1300836,2021,11,19,2,3,1,5,1,1,1,0,0,0,0,0,796501,3024,5829912,379
217856,11,4,4300518,2021,11,17,5,3,6,2,2,0,1,1,0,0,0,1,792078,7908,5828568,806
217855,11,1,1100102,2021,11,7,2,3,0,2,1,1,1,0,0,0,0,1,796971,4357,5826593,615
217854,11,11,11400931,2021,10,17,7,3,5,7,0,1,1,0,0,0,0,0,806602,8636,5827292,152
217853,11,7,7200413,2021,10,8,5,3,5,3,0,1,1,0,0,0,0,0,796273,966,5823230,42
217852,11,2,2400624,2021,10,8,3,2,0,2,0,0,1,0,1,0,0,1,801905,4019,5827397,113
217851,11,4,4501044,2021,11,17,2,3,6,7,2,0,1,1,0,0,0,1,793224,3217,5825343,546
217850,11,2,2100103,2021,11,19,5,3,0,4,2,0,0,1,1,0,0,1,798735,5515,5826189,199
217849,11,12,12400616,2021,11,10,7,3,5,3,0,0,1,0,0,0,0,1,786244,9195,5834743,86
217848,11,1,1100415,2021,10,10,3,3,6,4,0,0,1,1,0,0,0,1,798443,8846,5829148,656
217847,11,8,8100209,2021,11,13,5,3,5,3,0,1,1,0,0,0,0,0,801346,6154,5822037,425
217846,11,10,10100315,2021,10,19,5,2,6,4,2,0,0,1,0,0,1,0,809688,4767,5831497,63
217845,11,6,6200313,2021,10,18,6,3,6,2,1,0,1,1,0,0,0,1,795346,9883,5818439,782
217844,11,4,4300412,2021,10,16,6,3,2,6,0,0,1,0,0,0,0,1,791385,4258,5827474,84
217843,11,2,2300316,2021,10,20,6,3,5,2,2,1,1,0,0,0,0,0,801163,2414,5825950,953
217842,11,4,4501043,2021,11,16,3,3,0,1,0,0,0,0,1,0,0,0,792723,8027,5824462,146
217841,11,2,2300417,2021,11,18,5,3,8,1,2,0,1,0,0,0,0,1,800770,2668,5825537,291
217840,11,5,5200629,2021,11,17,4,3,5,3,2,0,1,0,1,0,0,0,783835,6516,5827884,84
217839,11,5,5100104,2021,10,18,1,3,2,7,0,1,0,0,1,0,0,0,785208,7,5831390,726
217838,11,1,1100308,2021,11,8,4,3,5,2,0,1,1,0,0,0,0,1,796666,3286,5828336,131
217837,11,1,1100308,2021,10,16,5,3,3,6,0,0,1,0,0,0,1,0,797647,3784,5828138,338
217836,11,1,1100103,2021,10,14,5,3,2,6,0,0,1,0,0,0,0,1,795269,7781,5826073,88
217835,11,1,1100310,2021,10,12,6,3,2,6,0,1,0,0,0,0,0,0,799166,906,5828900,37
217834,11,11,11200410,2021,11,9,2,3,2,6,0,0,1,0,0,0,1,1,806153,5921,5832025,994
217833,11,5,5100316,2021,11,18,5,3,5,2,2,0,1,0,0,0,1,1,784594,3565,5829195,73
217832,11,4,4500939,2021,11,10,2,3,5,3,0,1,1,0,0,0,0,0,791968,4773,5824742,156
217831,11,9,9401330,2021,10,17,7,3,0,1,0,1,0,0,0,0,0,0,811959,1306,5817504,49
217830,11,1,1200520,2021,10,11,5,3,6,4,0,0,1,1,0,0,0,0,794542,5552,5829082,36
217829,11,5,5300840,2021,10,7,2,3,5,3,0,0,1,0,1,0,0,0,789205,8802,5829280,464
217828,11,9,9100304,2021,11,10,2,2,6,4,0,0,0,1,1,0,0,0,804606,536,5822066,764
217827,11,11,11300616,2021,11,12,5,3,5,3,0,1,1,0,0,0,0,1,803210,2944,5830000,73
217826,11,9,9501940,2021,11,21,7,3,5,2,2,0,1,0,0,0,0,0,811343,6355,5821568,911
217825,11,10,10100311,2021,10,9,3,3,5,2,0,0,0,0,0,1,1,1,807602,8508,5830736,25
217824,11,4,4300622,2021,10,17,5,3,1,3,0,0,1,0,0,0,0,1,793313,5582,5827205,851
217823,11,6,6100207,2021,11,15,7,3,5,3,2,0,1,0,0,0,1,1,793674,82,5819951,416
217822,11,1,1200522,2021,10,8,6,3,1,5,0,1,0,0,0,1,0,0,794279,3044,5827681,162
217821,11,2,2100102,2021,10,18,6,3,3,2,1,0,0,0,0,0,1,1,798225,9455,5825857,96
217820,11,10,10400939,2021,10,16,6,3,5,3,0,0,1,0,0,0,1,1,813005,2802,5827344,64
217819,11,4,4501040,2021,10,17,7,3,5,3,0,0,1,0,1,0,0,0,792709,8727,5825557,501
217818,11,2,2300316,2021,11,7,3,3,5,3,0,1,1,0,0,0,0,1,801442,557,5826071,161
217817,11,11,11300620,2021,11,6,6,1,6,4,2,0,0,1,0,0,1,1,804151,818,5829835,984
217816,11,5,5100211,2021,11,16,4,3,5,2,1,0,1,0,0,0,0,0,782811,2469,5830388,9
217815,11,3,3601451,2021,10,12,1,2,6,4,0,0,0,1,1,0,0,0,801210,617,5829516,149
217814,11,3,3601346,2021,10,16,5,3,0,1,0,1,0,0,0,0,0,0,799519,2305,5830985,136
217813,11,9,9100407,2021,10,16,3,3,6,4,0,0,0,1,0,0,1,1,805948,1267,5819932,546
217812,11,8,8100104,2021,11,19,6,3,2,6,1,0,1,0,0,0,1,0,800902,8051,5822397,522
217811,11,3,3500933,2021,11,20,2,2,6,7,2,0,1,1,0,0,0,0,802648,355,5832425,655
217810,11,2,2400521,2021,10,9,3,3,2,7,0,0,1,0,0,0,1,0,800501,6779,5828471,6
217809,11,2,2200213,2021,11,20,7,3,5,2,2,0,1,1,0,0,0,1,800155,972,5825068,798
217808,11,12,12500926,2021,11,12,1,2,5,3,0,1,1,0,0,0,0,1,793303,5235,5836012,129
217807,11,1,1401048,2021,11,16,4,3,5,3,0,0,1,0,0,0,0,0,795694,1623,5831381,4
217806,11,6,6300524,2021,11,16,6,3,5,2,0,1,1,0,0,0,0,0,787514,5235,5817368,863
217805,11,8,8100314,2021,10,11,6,3,1,5,0,1,0,0,0,1,0,0,801425,5199,5823868,901
217804,11,3,3300413,2021,10,11,7,2,5,3,0,0,1,0,1,0,0,0,803041,5851,5837795,122
217803,11,4,4300416,2021,10,18,7,3,5,2,1,1,1,0,0,0,0,0,791457,1362,5826090,725
217802,11,4,4501042,2021,11,18,3,3,2,6,2,0,1,0,0,0,0,0,794337,3224,5825918,846
217801,11,10,10100311,2021,11,18,5,3,6,4,1,0,1,1,0,0,0,1,807110,995,5828090,318
217800,11,3,3601142,2021,10,12,7,3,5,3,0,0,1,0,0,0,0,0,799199,639,5831108,845
217799,11,7,7601546,2021,10,14,6,3,5,2,0,0,1,0,0,0,0,0,798560,481,5814427,227
217798,11,11,11300721,2021,10,15,3,3,2,6,0,0,1,0,0,1,0,0,806113,1418,5830141,65
217797,11,11,11200410,2021,10,4,4,2,5,2,2,0,1,0,1,0,0,0,805215,827,5832236,913
217796,11,1,1100415,2021,10,8,3,3,0,1,0,1,0,0,0,0,0,1,797389,6996,5829154,908
217795,11,2,2100105,2021,11,17,5,3,3,6,2,1,1,0,0,0,0,1,799215,8326,5825966,99
217794,11,8,8100312,2021,11,18,3,3,5,3,2,1,1,0,0,0,0,1,801264,7693,5824590,738
217793,11,5,5200527,2021,10,7,4,3,5,2,0,1,1,0,0,0,0,1,783326,9371,5827682,732
217792,11,2,2500834,2021,10,18,4,3,1,5,0,0,1,0,0,0,0,0,803047,9498,5826577,318
217791,11,8,8401242,2021,11,23,6,3,2,6,2,0,1,0,0,0,0,0,804510,9249,5816087,836
217790,11,9,9200717,2021,11,16,7,3,3,7,1,0,1,0,0,0,0,0,809414,595,5818616,934
217789,11,7,7601340,2021,11,15,4,3,5,2,0,1,0,0,0,1,0,0,796589,4753,5815862,363
217788,11,12,12100101,2021,11,21,1,3,5,3,2,0,1,0,0,0,0,0,795771,7398,5832573,63
217787,11,8,8401243,2021,10,8,7,2,5,2,0,0,1,0,0,0,0,0,805547,183,5818559,307
217786,11,2,2500728,2021,10,17,4,3,5,3,1,0,1,0,0,0,0,0,803009,402,5828269,27
217785,11,4,4300517,2021,10,5,1,3,8,1,2,0,1,0,0,0,0,0,791702,9295,5827860,322
217784,11,5,5200423,2021,10,20,1,3,2,6,2,0,1,0,0,0,0,0,781305,9141,5828390,668
217783,11,5,5200423,2021,11,15,5,3,2,2,0,0,1,0,0,0,0,0,781984,4125,5828468,758
217782,11,10,10100311,2021,11,15,6,3,5,2,0,0,1,0,0,0,0,0,806307,8311,5830190,137
217781,11,2,2200210,2021,10,18,7,3,2,2,1,0,1,0,0,0,0,0,798802,2857,5824933,833
217780,11,3,3400723,2021,10,18,5,3,6,2,2,0,1,1,0,0,0,1,798614,9592,5833053,371
217779,11,3,3400829,2021,11,18,5,2,5,2,2,1,0,0,0,0,0,0,800000,7762,5833019,303
217778,11,1,1401045,2021,11,5,3,3,2,6,2,0,1,0,0,0,0,1,797119,3137,5831888,236
217777,11,4,4300622,2021,10,14,5,3,5,2,0,1,1,0,0,0,0,0,792918,5287,5826769,271
217776,11,10,10400941,2021,10,14,5,3,5,3,0,1,1,0,0,0,0,1,812638,5849,5825271,624
217775,11,3,3100101,2021,10,15,5,3,2,6,0,1,1,0,0,0,0,0,801641,19,5842236,16
217774,11,1,1200624,2021,11,7,2,3,2,6,0,0,1,0,0,0,0,1,795648,1311,5829724,9
217773,11,7,7300517,2021,11,16,5,3,1,5,1,1,1,0,0,0,0,1,794395,9728,5822574,53
217772,11,7,7601340,2021,11,12,3,3,5,7,0,0,1,0,0,1,0,0,796530,945,5815645,759
217771,11,11,11300722,2021,10,12,2,3,5,7,0,0,1,0,0,0,1,0,803792,5958,5827708,675
217770,11,12,12500930,2021,10,8,5,3,5,2,0,0,1,0,1,0,0,0,794343,2961,5834566,475
217769,11,11,11300620,2021,10,7,3,3,6,4,0,0,1,1,0,0,0,0,803815,9661,5829074,974
217768,11,4,4200204,2021,11,16,3,3,2,7,1,0,1,0,0,0,0,0,786554,7688,5826176,584
217767,11,10,10200423,2021,11,12,5,3,5,3,0,1,1,0,0,0,0,0,813245,1958,5831083,634
217766,11,3,3400619,2021,11,16,1,3,5,3,1,0,1,0,0,0,0,1,795968,8967,5835562,709
217765,11,1,1100101,2021,10,8,2,3,6,4,0,1,0,1,0,0,0,0,795008,131,5826317,568
217764,11,2,2400521,2021,10,19,2,3,5,3,1,0,1,0,0,0,1,0,801248,9463,5827827,909
217763,11,1,2100101,2021,11,16,7,3,6,4,2,0,1,1,0,0,0,1,797046,9722,5826538,653
217762,11,6,6400843,2021,10,18,5,3,6,2,1,0,1,1,0,0,0,0,791543,5662,5819562,899
217761,11,4,4300619,2021,10,0,7,2,8,1,2,0,1,0,0,0,0,0,792647,353,5827107,493
217760,11,12,12500928,2021,10,20,6,3,0,3,2,0,1,0,1,0,0,1,792883,119,5837526,567
217759,11,1,1200629,2021,10,15,6,3,6,4,0,1,0,1,0,0,0,0,794864,252,5827696,445
217758,11,5,5100316,2021,11,15,2,3,5,2,0,0,1,0,0,0,0,1,784788,699,5828800,68
217757,11,4,4300416,2021,11,7,6,3,1,5,0,1,1,0,0,0,0,1,791856,8999,5825917,106
217756,11,9,9200510,2021,11,17,4,3,6,4,2,0,0,1,0,0,1,0,806570,4876,5822071,77
217755,11,4,4501042,2021,10,0,6,3,0,1,2,1,0,0,0,0,0,0,794444,5364,5825803,45
217754,11,11,11300721,2021,10,10,3,3,5,3,0,0,1,0,0,0,0,0,805142,2051,5829994,662
217753,11,8,8100312,2021,10,19,3,3,1,5,2,1,1,0,0,0,0,1,801329,1614,5823989,951
217752,11,12,12500929,2021,11,12,3,3,5,3,0,0,1,0,1,0,0,1,793640,4239,5837890,572
217751,11,4,4501044,2021,10,7,3,3,1,5,1,1,1,0,0,0,0,1,793136,5496,5824524,896
217750,11,1,1300732,2021,10,13,4,3,4,1,0,0,1,0,1,0,0,0,797671,5402,5831905,39
217749,11,1,1100313,2021,11,12,1,3,5,3,0,0,1,0,0,0,0,1,800066,5206,5826414,449
217748,11,7,7601236,2021,11,6,2,2,5,5,2,0,1,0,1,0,0,1,795864,8567,5816161,319
217747,11,3,3300514,2021,11,14,4,3,8,1,0,0,1,0,0,0,0,0,801463,8187,5837062,106
217746,11,5,5200629,2021,11,15,7,3,6,4,0,0,1,1,0,0,0,0,784518,6303,5828640,247
217745,11,1,1100206,2021,10,9,7,3,5,3,0,1,1,0,0,0,0,0,797677,1388,5827961,612
217744,11,12,12500926,2021,10,10,7,2,5,2,0,0,1,0,0,0,0,0,793422,8728,5836089,721
217743,11,3,3601142,2021,11,15,3,3,0,6,0,1,0,0,0,0,1,0,798254,3574,5830915,64
217742,11,10,10100315,2021,11,13,5,3,5,3,0,0,1,0,0,0,0,0,809743,15,5831427,319
217741,11,4,4100101,2021,10,20,7,3,0,7,2,1,0,0,0,0,0,0,789755,7743,5829879,799
217740,11,6,6400840,2021,10,9,4,3,1,5,0,0,1,0,0,0,0,0,789054,2755,5819700,686
217739,11,1,1100207,2021,10,8,3,2,5,3,0,0,1,0,0,0,1,1,798481,3109,5826666,178
217738,11,6,6200421,2021,11,16,4,3,5,2,2,1,1,0,0,0,0,1,793122,7448,5817655,37
217737,11,4,4100101,2021,11,20,3,2,5,2,2,0,1,0,0,0,0,1,793341,1986,5829717,341
217736,11,4,4200311,2021,10,16,4,3,3,6,0,0,1,0,0,1,0,0,790158,6475,5826066,708
217735,11,7,7400822,2021,10,14,3,3,2,6,0,0,1,0,0,0,0,0,796791,21,5821977,181
217734,11,2,2200213,2021,10,13,4,3,1,5,0,1,1,0,0,0,0,0,799859,2491,5824780,393
217733,11,7,7400720,2021,11,10,2,3,6,2,0,0,1,1,0,0,0,0,797675,3937,5823654,682
217732,11,6,6200311,2021,10,7,3,3,6,2,2,0,1,1,0,0,0,1,796471,1648,5818336,72
217731,11,12,12200412,2021,11,4,7,2,1,5,2,1,1,0,0,0,0,0,788547,4648,5832781,31
217730,11,4,4300622,2021,11,13,2,3,5,2,0,1,1,0,0,0,0,1,792918,5165,5826769,293
217729,11,8,8200832,2021,11,6,3,3,2,6,2,0,1,0,0,0,0,1,801555,2123,5817377,55
217728,11,8,8401243,2021,11,8,6,3,2,6,0,1,1,0,0,0,0,0,805605,8432,5817374,997
217727,11,8,8100102,2021,10,2,7,3,0,1,2,0,0,0,0,0,1,0,800153,3446,5823651,3
217726,11,7,7601442,2021,10,11,7,3,5,3,0,0,1,0,0,0,1,0,799067,517,5814291,839
217725,11,11,11300721,2021,11,10,3,3,0,2,0,1,1,0,0,0,0,1,805516,5431,5830038,506
217724,11,1,1100308,2021,11,18,5,3,5,7,2,0,1,0,0,0,1,1,797641,2577,5828171,7
217723,11,1,1300733,2021,10,14,7,2,6,7,0,0,0,1,0,0,1,0,797033,2326,5831564,32
217722,11,10,10200526,2021,10,15,6,3,6,2,0,0,1,1,0,0,0,0,812262,7242,5830197,414
217721,11,7,7100103,2021,10,21,3,3,0,7,2,1,0,0,0,0,0,1,796012,13,5825353,78
217720,11,9,9200717,2021,10,6,3,2,6,4,2,0,1,1,0,0,0,1,809889,944,5819261,245
217719,11,2,2300314,2021,11,19,4,3,0,6,2,0,1,0,1,0,0,1,799792,3735,5826023,636
217718,11,6,6100103,2021,11,20,3,3,0,7,2,0,0,0,0,0,1,1,793601,5524,5821408,944
217717,11,7,7601238,2021,10,11,4,2,5,2,0,0,1,0,1,0,0,0,798582,224,5816765,711
217716,11,4,4100101,2021,10,9,6,3,2,6,0,0,1,0,0,0,1,1,790476,4714,5829037,95
217715,11,3,3200207,2021,11,21,6,2,2,6,2,0,1,0,0,0,0,0,799608,8222,5836307,847
217714,11,2,2100102,2021,11,10,7,3,5,2,0,0,1,0,0,0,0,0,798221,3117,5825857,213
217713,11,12,12200309,2021,11,18,4,3,0,7,1,0,1,0,0,0,1,0,792912,2192,5832705,463
217712,11,7,7200307,2021,11,16,2,3,6,2,0,0,1,1,0,0,0,0,794956,3071,5824461,191
217711,11,3,3400826,2021,10,10,7,3,0,2,0,1,1,0,0,0,0,0,798934,5028,5832600,956
217710,11,1,1200522,2021,10,17,4,2,6,4,0,0,0,1,0,0,1,0,793977,8595,5828195,861
217709,11,6,6400838,2021,10,17,2,3,0,1,1,1,0,0,0,0,0,0,787637,6549,5818131,101
217708,11,2,2500726,2021,11,9,2,3,5,2,0,0,1,0,0,0,1,0,801768,164,5828663,693
217707,11,3,3300514,2021,11,8,4,3,5,2,0,1,0,0,0,0,1,0,802027,67,5836402,12
217706,11,11,11300617,2021,11,10,6,3,5,3,0,0,1,0,0,0,0,1,802950,2805,5829192,375
217705,11,2,2200210,2021,10,13,1,3,5,3,0,0,1,0,1,0,0,0,798622,4675,5825074,61
217704,11,7,7100102,2021,10,23,4,3,0,1,2,0,0,0,0,0,1,0,795226,9234,5825061,262
217703,11,2,2500726,2021,11,14,6,3,0,7,0,0,0,0,1,0,0,0,801879,9163,5828966,997
217702,11,1,1100102,2021,11,9,4,3,5,2,0,1,1,0,0,0,0,1,795420,8157,5827463,277
217701,11,2,2300314,2021,10,18,4,3,6,4,2,0,1,1,0,0,0,0,799629,3439,5826168,3
217700,11,10,10100104,2021,10,8,7,3,5,3,0,0,1,0,0,0,0,1,810264,8895,5833858,625
217699,11,11,11200514,2021,10,14,6,3,5,2,0,0,0,0,0,0,1,0,803342,1215,5830064,297
217698,11,11,11401032,2021,11,6,3,3,5,3,1,0,1,0,1,0,0,1,805687,834,5827464,222
217697,11,1,1300834,2021,11,19,5,2,6,2,1,0,1,1,0,0,0,1,797699,7384,5830672,223
217696,11,2,2100102,2021,11,9,4,3,5,2,0,1,1,0,0,0,0,1,798181,2266,5826512,671
217695,11,2,2200210,2021,10,5,7,2,1,5,2,1,1,0,0,0,0,0,798826,9264,5824910,895
217694,11,8,8401243,2021,10,16,5,3,6,7,0,0,1,1,0,0,0,0,805132,1922,5817982,729
217693,11,6,6200313,2021,10,9,3,3,0,2,0,1,1,0,0,0,0,1,795673,2401,5818237,823
217692,11,7,7400826,2021,10,22,2,3,5,7,2,0,0,0,1,0,1,0,796858,1479,5820177,852
217691,11,11,11100309,2021,11,16,2,3,3,6,1,1,0,0,0,0,0,1,805310,8461,5833202,858
217690,11,6,6400737,2021,11,15,6,3,9,1,0,0,1,0,0,0,0,1,784712,1106,5819832,172
217689,11,3,3200205,2021,11,5,7,3,0,6,2,0,1,0,0,0,0,0,797169,686,5835656,649
217688,11,10,10400940,2021,10,13,3,3,1,5,0,0,1,0,0,0,0,1,811932,7101,5824616,727
217687,11,1,1300834,2021,11,16,7,3,3,6,2,0,1,0,1,0,0,1,797439,4972,5831126,888
217686,11,2,2200209,2021,11,17,2,3,6,2,2,0,1,1,0,0,0,1,797108,248,5824306,19
217685,11,10,10100311,2021,10,6,5,3,5,2,0,0,1,0,0,0,0,0,807453,2498,5828733,919
217684,11,2,2400522,2021,10,7,6,3,1,5,2,1,1,0,0,0,0,0,801656,3119,5828260,97
217683,11,1,1300733,2021,10,16,2,3,6,4,0,1,0,1,0,0,0,0,797103,4106,5831715,314
217682,11,4,4501148,2021,10,14,6,3,1,5,0,0,1,0,1,0,0,0,792911,8879,5823317,8
217681,11,1,1100207,2021,11,9,4,3,3,6,0,0,0,0,1,0,1,0,798113,8543,5826923,24
217680,11,8,8100416,2021,11,17,5,3,1,5,2,0,1,0,0,0,0,1,801963,9019,5823073,637
217679,11,4,4300416,2021,10,14,6,3,2,6,0,0,1,0,0,0,0,0,791931,976,5826118,45
217678,11,7,7400824,2021,10,8,3,2,5,2,0,1,1,0,0,0,0,0,797842,741,5822041,767
217677,11,4,4501153,2021,10,23,3,3,2,6,2,0,1,0,0,0,0,0,794303,3242,5824164,105
217676,11,1,1100312,2021,10,10,2,3,1,5,0,1,0,0,0,0,1,1,799485,2207,5826632,238
217675,11,9,9301126,2021,11,16,2,2,5,3,1,0,1,0,1,0,0,0,810837,4905,5818460,646
217674,11,7,7601544,2021,10,18,4,2,0,7,1,0,1,0,0,0,0,0,799617,6185,5813175,761
217673,11,1,1100309,2021,10,2,1,3,0,1,2,1,0,0,0,0,0,0,798753,5641,5828367,619
217672,11,7,7100206,2021,11,18,7,3,2,6,2,0,1,0,1,0,0,0,796739,4054,5824806,404
217671,11,11,11200411,2021,11,11,3,3,5,3,0,0,1,0,0,0,0,1,805617,3206,5831149,146
217670,11,6,6100102,2021,11,21,2,3,5,7,2,0,1,0,1,0,0,0,793741,3216,5820565,818
217669,11,11,11300721,2021,10,0,1,1,5,2,2,0,1,0,0,0,1,0,805132,5632,5830007,835
217668,11,8,8401244,2021,10,20,7,3,2,6,2,0,1,0,0,0,0,0,804905,3276,5815668,925
217667,11,1,1401046,2021,11,11,4,3,5,2,0,0,1,0,0,1,0,0,794616,7923,5829881,698
217666,11,8,8100417,2021,11,12,7,3,2,6,0,0,1,0,1,0,0,0,801693,2712,5822575,198
217665,11,3,3601450,2021,10,4,2,3,0,1,2,0,0,0,1,0,0,1,802660,5745,5829614,259
217664,11,1,1100206,2021,10,10,4,3,1,7,0,0,1,0,1,0,0,0,797849,142,5827164,61
217663,11,1,1401049,2021,11,8,4,3,5,2,0,1,1,0,0,0,0,1,795974,2724,5831978,77
217662,11,7,7601341,2021,11,16,3,3,5,3,2,1,1,0,0,0,0,1,798082,8894,5815053,762
217661,11,7,7200307,2021,10,10,5,3,2,7,0,0,0,0,1,0,1,0,794601,4334,5824197,53
217660,11,11,11300620,2021,10,15,5,3,2,6,1,0,1,0,1,0,0,1,803575,5764,5829718,564
217659,11,7,7400823,2021,11,14,6,3,5,3,0,0,1,0,0,0,1,0,797339,9776,5821869,735
217658,11,10,10400938,2021,11,7,2,3,5,3,0,1,1,0,0,0,0,1,815201,575,5829195,13
217657,11,11,11200513,2021,11,8,4,3,6,4,0,1,0,1,0,0,0,0,804615,8399,5831082,694
217656,11,7,7601442,2021,11,13,2,3,5,3,0,0,1,0,0,0,1,0,799280,8495,5816275,292
217655,11,8,8200831,2021,10,10,7,3,2,6,0,0,1,0,0,0,0,0,799589,819,5816401,958
217654,11,7,7300517,2021,10,9,4,3,5,3,0,0,0,0,0,0,1,0,794243,1385,5822039,172
217653,11,5,5300737,2021,10,3,1,2,8,1,2,0,1,0,0,0,0,0,788028,5109,5829413,578
217652,11,9,9300920,2021,11,7,2,2,6,4,0,0,0,1,0,0,1,0,808474,7247,5816597,469
217651,11,2,2400521,2021,11,14,5,3,3,6,0,0,1,0,1,0,0,0,800602,1164,5828481,7
217650,11,8,8100415,2021,11,16,7,3,5,2,2,1,1,0,0,0,0,0,801453,94,5823631,826
217649,11,3,3601141,2021,10,11,2,3,2,2,0,1,1,0,0,0,0,1,799213,6688,5831806,169
217648,11,7,7100101,2021,10,15,5,3,1,5,0,1,1,0,0,0,0,0,794909,3075,5825060,291
217647,11,2,2200208,2021,11,17,6,3,6,7,1,1,0,1,0,0,0,0,797530,145,5824951,72
217646,11,4,4500939,2021,11,16,4,3,2,7,2,0,1,0,0,0,0,1,792426,3178,5824089,374
217645,11,4,4200310,2021,10,10,5,3,1,5,0,1,1,0,0,0,0,0,790018,1552,5826428,68
217644,11,1,1100415,2021,10,20,4,3,6,7,2,0,1,1,0,0,0,0,798316,8083,5829367,886
217643,11,1,1400942,2021,10,10,7,3,2,6,0,0,1,0,0,0,1,1,794660,2277,5830798,504
217642,11,11,11300722,2021,10,7,6,3,3,6,0,0,1,0,0,1,0,0,803915,2648,5828077,657
217641,11,7,7100102,2021,11,11,3,3,0,3,0,1,1,0,0,0,0,0,795381,8632,5824981,476
217640,11,12,12100101,2021,11,17,5,3,6,4,2,0,0,1,0,0,1,1,796652,8235,5832850,295
217639,11,9,9100407,2021,11,19,3,2,0,1,2,0,1,0,0,0,0,0,804897,3623,5821576,377
217638,11,12,12100102,2021,10,23,1,2,1,5,2,1,1,0,0,0,0,0,796570,109,5833685,567
217637,11,7,7100102,2021,10,8,5,3,6,2,0,0,1,1,0,0,0,0,795469,2197,5825556,735
217636,11,1,1100207,2021,10,14,3,3,5,3,0,1,1,0,0,0,0,0,797885,9236,5826675,655
217635,11,2,2400625,2021,10,9,6,2,2,7,0,0,1,0,0,0,1,0,800929,7924,5826872,358
217634,11,2,2100102,2021,10,8,2,3,5,2,0,1,1,0,0,0,0,0,798451,8002,5826533,729
217633,11,8,8100206,2021,11,15,6,3,5,2,0,1,1,0,0,0,0,0,800434,3059,5823706,843
217632,11,5,5300737,2021,11,20,2,3,2,6,2,0,1,0,0,0,0,1,787342,1638,5830122,106
217631,11,1,1100308,2021,11,12,5,3,1,5,0,1,1,0,0,0,0,1,797583,3425,5828529,56
217630,11,1,1100102,2021,11,22,3,2,3,2,2,0,1,0,1,0,0,0,795079,733,5827225,231
217629,11,7,7601341,2021,10,11,7,3,6,4,0,1,0,1,0,0,0,0,797845,7477,5815287,83
217628,11,7,7501031,2021,10,12,5,3,2,6,0,0,1,0,0,0,0,0,799035,9712,5819700,933
217627,11,11,11300620,2021,10,10,2,3,6,2,0,0,1,1,0,0,0,0,804247,1239,5828701,389
217626,11,8,8100104,2021,10,11,1,3,2,6,0,1,1,0,0,0,0,0,800261,2607,5822199,105
217625,11,1,1100309,2021,11,17,4,3,5,2,2,0,1,0,0,0,1,0,797642,364,5828614,616
217624,11,7,7300618,2021,11,0,7,3,1,5,2,1,1,0,0,0,0,0,794946,2157,5822532,9