OBJECTID,LAND,BEZ,LOR_ab_2021,UJAHR,UMONAT,USTUNDE,UWOCHENTAG,UKATEGORIE,UART,UTYP1,ULICHTVERH,IstRad,IstPKW,IstFuss,IstKrad,IstGkfz,IstSonstige,USTRZUSTAND,LINREFX,LINREFY,XGCSWGS84,YGCSWGS84
217623,11,1,1100205,2021,10,8,2,3,1,5,0,1,0,0,0,0,1,1,797047,484,5826540,421
217622,11,3,3601453,2021,10,11,5,3,5,2,0,0,1,0,0,0,1,1,802555,5106,5828615,661
217621,11,3,3100103,2021,10,4,4,3,0,1,2,0,0,0,1,0,0,1,804357,873,5840432,503
217620,11,2,2100106,2021,11,18,5,3,2,6,2,0,1,0,0,0,0,0,799852,8123,5825696,906
217619,11,10,10300734,2021,11,1,3,3,9,1,2,0,1,0,0,0,0,0,809578,5766,5825251,4
217618,11,10,10100311,2021,10,13,5,3,5,2,0,1,1,0,0,0,0,0,806821,4281,5830312,467
217617,11,3,3501038,2021,10,14,6,3,5,2,0,0,0,0,0,1,1,1,803613,1319,5832012,588
217616,11,12,12500926,2021,10,8,6,3,0,4,0,0,0,1,1,0,0,0,793612,7823,5836128,98
217615,11,1,1100102,2021,11,6,3,3,2,6,1,0,1,0,0,0,0,0,795191,8738,5827240,137
217614,11,2,2300419,2021,11,18,5,3,1,5,2,1,1,0,0,0,0,1,801714,7,5825847,935
217613,11,3,3601141,2021,11,18,3,3,2,6,2,0,1,0,0,0,0,0,798803,1957,5831788,89
217612,11,11,11400929,2021,10,17,1,2,5,2,0,1,0,0,1,0,0,0,804577,6529,5826365,802
217611,11,3,3601142,2021,10,8,5,3,5,3,0,1,1,0,0,0,0,0,799178,636,5831224,174
217610,11,2,2400521,2021,10,18,2,3,1,5,2,1,1,0,0,0,0,0,801080,5599,5828002,557
217609,11,4,4501042,2021,10,19,2,3,5,2,1,0,1,0,1,0,0,0,793933,9043,5826060,96
217608,11,5,5200528,2021,11,18,2,3,5,2,2,1,1,0,0,0,0,1,783922,8123,5826614,916
217607,11,3,3601450,2021,11,9,5,3,6,2,0,0,1,1,0,0,0,0,802189,9931,5829405,43
217606,11,1,1100415,2021,11,21,1,2,0,1,2,1,0,0,0,0,0,1,798300,997,5829371,235
217605,11,6,6100209,2021,10,19,3,3,0,7,2,0,1,0,1,0,0,1,794340,4713,5821633,18
217604,11,8,8100520,2021,10,18,2,3,6,2,2,0,1,1,0,0,0,0,803194,34,5822726,506
217603,11,1,1300733,2021,11,18,7,3,6,4,2,0,0,1,1,0,0,1,797115,9217,5831791,73
217602,11,4,4300621,2021,11,14,2,3,6,7,0,0,1,1,0,0,0,0,792158,5611,5827225,533
217601,11,7,4501153,2021,11,15,2,3,0,1,1,1,0,0,0,0,0,1,793902,9657,5822964,88
217600,11,10,10200630,2021,10,7,6,3,5,2,0,1,1,0,0,0,0,0,811561,6,5828996,93
217599,11,1,1100312,2021,10,12,6,3,5,3,0,0,1,0,1,0,0,0,799684,7945,5827210,79
217598,11,5,5200528,2021,10,23,6,2,0,6,2,0,1,0,0,0,0,0,783659,2617,5825416,451
217597,11,5,5100104,2021,11,7,4,2,5,2,0,0,1,0,1,0,0,0,785842,9887,5831731,15
217596,11,1,1100308,2021,11,8,5,3,2,6,0,1,1,0,0,0,0,0,797031,8573,5828963,166
217595,11,3,3400721,2021,10,1,7,2,0,1,2,0,0,0,0,0,1,0,797891,5783,5833071,64
217594,11,5,5100313,2021,10,1,2,2,1,7,2,0,1,0,0,0,1,1,785222,7195,5830952,369
217593,11,2,2100102,2021,10,18,3,3,0,1,2,0,0,0,1,0,0,1,798095,4588,5825498,857
217592,11,7,7501029,2021,10,14,2,3,2,6,0,0,0,0,1,0,1,0,797411,7998,5818684,226
217591,11,8,8200624,2021,11,20,3,2,5,3,2,0,1,0,0,0,0,1,801182,5908,5820607,225
217590,11,1,1400939,2021,10,21,4,3,5,3,2,0,1,0,0,0,1,0,794235,2325,5831837,308
217589,11,7,7501030,2021,10,18,4,3,2,6,2,0,1,0,0,0,0,0,797857,9301,5820148,969
217588,11,7,7501031,2021,11,16,1,3,2,2,2,0,1,0,0,0,0,1,798376,6832,5819792,42
217587,11,4,4400728,2021,11,16,4,3,5,2,1,1,1,0,0,0,0,0,789646,15,5823293,614
217586,11,12,12601235,2021,11,16,7,3,5,2,2,0,1,0,0,0,0,0,795279,246,5836365,42
217585,11,7,7400826,2021,10,13,1,3,5,3,0,0,1,0,1,0,0,0,796169,86,5820559,844
217584,11,2,2200210,2021,10,20,7,3,5,3,2,0,1,0,0,0,0,0,798902,795,5825248,94
217583,11,1,1401048,2021,11,18,5,3,4,6,1,1,0,0,0,0,1,1,795359,253,5831474,906
217582,11,7,7300619,2021,11,15,6,3,5,3,0,0,1,0,0,0,0,0,795302,4044,5821653,823
217581,11,11,11400929,2021,10,7,2,3,6,4,0,1,0,1,0,0,0,1,805002,2219,5826582,484
217580,11,6,6300528,2021,10,14,4,3,2,6,0,0,1,0,0,0,0,0,790081,432,5815799,589
217579,11,7,7300517,2021,11,14,5,3,0,7,0,0,1,0,0,0,0,0,794227,6931,5822043,216
217578,11,4,4501044,2021,11,8,4,3,5,2,0,1,1,0,0,0,0,1,793207,1286,5824549,12
217577,11,6,6300525,2021,10,16,5,3,5,3,0,0,1,0,0,0,0,0,790244,9159,5814894,175
217576,11,2,2400521,2021,10,17,5,3,5,2,0,1,1,0,0,0,0,1,801247,6344,5827817,247
217575,11,2,2500836,2021,10,15,6,2,0,7,0,1,0,0,0,0,0,0,803155,4037,5825742,64
217574,11,10,10400835,2021,11,11,1,3,8,1,0,0,1,0,0,0,0,1,812035,6468,5829714,196
217573,11,1,1100310,2021,11,16,5,3,3,6,2,0,0,0,1,0,1,1,799570,9657,5828237,159
217572,11,12,12601235,2021,11,18,3,3,2,2,1,0,1,0,0,0,0,0,795448,6174,5836390,603
217571,11,5,5100317,2021,10,17,7,3,5,2,0,1,1,0,0,0,0,0,788108,4916,5827861,977
217570,11,2,2400520,2021,10,11,5,3,5,3,0,1,1,0,0,0,0,0,800158,7737,5828921,196
217569,11,2,2200208,2021,10,6,2,3,5,2,1,1,0,0,0,0,1,0,797942,73,5825259,243
217568,11,7,9100306,2021,11,10,2,3,2,6,0,0,1,0,0,0,0,0,802844,5517,5821408,299
217567,11,9,9100407,2021,11,12,5,3,6,3,0,0,1,1,0,0,0,0,806202,3708,5820381,725
217566,11,1,1100103,2021,11,23,7,3,5,7,2,0,1,0,1,0,0,0,795943,3363,5825629,806
217565,11,6,6300634,2021,10,16,2,2,6,4,0,0,1,1,0,0,0,0,792088,6255,5818851,757
217564,11,11,11401135,2021,10,15,3,3,5,3,0,1,1,0,0,0,0,1,805525,1333,5825983,6
217563,11,1,1100310,2021,10,13,5,3,3,6,0,0,0,0,1,0,1,1,799535,5773,5828192,711
217562,11,8,8100311,2021,11,14,6,2,0,6,0,0,1,0,0,0,1,0,800531,8852,5824457,65
217561,11,5,5300737,2021,10,19,5,2,0,3,0,0,1,0,1,0,0,0,786959,4961,5829439,545
217560,11,10,10200629,2021,10,15,6,3,5,3,0,1,1,0,0,0,0,1,810492,8158,5827963,165
217559,11,4,4100101,2021,10,17,7,3,5,2,0,0,1,0,0,0,0,0,793341,4394,5829716,114
217558,11,1,1100102,2021,10,14,6,3,5,3,0,1,1,0,0,0,0,0,796701,2086,5827974,224
217557,11,10,10100205,2021,11,14,3,3,0,7,0,0,0,0,1,1,0,1,807651,9997,5830816,496
217556,11,1,1401045,2021,11,7,6,3,2,6,0,0,1,0,0,0,1,1,797029,9404,5831894,572
217555,11,12,12500928,2021,11,7,5,3,6,4,0,0,1,1,0,0,0,1,792033,7511,5837425,11
217554,11,6,6300632,2021,10,10,1,3,5,3,0,1,1,0,0,0,0,0,791635,762,5816259,787
217553,11,1,1100103,2021,10,10,5,3,2,6,0,0,1,0,1,0,0,0,795264,2174,5826017,545
217552,11,1,1200628,2021,10,0,2,3,5,3,2,0,1,0,0,0,1,0,796149,2022,5828343,7
217551,11,7,7200409,2021,10,9,3,3,1,5,0,0,1,0,0,0,1,1,795832,9298,5824515,496
217550,11,8,8200832,2021,11,17,2,3,5,2,2,0,1,0,0,0,0,1,800307,955,5816744,853
217549,11,8,8100102,2021,11,12,7,3,3,6,0,0,1,0,1,0,0,0,800028,224,5823616,12
217548,11,11,11401136,2021,11,21,2,3,1,5,2,0,1,0,0,0,1,0,805921,5165,5826022,53
217547,11,3,3601243,2021,10,14,3,3,5,3,0,0,1,0,0,0,0,1,799519,4013,5831529,211
217546,11,6,6100101,2021,11,16,7,3,5,3,2,0,1,0,0,0,0,1,793396,9205,5820360,753
217545,11,12,12100101,2021,11,0,2,3,3,6,2,0,1,0,0,0,1,1,795788,202,5832580,62
217544,11,11,11300721,2021,11,7,3,2,6,4,0,0,1,1,0,0,0,1,804944,6282,5829955,82
217543,11,2,2500833,2021,11,2,7,3,5,3,2,0,1,0,1,0,0,0,802520,771,5827279,593
217542,11,4,4300414,2021,10,16,6,3,3,6,0,1,1,0,0,0,1,0,791170,3719,5826589,824
217541,11,5,5100104,2021,10,15,1,2,0,7,0,1,0,0,0,0,0,0,785629,4534,5831545,508
217540,11,2,2500833,2021,10,2,1,3,0,1,2,0,0,0,0,0,1,0,802233,3761,5827122,103
217539,11,11,11100205,2021,11,17,3,3,5,3,2,1,1,0,0,0,0,0,805804,5133,5833786,76
217538,11,1,1300732,2021,11,16,5,3,2,4,2,0,1,1,1,0,0,1,797778,8208,5832025,8
217537,11,1,1400940,2021,10,12,7,3,0,7,0,0,0,0,1,0,0,0,795279,6849,5832284,69
217536,11,3,3400831,2021,10,11,6,3,2,6,0,1,1,0,0,0,0,0,799092,2746,5833226,493
217535,11,9,9501939,2021,10,6,3,2,6,2,2,0,1,1,0,0,0,0,810999,7098,5821744,103
217534,11,9,9200613,2021,10,11,4,2,5,3,0,0,1,0,0,0,0,0,805913,493,5821828,24
217533,11,1,1200520,2021,10,16,2,3,5,2,0,1,0,0,0,0,1,0,794584,3055,5828544,52
217532,11,3,3300516,2021,11,12,3,3,5,3,0,0,1,0,0,0,0,1,800939,9932,5833548,48
217531,11,4,4501045,2021,10,8,4,3,1,5,0,1,1,0,0,0,0,1,793583,2653,5825239,103
217530,11,7,7300517,2021,10,9,4,2,5,3,0,1,1,0,0,0,0,0,794211,1016,5822738,666
217529,11,2,2300418,2021,11,17,6,3,0,6,1,1,1,0,0,0,0,0,800969,1198,5825491,657
217528,11,6,6200317,2021,11,10,1,2,0,3,0,1,1,0,0,0,0,1,796016,9684,5816658,409
217527,11,1,1200517,2021,11,8,4,3,2,2,0,1,1,0,0,0,0,0,793528,701,5828172,277
217526,11,1,1400940,2021,11,17,7,2,6,4,1,0,1,1,0,0,0,0,795166,4813,5832148,897
217525,11,9,9100101,2021,11,15,3,3,3,6,0,1,1,0,0,0,0,0,802329,2035,5824729,129
217524,11,1,1401045,2021,11,3,7,3,2,6,2,0,1,0,0,0,0,0,796626,393,5831742,888
217523,11,8,8100419,2021,11,20,1,2,5,3,2,0,1,0,1,0,0,1,802276,9271,5823896,553
217522,11,1,1300835,2021,10,15,3,3,5,2,0,1,1,0,0,0,0,0,797542,482,5829416,146
217521,11,1,1100313,2021,10,20,2,3,5,2,2,1,1,0,0,0,0,0,800081,8818,5826457,271
217520,11,7,7100205,2021,11,18,7,3,5,2,2,1,1,0,0,0,0,1,796419,83,5824874,48
217519,11,4,4501042,2021,11,9,2,3,3,6,0,1,1,0,0,0,0,1,793523,8806,5825788,119
217518,11,7,7400823,2021,11,19,3,3,5,2,2,1,1,0,0,0,0,0,797315,413,5822178,133
217517,11,12,12500930,2021,11,10,6,3,2,6,0,0,1,0,0,0,0,1,793377,3939,5835176,886
217516,11,4,4501043,2021,10,14,6,3,3,6,0,1,1,0,0,0,0,0,792679,652,5825314,686
217515,11,11,11300721,2021,10,15,6,3,2,6,0,0,1,0,0,0,0,1,804484,582,5829889,528
217514,11,3,3601141,2021,10,19,6,3,2,7,2,0,1,0,0,0,0,0,798853,3246,5831816,941
217513,11,3,3500936,2021,11,15,4,3,6,4,0,0,1,1,0,0,0,0,802705,3762,5831819,485
217512,11,1,1100310,2021,11,11,5,3,2,6,0,0,1,0,0,0,0,0,799278,8488,5828514,269
217511,11,11,11401136,2021,10,16,6,3,5,3,0,1,1,0,0,0,0,0,805668,8371,5825959,544
217510,11,12,12100103,2021,10,16,6,3,5,3,0,1,1,0,0,0,0,0,795601,1007,5833255,665
217509,11,8,8401243,2021,10,19,3,3,2,2,2,0,1,0,0,0,0,0,805546,2863,5818550,314
217508,11,9,9200715,2021,10,18,3,3,2,6,2,0,1,0,1,0,0,1,808768,1166,5819044,377
217507,11,5,5200423,2021,11,7,3,3,6,4,0,0,1,1,0,0,0,1,782092,2608,5828083,528
217506,11,2,2200208,2021,10,22,4,3,2,6,2,1,1,0,0,0,0,0,797535,1286,5824986,801
217505,11,2,2500833,2021,10,23,4,3,5,3,2,0,1,0,0,0,1,0,802036,5928,5827168,11
217504,11,6,6100205,2021,11,11,7,3,6,4,0,0,1,1,0,0,0,0,794983,5146,5820025,88
217503,11,1,1300733,2021,11,9,1,3,0,6,0,0,1,0,1,0,0,1,797384,1716,5831191,815
217502,11,1,1401046,2021,11,7,4,3,5,7,0,0,1,0,1,0,0,0,794628,5084,5829879,802
217501,11,9,9100407,2021,11,23,7,3,9,1,2,0,1,0,0,0,0,0,806391,8222,5821054,859
217500,11,12,12500929,2021,10,18,7,3,1,5,2,0,1,0,0,0,1,0,794556,8116,5838557,852
217499,11,2,2100104,2021,10,0,7,3,2,6,2,0,1,0,0,0,0,0,799261,8834,5826226,906
217498,11,4,4300517,2021,11,18,5,3,3,6,1,0,0,0,1,0,1,0,791424,6598,5828602,153
217497,11,11,11300721,2021,11,20,5,2,2,6,2,0,1,0,1,0,1,1,804564,5288,5829902,497
217496,11,8,8100207,2021,10,18,7,3,0,3,1,0,0,0,1,0,1,0,800857,1332,5823454,302
217495,11,5,5100316,2021,10,13,4,3,0,6,0,0,0,0,0,0,1,0,784814,5231,5828981,356
217494,11,1,1100310,2021,11,22,5,3,1,5,2,0,1,0,0,0,1,0,798943,8287,5827809,397
217493,11,10,10400835,2021,11,15,3,3,5,3,0,0,1,0,0,0,0,1,811906,8705,5829738,712
217492,11,6,6200421,2021,10,17,5,3,2,6,0,0,1,0,0,0,0,0,793344,9218,5817703,876
217491,11,5,5200629,2021,10,15,5,3,5,3,0,1,1,0,0,0,0,1,784451,491,5828665,447
217490,11,11,11100101,2021,10,7,6,3,5,3,0,0,1,0,0,0,0,0,806094,9247,5834574,408
217489,11,7,7501133,2021,11,6,2,3,5,2,2,0,1,0,0,0,1,1,798365,9447,5818414,757
217488,11,12,12400720,2021,11,16,5,2,5,3,2,1,1,0,0,0,0,1,789641,7935,5839723,212
217487,11,7,7400721,2021,11,12,3,3,3,6,0,0,1,0,1,0,0,0,798266,6729,5823970,523
217486,11,9,9100306,2021,10,7,6,3,6,7,1,0,0,1,0,0,1,0,804294,2863,5820116,452
217485,11,10,10100311,2021,10,11,5,3,2,1,0,0,1,0,0,0,0,0,806488,3372,5829477,297
217484,11,8,8100314,2021,10,18,2,3,5,2,2,0,0,0,1,0,0,0,800354,4046,5824333,67
217483,11,5,5100315,2021,10,15,1,3,2,6,0,0,1,0,0,0,1,0,784333,593,5830127,742
217482,11,1,1300733,2021,11,1,5,3,5,2,2,0,1,0,0,0,0,0,797170,1409,5831905,71
217481,11,1,1100416,2021,11,13,1,3,5,3,0,0,1,0,0,0,0,1,798931,1762,5829608,377
217480,11,4,4501042,2021,10,17,2,2,5,2,0,1,1,0,0,0,0,0,793968,9948,5826164,308
217479,11,6,6200311,2021,10,17,3,3,2,6,0,0,1,0,0,0,0,1,796602,1964,5818373,827
217478,11,1,1100102,2021,11,18,5,3,2,6,2,0,1,0,1,0,0,0,795237,9283,5826689,143
217477,11,4,4100101,2021,10,8,5,3,5,2,0,1,1,0,0,0,0,0,793355,7609,5829670,942
217476,11,10,10100312,2021,10,16,6,2,5,3,0,0,1,0,0,0,0,1,807841,2039,5829077,774
217475,11,1,1100101,2021,10,10,7,3,5,3,0,0,1,0,0,0,1,0,795324,7405,5826262,234
217474,11,1,1100308,2021,10,15,6,3,0,2,0,1,1,0,0,0,0,0,797013,7313,5828942,383
217473,11,6,6400737,2021,11,19,2,3,5,2,2,0,0,0,0,1,1,1,784819,1199,5815922,887
217472,11,10,10400837,2021,11,16,5,3,2,2,1,1,1,0,0,0,0,1,810306,174,5826003,977
217471,11,9,9301025,2021,11,10,4,3,6,7,0,0,1,1,0,0,0,0,811296,4728,5816172,77
217470,11,4,4501043,2021,10,2,1,3,1,5,2,0,1,0,0,0,1,0,792470,3158,5825282,621
217469,11,1,1200520,2021,10,8,2,2,0,1,0,1,0,0,0,0,0,1,794543,6998,5829042,897
217468,11,7,7400927,2021,10,3,4,3,5,3,2,1,1,0,0,0,0,0,798476,5658,5821909,468
217467,11,10,10200421,2021,11,11,6,3,5,2,0,0,1,0,0,0,0,1,812195,2044,5830919,408
217466,11,5,5100101,2021,11,12,2,3,6,7,0,0,0,1,0,0,1,1,785331,2205,5832501,649
217465,11,11,11100203,2021,10,23,3,2,9,7,2,0,1,0,0,0,0,1,807728,3831,5833693,874
217464,11,4,4200311,2021,11,19,7,2,6,4,2,0,1,1,0,0,0,1,789925,1236,5825062,24
217463,11,1,1300733,2021,11,19,1,3,5,2,1,1,1,0,0,0,0,1,797164,2442,5831923,911
217462,11,11,11501341,2021,11,15,4,2,0,1,0,1,0,0,0,0,0,0,806358,3083,5824417,427
217461,11,7,7100103,2021,11,14,6,3,6,7,0,1,0,1,0,0,0,0,795662,5829,5824973,103
217460,11,8,8301036,2021,10,16,6,3,0,5,0,0,1,0,0,0,1,0,803562,7757,5817816,557
217459,11,4,4300623,2021,10,14,7,2,0,1,0,1,0,0,0,0,0,0,792649,47,5826097,44
217458,11,9,9300922,2021,10,21,7,3,5,3,2,0,1,0,0,0,0,0,808176,3678,5815758,559
217457,11,2,2200208,2021,11,20,3,3,5,3,2,1,0,0,0,0,1,0,797831,7117,5824902,564
217456,11,9,9200511,2021,11,19,5,3,6,2,2,0,1,1,0,0,0,1,806623,6038,5822055,382
217455,11,8,8100104,2021,10,13,7,3,2,6,0,1,1,0,0,0,0,0,800823,2679,5822596,951
217454,11,4,4300415,2021,10,15,6,2,4,2,0,1,1,0,0,0,0,0,790787,1613,5826106,985
217453,11,6,6200313,2021,10,14,4,3,2,6,0,0,1,0,0,0,0,0,795383,3709,5818429,33
217452,11,9,9401329,2021,10,12,3,2,3,6,0,1,0,0,0,0,1,0,813703,807,5818872,649
217451,11,5,5100313,2021,11,17,4,3,2,6,2,0,1,0,0,1,0,0,785349,3009,5830145,67
217450,11,5,5100104,2021,11,15,3,3,5,2,1,0,1,0,1,0,0,1,785204,3796,5831256,454
217449,11,10,10400939,2021,10,12,4,3,5,3,0,0,1,0,0,0,0,0,812270,9006,5827750,853
217448,11,9,9501736,2021,10,18,4,2,5,3,1,1,1,0,0,0,0,0,812506,469,5821294,466
217447,11,8,8100311,2021,11,20,6,3,1,5,2,1,1,0,0,0,0,1,800551,9008,5824572,15
217446,11,1,1100206,2021,11,3,7,2,0,7,2,0,1,0,0,0,0,0,797527,3616,5827550,12
217445,11,3,3300514,2021,11,15,4,3,1,5,0,1,0,0,0,0,1,1,801610,8423,5836203,854
217444,11,12,12200308,2021,11,17,1,3,5,3,2,0,1,0,0,0,0,0,792576,291,5833283,27
217443,11,9,9100408,2021,10,9,7,2,0,3,0,1,0,0,0,0,1,0,806625,7374,5820410,953
217442,11,8,8401241,2021,10,12,5,3,2,6,0,0,1,0,0,0,0,0,804039,4188,5819189,79
217441,11,5,5100312,2021,10,15,2,3,5,2,0,0,1,0,0,0,1,0,784605,3116,5830949,821
217440,11,4,4200206,2021,10,15,1,3,0,6,0,1,1,0,0,0,0,0,785811,5614,5825560,539
217439,11,10,10100315,2021,11,9,5,3,5,3,0,1,1,0,0,0,0,0,809921,5604,5831425,786
217438,11,2,2100104,2021,11,13,6,3,2,6,0,0,1,0,0,0,0,1,799063,2577,5826452,391
217437,11,7,7501029,2021,10,15,1,2,5,2,0,0,1,0,1,0,0,0,797567,4749,5819724,343
217436,11,8,8100102,2021,10,17,5,3,0,4,0,1,0,1,0,0,0,1,800481,8592,5823566,988
217435,11,4,4200308,2021,11,15,5,2,5,7,0,0,1,0,0,0,0,0,790302,3738,5827712,922
217434,11,6,6400842,2021,11,8,4,3,5,3,0,0,1,0,0,0,1,0,789616,7247,5819794,879
217433,11,11,11300721,2021,10,9,5,3,2,6,0,0,1,0,0,0,0,0,804164,6,5829854,544
217432,11,12,12500926,2021,10,14,5,3,5,3,0,0,1,0,1,0,0,1,793432,49,5836093,955
217431,11,1,1200517,2021,10,10,6,3,5,3,0,1,1,0,0,0,0,0,793522,9213,5829121,3
217430,11,11,11501341,2021,11,3,2,2,0,1,2,0,0,0,1,0,0,1,807230,8513,5824132,37
217429,11,6,6400737,2021,11,14,5,3,5,3,0,0,1,0,0,0,0,1,786980,967,5817343,545
217428,11,1,1100207,2021,11,9,3,3,0,6,0,1,1,0,0,0,0,0,798887,7606,5826816,385
217427,11,10,10400837,2021,10,12,1,3,5,3,0,1,1,0,0,0,0,0,810625,4379,5825649,902
217426,11,9,9100306,2021,10,7,5,2,5,3,0,0,1,0,0,0,0,0,803092,139,5820939,82
217425,11,4,4200309,2021,10,15,3,3,5,2,0,0,1,0,1,0,0,0,789001,2995,5826835,346
217424,11,8,8200832,2021,11,15,3,2,5,2,0,0,1,0,0,0,0,0,800308,5856,5816747,852
217423,11,5,5200631,2021,11,13,5,3,6,7,0,0,0,1,0,0,1,1,784923,1964,5827541,283
217422,11,1,1100313,2021,11,16,1,3,5,3,1,1,1,0,0,0,0,1,799894,6463,5826511,669
217421,11,1,1100206,2021,10,22,2,3,0,4,2,0,0,1,0,0,1,0,797685,2449,5827905,76
217420,11,7,7100205,2021,10,10,5,3,5,3,0,1,1,0,0,0,0,0,796286,2593,5825323,78
217419,11,10,10200524,2021,10,11,2,1,6,7,0,0,0,1,0,0,1,0,812421,9804,5830373,551
217418,11,4,4500937,2021,11,8,2,2,5,2,0,0,1,0,0,0,0,0,790959,8834,5824829,839
217417,11,1,1300836,2021,11,17,4,3,1,5,1,1,1,0,0,0,0,0,796521,8269,5829892,919
217416,11,12,12200412,2021,11,8,6,3,0,1,0,0,0,0,1,0,0,1,789269,644,5833658,856
217415,11,12,12400723,2021,10,17,2,3,5,3,0,1,1,0,0,0,0,1,791424,861,5838766,246
217414,11,11,11501340,2021,10,7,4,3,5,2,0,1,1,0,0,0,0,0,807321,4363,5824797,328
217413,11,12,12500824,2021,11,13,4,3,6,4,0,0,0,1,1,0,0,1,791394,5991,5835538,379
217412,11,1,1100312,2021,11,17,3,3,5,2,2,1,1,0,0,0,0,1,799212,9045,5826986,872
217411,11,1,1200627,2021,10,21,4,2,0,1,2,0,0,0,0,0,1,0,795642,8211,5828488,41
217410,11,5,5100208,2021,10,5,5,3,2,6,2,0,1,0,0,0,0,1,781165,3738,5830801,745
217409,11,1,1200628,2021,10,15,6,3,0,2,0,0,1,0,0,0,1,0,796254,54,5828498,282
217408,11,4,4200308,2021,11,8,2,3,0,1,0,0,0,0,1,0,0,1,790223,393,5828155,924
217407,11,12,12601236,2021,11,18,5,3,6,2,2,0,1,1,0,0,0,1,794411,2819,5836222,837
217406,11,11,11300722,2021,11,17,2,3,1,5,2,1,1,0,0,0,0,0,803980,6651,5828400,4
217405,11,10,10100205,2021,10,9,6,3,0,2,0,1,1,0,0,0,0,0,807609,3662,5832375,49
217404,11,9,9300920,2021,10,9,5,3,5,3,0,1,0,0,0,1,0,0,807565,9618,5815411,138
217403,11,3,3200308,2021,10,22,2,3,5,3,2,1,1,0,0,0,0,0,799064,1495,5837540,484
217402,11,5,5300736,2021,11,14,2,3,5,2,0,1,1,0,0,0,0,1,786104,2451,5829154,47
217401,11,2,2500833,2021,11,22,6,3,5,3,2,0,1,0,0,0,0,0,802847,5366,5826942,46
217400,11,4,4300624,2021,11,23,7,3,0,5,2,0,1,0,0,0,1,0,792810,349,5826091,964
217399,11,7,7400720,2021,10,4,3,3,1,7,2,0,1,0,0,0,0,0,796662,3631,5823539,967
217398,11,10,10200421,2021,10,8,4,3,3,6,0,0,1,0,0,1,0,0,812216,5672,5830895,141
217397,11,11,11300722,2021,10,15,1,3,5,2,0,0,1,0,0,0,0,0,804248,7531,5828690,781
217396,11,7,7601339,2021,11,11,6,3,1,5,0,0,1,0,0,0,0,0,795612,9446,5816073,925
217395,11,5,5100314,2021,10,15,5,3,6,4,0,0,1,1,0,0,0,0,785187,3616,5829672,823
217394,11,8,8200833,2021,10,15,6,2,5,3,0,1,1,0,0,0,0,1,802523,8982,5816823,147
217393,11,8,8200726,2021,10,14,6,3,5,3,0,0,1,0,0,0,0,1,801266,31,5819825,29
217392,11,9,9200510,2021,10,15,6,3,0,1,0,1,0,0,0,0,0,0,805654,1836,5824202,802
217391,11,4,4500938,2021,11,16,2,3,0,4,0,1,0,1,0,0,0,0,791839,1752,5824923,85
217390,11,9,9100407,2021,11,9,5,2,0,7,0,0,0,0,0,0,1,0,806385,6512,5821047,171
217389,11,2,2100104,2021,11,10,5,3,5,2,0,1,1,0,0,0,0,1,799293,1206,5826222,582
217388,11,12,12200309,2021,10,14,1,2,5,3,0,1,1,0,0,0,0,0,793232,5482,5832405,46
217387,11,9,9100306,2021,10,18,3,3,2,2,2,0,1,0,0,0,0,0,804496,4049,5819983,815
217386,11,1,1100102,2021,10,11,4,3,5,5,0,1,1,0,0,0,0,0,796341,8805,5826794,59
217385,11,7,7601238,2021,11,14,2,3,6,2,0,0,1,1,0,0,0,0,797385,328,5817460,101
217384,11,5,5300840,2021,10,8,3,3,5,3,0,0,1,0,1,0,0,1,788946,8395,5829017,855
217383,11,6,6300630,2021,11,16,7,3,2,7,1,0,1,0,0,0,0,0,793317,997,5818155,113
217382,11,8,8100103,2021,11,12,2,3,5,3,0,0,1,0,0,0,1,0,800615,7216,5823134,508
217381,11,2,2200213,2021,11,10,3,3,5,7,0,1,1,0,0,0,0,1,799833,5929,5824983,359
217380,11,7,7601339,2021,11,16,1,3,5,2,1,0,1,0,0,0,0,0,795809,1168,5816026,344
217379,11,7,7601443,2021,10,12,7,3,5,3,0,0,1,0,0,0,0,0,799944,2112,5815843,747
217378,11,3,3701554,2021,10,2,1,3,0,7,2,1,0,0,0,0,0,0,799190,4572,5830048,402
217377,11,8,8100417,2021,11,14,3,3,5,3,0,0,1,0,0,0,1,0,802247,3942,5823049,667
217376,11,5,5100312,2021,11,16,5,3,6,2,2,0,1,1,0,0,0,1,784612,6459,5830966,648
217375,11,12,12400723,2021,10,23,1,2,1,1,2,0,1,0,0,0,0,0,791939,7626,5839008,22
217374,11,2,2300316,2021,10,14,6,3,5,2,0,1,1,0,0,0,0,0,800733,107,5826532,251
217373,11,8,8200730,2021,10,8,4,3,5,2,0,1,1,0,0,0,0,1,801398,5931,5819152,925
217372,11,3,3601449,2021,10,15,3,3,3,6,0,1,0,0,0,0,0,0,801211,3119,5830364,16
217371,11,4,4501153,2021,11,15,4,3,5,3,0,1,1,0,0,0,0,1,794188,4024,5823674,999
217370,11,1,1400938,2021,11,11,3,3,2,6,0,0,1,0,0,0,0,1,794787,8813,5831345,88