OBJECTID,LAND,BEZ,LOR_ab_2021,UJAHR,UMONAT,USTUNDE,UWOCHENTAG,UKATEGORIE,UART,UTYP1,ULICHTVERH,IstRad,IstPKW,IstFuss,IstKrad,IstGkfz,IstSonstige,USTRZUSTAND,LINREFX,LINREFY,XGCSWGS84,YGCSWGS84
217369,11,6,6300629,2021,10,9,4,3,2,2,0,0,1,1,0,0,0,0,791750,377,5819297,245
217368,11,2,2300315,2021,10,12,6,3,3,5,0,1,1,0,0,0,0,1,800314,5749,5825823,779
217367,11,1,1300835,2021,11,13,6,3,5,3,0,0,1,0,0,0,0,1,797153,3202,5830368,225
217366,11,8,8100209,2021,11,9,2,3,0,3,0,1,1,0,0,0,0,0,801750,5076,5822054,743
217365,11,4,4501043,2021,11,10,5,3,5,2,0,1,1,0,0,0,0,1,792870,4637,5824336,863
217364,11,1,1100310,2021,11,8,2,3,5,2,0,1,0,0,1,0,0,0,798655,2745,5828142,33
217363,11,6,6300631,2021,10,15,6,3,5,2,0,1,1,0,0,0,0,0,791485,6249,5816162,411
217362,11,3,3400829,2021,10,12,5,3,5,3,0,1,1,0,0,0,0,0,799767,416,5832816,615
217361,11,9,9502043,2021,10,7,2,3,5,3,1,1,1,0,0,0,0,1,811617,8012,5823212,548
217360,11,6,6100210,2021,11,8,2,3,5,3,0,0,1,0,1,0,0,0,795124,2674,5821277,195
217359,11,7,7601546,2021,11,17,4,3,0,1,2,0,0,0,1,0,0,0,798543,5282,5814420,561
217358,11,1,1200522,2021,11,19,6,3,5,2,2,1,1,0,0,0,0,0,794554,5093,5828335,867
217357,11,1,1100308,2021,10,12,2,3,6,4,0,0,1,1,0,0,0,0,796685,1219,5828762,897
217356,11,2,2200210,2021,10,19,5,3,2,6,2,0,1,0,0,0,0,1,798307,989,5825465,621
217355,11,10,10100312,2021,11,6,6,3,5,2,1,0,1,0,0,0,0,0,807669,9773,5830165,947
217354,11,5,5100315,2021,11,13,4,3,5,2,0,0,1,0,0,0,1,1,784357,7545,5830002,224
217353,11,3,3701556,2021,10,18,4,3,6,4,0,0,1,1,0,0,0,0,799358,9407,5829198,52
217352,11,5,5200420,2021,10,14,6,3,5,3,0,0,1,0,0,0,1,1,782825,6588,5828572,346
217351,11,8,8100311,2021,10,20,5,3,1,5,2,0,1,0,1,0,0,0,800861,3655,5824540,501
217350,11,6,6100205,2021,11,18,2,2,5,2,2,0,1,0,1,0,0,0,795328,7472,5819981,51
217349,11,1,1401043,2021,11,18,5,3,6,2,2,0,1,1,0,0,0,1,795671,3477,5830924,29
217348,11,1,1401048,2021,11,10,4,3,5,2,0,1,0,0,0,1,0,0,795503,5533,5831613,14
217347,11,2,2500833,2021,10,20,7,3,5,3,2,0,1,0,1,0,0,0,802847,633,5826941,74
217346,11,7,7400720,2021,10,5,5,3,5,2,2,0,0,0,1,0,1,0,797301,669,5822601,781
217345,11,1,1200520,2021,10,11,3,3,1,6,0,0,1,0,1,0,0,0,794548,2604,5828949,154
217344,11,4,4501148,2021,11,14,2,3,5,2,0,0,1,0,0,0,0,1,793347,4853,5823073,35
217343,11,9,9401534,2021,11,15,5,3,5,2,1,1,1,0,0,0,0,0,811350,5421,5819942,821
217342,11,10,10200629,2021,11,16,7,3,5,2,2,0,1,0,0,0,0,0,811312,858,5828506,6
217341,11,5,5200632,2021,10,15,3,3,0,1,0,0,0,0,1,0,0,1,785073,3101,5828380,205
217340,11,8,8100310,2021,11,18,7,3,6,2,2,0,1,1,0,0,0,1,801062,665,5824921,818
217339,11,1,1100102,2021,11,13,1,2,6,4,0,0,1,1,0,0,0,1,795651,4871,5826679,854
217338,11,2,2300314,2021,10,17,5,3,3,5,0,1,1,0,0,0,0,0,799729,4679,5826074,203
217337,11,8,8100312,2021,10,16,6,3,2,6,0,0,1,0,0,0,0,1,801075,4064,5824915,783
217336,11,10,10100206,2021,10,16,2,2,6,4,0,0,1,1,0,0,0,0,809338,2855,5832705,917
217335,11,9,9200512,2021,10,17,6,3,1,5,0,0,1,0,0,0,0,0,809265,5747,5821525,335
217334,11,8,8401242,2021,11,11,4,3,5,3,0,0,1,0,0,0,0,0,805253,3894,5817246,666
217333,11,7,7501029,2021,11,19,5,3,2,2,2,0,1,0,0,0,0,1,797348,1111,5818665,438
217332,11,2,2100106,2021,10,22,6,3,5,3,2,0,1,0,0,0,0,0,799575,5867,5825656,53
217331,11,7,7400927,2021,10,10,3,3,0,6,0,0,1,0,1,0,0,0,798903,2183,5821691,358
217330,11,7,7300619,2021,10,21,3,3,5,3,2,1,1,0,0,0,0,0,794713,289,5821827,176
217329,11,10,10100311,2021,10,17,2,2,5,2,0,1,1,0,0,0,0,0,806301,1727,5830198,3
217328,11,1,1100312,2021,11,14,2,3,6,4,0,1,0,1,0,0,0,0,799517,952,5826712,623
217327,11,2,2100105,2021,10,15,4,3,6,7,0,0,1,1,0,0,0,0,798921,8829,5825819,617
217326,11,2,2100102,2021,10,14,4,3,6,2,0,0,1,1,0,0,0,0,798321,8598,5825554,252
217325,11,5,5100316,2021,11,15,1,3,2,6,0,0,1,0,0,0,0,1,784811,821,5828950,543
217324,11,10,10300734,2021,11,22,3,3,5,3,2,0,1,0,0,0,1,0,809589,8209,5823521,447
217323,11,10,10400940,2021,11,9,2,3,5,2,0,0,1,0,0,0,1,0,812396,179,5824671,618
217322,11,7,7400824,2021,10,11,7,3,5,3,0,0,1,0,0,0,1,0,797853,6033,5821887,507
217321,11,8,8100418,2021,11,17,7,2,5,2,2,0,1,0,0,0,1,1,802502,7258,5823372,37
217320,11,6,6400844,2021,10,17,5,3,1,5,0,0,1,0,0,0,1,0,791220,6075,5820788,873
217319,11,5,5300737,2021,10,1,7,3,0,1,2,0,0,0,0,0,1,1,787297,8673,5830208,939
217318,11,11,11200514,2021,10,18,6,3,0,7,1,0,1,0,1,0,0,1,803376,863,5830092,692
217317,11,1,1100310,2021,10,19,6,3,6,7,2,0,0,1,0,0,1,0,798895,1339,5827905,53
217316,11,4,4100102,2021,11,21,2,3,3,6,2,0,1,0,1,0,0,1,791207,979,5829136,238
217315,11,6,6100101,2021,11,14,3,3,0,7,0,0,1,0,0,0,0,0,793004,8924,5821441,65
217314,11,2,2200213,2021,10,4,7,3,0,1,2,0,0,0,0,0,1,0,799565,4391,5824901,115
217313,11,4,4200308,2021,10,14,3,2,2,6,0,0,1,0,1,0,0,0,790388,342,5827325,441
217312,11,10,10100314,2021,10,13,3,3,3,6,0,1,1,0,0,0,0,0,808475,6431,5830187,557
217311,11,10,10200629,2021,11,15,2,3,2,2,0,0,1,0,0,0,0,0,810958,4415,5828198,919
217310,11,4,4200311,2021,10,5,3,3,2,6,2,0,1,0,0,0,0,1,790146,6526,5825357,566
217309,11,1,1400937,2021,10,8,5,3,2,6,0,0,1,0,0,0,0,1,793662,924,5832271,47
217308,11,6,6200312,2021,10,18,1,3,2,6,1,0,1,0,0,0,0,0,795013,636,5819125,707
217307,11,5,5200528,2021,11,16,7,3,6,4,2,0,1,1,0,0,0,0,783647,9614,5825208,333
217306,11,2,2200210,2021,11,21,3,3,5,3,2,1,1,0,0,0,0,0,798942,2813,5824805,321
217305,11,7,7400822,2021,11,11,7,3,0,3,0,0,1,0,1,0,0,0,796831,1819,5820797,727
217304,11,2,2200210,2021,10,12,7,3,2,2,0,1,1,0,0,0,0,0,798292,2618,5824817,268
217303,11,1,1401047,2021,10,14,7,3,5,2,0,1,1,0,0,0,0,0,795254,8784,5830458,712
217302,11,1,1100206,2021,11,23,4,3,8,1,2,0,0,0,0,0,1,0,798152,1802,5828005,533
217301,11,2,2200211,2021,11,13,5,3,1,5,0,1,1,0,0,0,0,0,798323,6004,5824189,908
217300,11,4,4200311,2021,10,16,1,3,2,2,0,0,1,0,0,0,0,0,790427,9904,5825939,538
217299,11,2,2500835,2021,10,7,4,3,0,3,1,0,1,0,1,0,0,1,803058,2961,5825890,561
217298,11,1,1100309,2021,10,11,3,3,0,1,0,0,0,0,1,0,0,1,798471,225,5828267,693
217297,11,12,12200309,2021,11,17,4,3,2,6,2,0,1,0,0,0,0,1,793321,2015,5832569,529
217296,11,1,1300733,2021,11,15,3,3,6,7,0,1,0,1,0,0,0,1,797126,274,5831779,98
217295,11,5,5100313,2021,10,14,4,3,0,1,0,0,0,0,0,0,1,0,785384,739,5830271,478
217294,11,4,4100101,2021,10,15,5,3,5,2,0,1,1,0,0,0,0,1,791212,7803,5829730,983
217293,11,8,8200725,2021,10,14,2,3,0,1,0,0,0,0,1,0,0,0,801183,7538,5819632,785
217292,11,8,8300935,2021,11,1,7,2,5,2,2,0,1,0,0,0,0,0,802291,5104,5817836,84
217291,11,6,6400840,2021,11,13,2,3,5,3,0,0,1,0,0,0,0,0,788839,4487,5819604,166
217290,11,10,10100311,2021,11,13,4,3,0,4,0,0,0,1,0,0,1,0,807484,5801,5829175,549
217289,11,4,4501040,2021,11,10,3,3,6,7,0,0,1,1,0,0,0,0,792436,7684,5825397,241
217288,11,9,9401534,2021,10,11,7,3,2,3,0,0,1,0,0,0,0,0,811255,6734,5820202,724
217287,11,12,12400618,2021,10,14,4,3,2,1,0,0,1,0,0,0,0,0,786315,7412,5838907,998
217286,11,4,4300412,2021,10,2,2,3,0,7,2,1,0,0,0,0,0,0,790647,2,5828050,129
217285,11,2,2300419,2021,10,16,1,3,5,3,0,1,1,0,0,0,1,0,801591,5529,5825953,985
217284,11,1,1100207,2021,11,18,5,3,1,5,2,0,1,0,1,0,0,1,797965,704,5826580,926
217283,11,7,7601236,2021,11,10,7,2,6,4,0,0,1,1,0,0,0,0,796547,9615,5816297,745
217282,11,6,6200313,2021,10,17,3,3,1,1,0,0,1,0,0,0,1,1,795211,7556,5818295,898
217281,11,2,2400623,2021,10,20,4,3,5,2,2,1,1,0,0,0,0,0,800602,4253,5827107,927
217280,11,2,2400521,2021,11,19,5,3,6,4,2,0,1,1,0,0,0,0,800781,7193,5828477,366
217279,11,12,12400618,2021,11,10,4,3,5,2,0,1,1,0,0,0,0,0,787463,6227,5837745,19
217278,11,5,5300840,2021,10,8,6,3,2,2,0,0,1,0,0,0,0,0,788054,2604,5829195,974
217277,11,2,2500833,2021,10,8,5,3,5,3,0,0,1,0,0,0,0,0,802713,2095,5826985,42
217276,11,11,11200410,2021,10,13,6,3,5,7,0,0,0,0,0,1,1,1,804622,3549,5832781,44
217275,11,1,1401046,2021,10,20,1,3,2,2,2,0,1,0,0,0,0,1,794899,3816,5830249,136
217274,11,7,7601339,2021,10,13,6,3,2,6,0,0,1,0,1,0,0,0,795796,1402,5816025,762
217273,11,8,8100102,2021,11,16,2,3,5,2,2,0,1,0,1,0,0,1,800520,9032,5823439,72
217272,11,11,11501339,2021,11,13,5,3,5,2,0,0,1,0,0,0,1,1,807269,8354,5825414,732
217271,11,7,7400927,2021,11,20,3,3,5,2,2,0,1,0,0,0,0,0,799074,228,5821704,817
217270,11,2,2100101,2021,10,11,1,3,2,6,0,1,0,0,0,0,0,0,797859,9638,5825618,695
217269,11,11,11501238,2021,10,18,5,2,5,7,2,0,1,0,0,0,1,0,805086,6667,5824976,959
217268,11,2,2500835,2021,10,9,3,3,5,3,0,0,1,0,0,0,0,0,803112,884,5826174,709
217267,11,2,2400623,2021,11,11,2,3,0,1,0,0,0,0,1,0,0,1,800356,7547,5827187,109
217266,11,4,4501041,2021,11,11,7,3,0,2,0,1,1,0,0,0,0,1,793127,9151,5825592,73
217265,11,9,9401329,2021,11,8,2,3,6,4,0,0,1,1,0,0,0,0,812024,8535,5819633,722
217264,11,5,5300735,2021,10,21,3,3,5,2,2,0,1,0,0,0,0,0,786567,6912,5830553,726
217263,11,7,7601443,2021,11,17,7,3,6,4,2,0,1,1,0,0,0,1,800130,3571,5814987,837
217262,11,4,4501042,2021,11,2,1,3,1,5,2,0,1,0,0,0,1,1,793929,1919,5825958,431
217261,11,2,2200209,2021,11,7,3,3,5,7,0,0,1,0,1,0,0,0,797245,5609,5824001,831
217260,11,7,7400721,2021,10,13,6,3,5,5,0,0,0,0,1,0,1,0,798920,882,5823917,26
217259,11,11,11501339,2021,10,18,6,3,6,3,1,0,1,1,0,0,0,1,806760,6646,5824811,745
217258,11,1,1100207,2021,10,15,2,3,2,2,0,0,1,0,1,0,0,0,798358,6738,5826645,574
217257,11,11,11300617,2021,10,12,6,3,0,3,0,0,1,0,0,0,1,0,803679,3116,5829031,289
217256,11,2,2500834,2021,11,19,3,3,5,3,2,1,0,0,1,0,0,0,802389,2458,5826828,213
217255,11,4,4501146,2021,11,8,5,3,5,2,0,1,1,0,0,0,0,1,792851,7675,5823936,717
217254,11,5,5200527,2021,10,11,7,2,6,2,0,0,1,1,0,0,0,0,782959,8898,5827073,543
217253,11,11,11300721,2021,10,11,3,3,9,1,0,0,1,0,0,0,0,0,805124,6863,5829991,941
217252,11,7,7601339,2021,10,19,3,3,5,7,2,0,1,0,0,0,0,1,795786,25,5815830,684
217251,11,4,4501040,2021,10,9,2,3,1,5,0,0,1,0,1,0,0,0,792709,1025,5825529,52
217250,11,6,6200317,2021,11,18,3,3,5,3,0,0,1,0,0,0,0,1,795908,5744,5816505,208
217249,11,1,1100415,2021,10,12,4,3,0,1,0,1,0,0,0,0,0,0,798285,2992,5829367,679
217248,11,5,5100316,2021,10,13,4,3,2,6,0,0,1,0,1,0,0,0,784203,9289,5828958,292
217247,11,10,10200421,2021,11,15,6,3,5,2,0,0,1,0,0,0,1,0,812238,536,5830684,591
217246,11,7,7100101,2021,11,16,7,3,3,6,0,0,1,0,1,0,0,0,794640,556,5825744,794
217245,11,4,4100101,2021,11,13,5,2,5,3,0,0,1,0,0,1,0,1,792256,366,5830683,5
217244,11,1,1300836,2021,11,17,7,3,5,3,0,0,1,0,1,0,0,0,796806,576,5831280,303
217243,11,9,9401534,2021,10,16,1,3,5,7,0,1,1,0,0,0,0,0,811057,8251,5820651,782
217242,11,8,8100521,2021,10,20,7,3,6,2,2,0,1,1,0,0,0,0,802954,2674,5822471,914
217241,11,7,7601238,2021,11,15,4,3,5,3,1,0,1,0,0,0,0,0,798396,6822,5815926,438
217240,11,1,1100102,2021,11,16,6,3,2,6,2,0,1,0,0,0,0,0,795543,648,5826363,525
217239,11,2,2500834,2021,10,3,1,2,5,3,2,1,0,0,0,0,1,0,802350,1204,5827078,45
217238,11,1,1200627,2021,10,9,4,3,0,7,0,1,0,0,0,0,0,0,795768,783,5828585,67
217237,11,12,12100204,2021,11,18,4,3,1,5,2,0,1,0,0,0,1,1,795204,5045,5832480,341
217236,11,2,2500830,2021,11,8,3,3,0,1,0,1,0,0,0,0,0,1,802566,2042,5827388,714
217235,11,7,7601340,2021,10,16,5,3,6,2,0,0,1,1,0,0,0,0,796568,3496,5815882,494
217234,11,7,7400822,2021,10,17,5,3,5,5,1,0,1,0,0,0,0,1,796744,3826,5820708,14
217233,11,4,4100101,2021,10,11,2,3,5,2,0,0,1,0,1,0,0,0,790680,1011,5829758,107
217232,11,4,4300622,2021,10,13,6,3,2,6,0,0,1,0,1,0,0,0,793253,59,5826900,807
217231,11,11,11200411,2021,11,9,2,3,2,6,0,0,1,0,0,0,1,1,805842,4035,5831852,748
217230,11,2,2300315,2021,11,18,5,3,5,2,2,1,0,0,0,1,0,1,800435,653,5825770,831
217229,11,10,10300731,2021,11,10,3,3,5,2,0,0,1,0,0,1,0,0,809654,9734,5830268,351
217228,11,7,7601341,2021,10,1,7,3,8,7,2,0,1,0,0,0,0,0,797927,7508,5815750,634
217227,11,1,1300731,2021,10,2,5,3,0,7,2,1,0,0,0,0,0,0,797235,3279,5833191,814
217226,11,2,2200209,2021,10,3,1,3,0,1,2,0,0,0,0,0,1,1,797106,88,5824484,722
217225,11,8,8200832,2021,11,10,2,3,5,3,0,0,1,0,0,0,0,0,801209,6802,5817467,977
217224,11,1,1300835,2021,11,5,5,3,6,2,2,0,1,1,0,0,0,1,796999,486,5830511,11
217223,11,7,7400721,2021,11,0,1,3,5,3,2,0,1,0,0,0,0,0,797310,986,5823515,228
217222,11,6,6200315,2021,10,8,2,3,0,7,0,1,0,0,0,0,0,0,795216,4734,5817274,559
217221,11,1,1100416,2021,10,1,6,3,5,3,2,1,1,0,0,0,0,1,798675,9758,5829455,541
217220,11,6,6200313,2021,11,7,6,3,3,6,1,1,1,0,0,0,0,0,795100,7851,5818279,343
217219,11,9,9200511,2021,10,17,7,3,6,4,0,0,0,1,1,0,0,0,806656,2315,5822044,987
217218,11,2,2500835,2021,11,19,4,2,6,4,2,0,1,1,0,0,0,0,803156,142,5826337,412
217217,11,7,7200412,2021,11,19,6,3,5,2,2,1,1,0,0,0,0,1,796270,3102,5822947,88
217216,11,1,1200518,2021,10,15,7,2,6,7,0,0,0,1,0,0,1,0,793576,299,5828667,969
217215,11,2,2100106,2021,10,19,4,3,5,3,2,1,1,0,0,0,0,1,798598,3379,5825578,661
217214,11,5,5400943,2021,11,18,4,3,5,2,2,1,1,0,0,0,0,1,780521,5972,5820704,618
217213,11,1,1100102,2021,11,18,3,3,5,3,2,1,1,0,0,0,0,1,796122,986,5826295,436
217212,11,1,1100206,2021,10,14,5,3,3,6,0,1,1,0,0,0,0,0,798240,4523,5827674,536
217211,11,1,1100313,2021,10,14,5,3,5,2,0,1,1,0,0,0,0,1,799982,252,5826940,922
217210,11,1,1400938,2021,10,14,2,3,5,7,0,0,1,0,1,0,0,0,794263,5244,5831249,125
217209,11,5,5200629,2021,11,11,7,3,2,7,0,1,0,0,0,0,1,0,784653,59,5828081,211
217208,11,4,4400728,2021,11,10,2,3,2,6,0,0,1,0,0,0,0,1,790673,826,5822971,14
217207,11,12,12500927,2021,11,11,5,3,5,3,0,0,1,0,0,0,0,1,792460,5357,5835351,199
217206,11,9,9200819,2021,11,18,3,3,5,2,1,1,0,0,0,0,1,0,810046,3063,5819411,654
217205,11,2,2500834,2021,10,12,7,2,5,3,0,0,1,0,1,0,0,0,801950,2338,5826799,265
217204,11,7,7300619,2021,10,18,4,3,5,2,1,1,1,0,0,0,0,0,794631,3,5821815,842
217203,11,2,2300314,2021,10,8,2,3,5,3,0,0,1,0,0,0,0,0,799718,326,5826304,884
217202,11,1,1100416,2021,10,16,1,2,0,1,1,1,0,0,0,0,0,0,798618,6268,5829344,35
217201,11,9,9200818,2021,11,13,5,3,2,6,0,0,1,0,0,0,0,0,809709,7439,5821026,536
217200,11,4,4200308,2021,11,18,7,3,1,5,2,0,1,0,0,0,0,1,788669,9612,5827671,213
217199,11,7,7100102,2021,10,18,3,3,5,2,2,0,1,0,0,0,1,1,795229,829,5824951,602
217198,11,5,5200524,2021,10,20,4,3,2,6,2,0,1,0,0,0,0,1,780039,8882,5827865,709
217197,11,10,10400940,2021,11,16,7,3,6,4,2,0,1,1,0,0,0,1,812376,2878,5824036,619
217196,11,1,1400938,2021,10,18,5,3,0,1,0,0,0,0,1,0,0,0,793972,6273,5830138,779
217195,11,12,12100205,2021,10,12,4,2,2,6,0,0,1,0,0,0,0,0,795744,1882,5834129,213
217194,11,11,11300618,2021,10,12,7,3,5,2,0,1,1,0,0,0,0,0,802437,235,5828898,674
217193,11,11,11300620,2021,10,12,6,3,5,2,0,0,1,0,0,0,1,0,803671,2605,5829503,375
217192,11,5,5300839,2021,11,18,2,2,0,1,2,1,0,0,0,0,0,0,789057,575,5829677,534
217191,11,1,1401043,2021,11,18,5,3,6,2,2,0,0,1,0,0,1,1,795690,7296,5830925,987
217190,11,2,2200210,2021,11,19,4,3,5,2,1,1,1,0,0,0,0,0,798694,6944,5824675,867
217189,11,5,5100105,2021,10,16,1,3,6,4,0,0,0,1,1,0,0,0,784603,622,5831094,386
217188,11,7,7400721,2021,10,15,5,3,5,7,0,0,1,0,1,0,0,0,798881,428,5823924,761
217187,11,3,3400725,2021,10,15,3,3,5,3,0,0,1,0,1,0,0,0,800009,6905,5835428,824
217186,11,9,9501939,2021,11,15,3,3,2,6,0,0,1,0,0,0,0,0,809733,7822,5821530,43
217185,11,2,2200209,2021,11,16,6,3,2,6,1,0,1,0,0,0,0,0,797152,377,5824493,538
217184,11,3,3300516,2021,11,6,2,3,0,7,1,0,1,0,1,0,0,1,801014,113,5833739,4
217183,11,4,4400830,2021,10,10,3,3,6,4,0,0,1,1,0,0,0,1,791657,7575,5822982,898
217182,11,1,1300733,2021,10,0,1,3,2,6,2,0,1,0,0,0,0,0,797140,3884,5831389,753
217181,11,12,12100205,2021,11,16,7,2,6,2,2,0,1,1,0,0,0,1,794843,1684,5833042,787
217180,11,1,1100309,2021,11,16,2,2,0,1,2,1,0,0,0,0,0,1,797655,577,5828602,989
217179,11,3,3701556,2021,11,18,3,3,3,6,2,1,0,0,0,0,0,0,799786,8672,5829563,365
217178,11,3,3500933,2021,11,9,6,3,5,3,0,0,1,0,0,0,0,1,801981,942,5832211,342
217177,11,5,5200423,2021,10,17,6,3,5,3,0,1,1,0,0,0,0,0,781306,3797,5828364,29
217176,11,4,4400835,2021,10,11,6,3,0,1,0,0,0,0,0,0,1,1,792838,1738,5821864,54
217175,11,9,9300920,2021,10,23,6,3,5,3,2,0,1,0,0,0,0,0,808499,3399,5816658,178
217174,11,10,10400941,2021,11,12,3,2,5,3,0,1,1,0,0,0,0,0,812497,1962,5823775,403
217173,11,12,12500927,2021,11,7,5,3,5,2,0,0,1,0,0,0,0,1,792761,833,5836307,458
217172,11,9,9200613,2021,10,13,6,3,0,1,0,0,0,0,1,0,0,0,807020,574,5821146,997
217171,11,2,2300419,2021,10,18,6,3,1,5,2,1,1,0,0,0,0,0,801297,5236,5825870,992
217170,11,10,10100312,2021,10,7,3,3,5,3,0,0,1,0,0,0,0,0,807842,4558,5829078,327
217169,11,4,4501149,2021,10,18,3,3,3,6,2,1,1,0,0,0,0,1,793664,751,5824474,311
217168,11,5,5100208,2021,10,14,2,3,5,2,0,0,1,0,0,0,0,0,781547,642,5830703,526
217167,11,8,8100209,2021,11,10,3,2,8,1,0,0,1,0,0,0,0,1,801810,3259,5821967,497
217166,11,1,1100309,2021,10,1,4,3,8,1,2,0,0,0,0,0,1,0,798649,6866,5828493,839
217165,11,7,7601340,2021,10,16,4,2,5,2,0,1,1,0,0,0,0,0,796157,5259,5815930,839
217164,11,7,7400826,2021,11,18,6,3,5,2,1,0,1,0,1,0,0,0,796514,3676,5819854,799
217163,11,4,4200309,2021,11,15,7,3,5,3,0,0,1,0,0,0,0,0,788997,4516,5826983,433
217162,11,1,1300834,2021,11,8,4,3,5,2,0,1,1,0,0,0,0,0,798070,104,5829987,907
217161,11,1,1100308,2021,11,15,7,3,1,5,0,1,1,0,0,0,0,0,797087,2695,5828994,557
217160,11,8,8100415,2021,10,14,4,3,5,3,0,1,1,0,0,0,0,0,801499,7848,5823646,866
217159,11,6,6400839,2021,10,10,2,2,5,2,0,1,1,0,0,0,0,0,788218,6532,5818683,97
217158,11,11,11300723,2021,11,12,2,3,0,2,0,1,1,0,0,0,0,1,804348,1409,5828422,456
217157,11,1,1100310,2021,11,11,4,3,0,1,0,1,0,0,0,0,0,0,798585,9528,5828098,874
217156,11,6,6200316,2021,11,10,6,2,4,6,0,1,0,0,0,0,0,1,796281,8255,5818009,698
217155,11,8,8401244,2021,10,23,1,3,1,5,2,1,1,0,0,0,0,0,806025,1955,5815815,8
217154,11,3,3200308,2021,10,16,4,3,2,6,0,1,0,0,0,1,0,0,800168,886,5836563,402
217153,11,5,5100313,2021,11,16,5,3,6,2,2,0,1,1,0,0,0,0,785404,197,5830308,455
217152,11,4,4200308,2021,11,15,3,3,5,3,0,1,1,0,0,0,0,1,790112,989,5826844,859
217151,11,2,2500726,2021,10,19,4,3,5,2,2,0,1,0,1,0,0,0,801760,5248,5828659,903
217150,11,7,7501134,2021,10,8,6,3,5,3,0,0,1,0,1,0,0,0,798775,5769,5819075,996
217149,11,4,4300412,2021,10,15,6,2,5,2,0,0,1,0,0,0,1,0,790798,479,5827375,53
217148,11,2,2100102,2021,11,19,2,3,5,3,2,1,1,0,0,0,0,0,798335,2046,5825631,103
217147,11,7,7601544,2021,11,17,5,3,0,1,2,0,0,0,1,0,0,1,799269,1169,5813287,421
217146,11,10,10400941,2021,11,15,3,3,5,3,0,1,1,0,0,0,0,0,812398,3351,5824300,767
217145,11,5,5300839,2021,10,20,7,2,0,1,2,0,0,0,0,0,1,0,788998,4173,5829833,159
217144,11,6,6200420,2021,10,16,5,2,3,6,0,0,1,0,0,0,1,0,792714,5973,5816204,895
217143,11,8,8200832,2021,10,14,3,3,2,6,0,0,1,0,0,0,0,1,801036,4509,5817379,615
217142,11,10,10400940,2021,11,16,2,3,5,2,2,1,1,0,0,0,0,1,812434,6437,5824757,683
217141,11,11,11300722,2021,11,17,5,2,5,2,2,0,1,0,1,0,0,0,803425,1724,5828617,623
217140,11,4,4501148,2021,11,16,7,3,5,2,2,0,1,0,0,0,0,1,793339,8174,5823068,434
217139,11,9,9501838,2021,10,15,3,3,5,3,0,0,1,0,1,0,0,1,819873,9256,5819717,96
217138,11,1,1200522,2021,11,17,6,3,5,3,2,1,0,0,0,0,1,0,794351,8805,5828182,549
217137,11,2,2500836,2021,10,18,5,3,0,1,2,0,1,0,1,0,0,0,803319,5723,5825583,937
217136,11,7,7300619,2021,10,20,6,3,5,5,2,0,1,0,1,0,0,1,794905,7204,5821904,782
217135,11,4,4300416,2021,10,20,7,3,6,7,0,0,1,1,0,0,0,0,791749,1247,5826019,323
217134,11,8,8100418,2021,10,17,6,3,5,3,2,0,1,0,0,0,0,0,801660,6212,5823963,219
217133,11,4,4501045,2021,11,19,2,3,6,4,2,1,0,1,0,0,0,1,793660,5533,5825394,14
217132,11,3,3601243,2021,11,8,6,3,5,2,0,1,1,0,0,0,0,1,799498,24,5831776,17
217131,11,3,3601450,2021,11,16,4,3,0,2,2,0,1,0,0,0,1,1,802346,9592,5829203,754
217130,11,11,11300722,2021,10,16,1,3,5,2,0,0,1,0,0,0,0,0,803885,3294,5827895,12
217129,11,2,2400521,2021,10,11,3,3,3,6,0,1,1,0,0,0,0,0,800732,6699,5828441,542
217128,11,12,12500824,2021,10,13,4,2,6,4,0,0,1,1,0,0,0,0,791080,4716,5835474,838
217127,11,3,3200205,2021,11,6,2,3,5,3,2,0,1,0,0,0,0,0,798161,9748,5836391,452
217126,11,5,5100105,2021,10,7,4,3,2,3,0,1,1,0,0,0,0,1,784556,2455,5831108,326
217125,11,10,10300733,2021,11,18,7,3,5,2,2,0,1,0,0,0,0,1,809513,7086,5827233,118
217124,11,7,7400720,2021,11,13,2,3,5,3,0,0,1,0,0,0,0,0,796526,4571,5822786,951
217123,11,9,9100101,2021,11,11,4,3,5,3,0,1,0,0,1,0,0,0,802244,871,5824856,767
217122,11,5,5200629,2021,11,12,6,3,5,2,0,0,1,0,0,0,0,1,784521,2176,5828650,38
217121,11,12,12200412,2021,10,14,1,2,1,5,0,0,1,0,1,0,0,0,789267,4354,5833658,76
217120,11,7,7501135,2021,10,1,1,3,1,5,2,1,1,0,0,0,0,0,798605,41,5817011,761
217119,11,3,3601245,2021,11,9,4,3,5,3,0,1,1,0,0,0,0,0,800972,2937,5831228,348
217118,11,5,5200423,2021,11,10,5,2,5,3,0,0,1,0,0,0,0,0,780879,6077,5828331,389
217117,11,12,12200412,2021,10,17,6,3,5,2,0,0,1,0,0,0,0,0,791167,2706,5834021,577