OBJECTID,LAND,BEZ,LOR_ab_2021,UJAHR,UMONAT,USTUNDE,UWOCHENTAG,UKATEGORIE,UART,UTYP1,ULICHTVERH,IstRad,IstPKW,IstFuss,IstKrad,IstGkfz,IstSonstige,USTRZUSTAND,LINREFX,LINREFY,XGCSWGS84,YGCSWGS84
217116,11,9,9301227,2021,10,15,6,3,1,5,0,1,1,0,0,0,0,0,815736,737,5814531,681
217115,11,1,1400938,2021,10,8,6,2,5,3,0,1,1,0,0,0,0,0,793880,8666,5830059,636
217114,11,1,1300733,2021,10,18,6,3,6,2,1,0,1,1,0,0,0,1,797152,8273,5831919,828
217113,11,2,2200209,2021,10,8,7,3,5,3,0,1,0,0,0,0,0,1,797742,47,5824596,285
217112,11,3,3400619,2021,10,16,6,3,5,3,0,1,1,0,0,0,0,0,795956,8804,5835567,551
217111,11,3,3400725,2021,11,17,3,3,5,2,2,0,1,0,1,0,0,0,800014,5276,5835462,768
217110,11,4,4501043,2021,11,19,5,3,5,2,2,1,1,0,0,0,0,1,792836,33,5824337,245
217109,11,1,1100416,2021,11,8,3,3,5,7,0,1,1,0,0,0,0,0,798708,6987,5830059,937
217108,11,4,4300621,2021,10,18,1,3,5,7,1,0,1,0,0,0,1,0,792386,628,5826848,846
217107,11,1,1300732,2021,10,20,5,3,5,2,2,1,0,0,0,0,1,0,797700,1045,5832902,61
217106,11,2,2500727,2021,10,14,3,3,0,1,0,1,0,0,0,0,0,0,802201,69,5828112,967
217105,11,4,4300621,2021,11,10,2,3,1,5,0,1,0,0,0,0,1,0,791985,407,5826791,59
217104,11,4,4400835,2021,11,17,6,3,6,7,1,0,1,1,0,0,0,0,792854,7291,5821890,591
217103,11,12,12400723,2021,11,16,2,3,0,7,2,0,0,0,1,0,0,1,792482,2022,5839252,95
217102,11,5,5100317,2021,10,7,3,3,0,1,2,0,0,0,1,0,0,1,787970,4447,5827900,44
217101,11,6,6400838,2021,11,19,7,3,6,2,2,0,1,1,0,0,0,1,788156,5465,5818728,365
217100,11,10,10300731,2021,11,16,2,3,6,2,1,0,1,1,0,0,0,1,809154,9324,5829964,521
217099,11,6,6100207,2021,11,12,4,3,5,2,0,0,1,0,1,0,0,0,793425,539,5819938,291
217098,11,7,7100206,2021,11,17,6,3,6,7,2,0,1,1,0,0,0,0,796025,1551,5824631,99
217097,11,8,8100310,2021,10,15,6,3,6,7,0,1,1,1,0,0,0,0,800793,149,5825040,604
217096,11,4,4200310,2021,10,16,7,3,5,2,0,0,1,0,1,0,0,0,789438,3927,5826654,398
217095,11,4,4300412,2021,10,12,7,3,2,6,0,0,1,0,0,0,0,0,791656,4528,5827566,553
217094,11,2,2200209,2021,11,12,3,2,1,5,0,1,0,0,0,0,1,1,797505,4568,5824775,24
217093,11,1,1100313,2021,11,17,5,3,5,3,1,0,1,0,0,0,0,1,799772,2893,5826562,447
217092,11,4,4501040,2021,10,11,7,3,5,7,0,1,1,0,0,0,0,0,792286,4812,5825909,342
217091,11,10,10300732,2021,10,16,6,3,6,6,2,0,1,1,0,0,0,0,810282,8031,5829976,414
217090,11,10,10200524,2021,10,8,2,3,5,3,0,1,1,0,0,0,0,0,813719,8281,5829973,3
217089,11,4,4300622,2021,10,11,4,3,6,4,0,0,0,1,1,0,0,0,793698,6198,5826395,75
217088,11,4,4501150,2021,10,17,3,3,5,7,1,0,1,0,1,0,0,0,793439,6535,5823835,344
217087,11,4,4501042,2021,11,10,3,3,2,6,0,0,1,0,1,0,0,1,794064,1439,5825946,838
217086,11,7,7601442,2021,10,11,4,2,6,2,0,0,0,1,0,1,0,0,799248,6827,5816259,532
217085,11,11,11300721,2021,10,13,4,3,3,6,0,0,1,0,0,1,0,0,805532,163,5830048,844
217084,11,1,1200626,2021,11,15,6,2,5,3,0,0,1,0,0,0,0,0,795322,1997,5828222,514
217083,11,6,6100208,2021,11,2,7,3,6,4,2,0,0,1,0,0,1,0,794058,5363,5820612,578
217082,11,1,1300730,2021,11,14,4,3,5,3,0,0,1,0,1,0,0,0,796223,801,5832160,315
217081,11,12,12200309,2021,11,23,2,3,5,3,2,1,1,0,0,0,0,0,793231,5531,5832405,496
217080,11,7,7300618,2021,10,14,4,3,5,3,0,1,1,0,0,0,0,0,794418,6757,5822074,367
217079,11,6,6300528,2021,10,11,2,3,5,3,0,0,1,0,1,0,0,0,788965,9082,5816398,339
217078,11,10,10200420,2021,10,14,1,3,5,2,0,0,1,0,0,0,0,0,812011,184,5830586,154
217077,11,4,4100102,2021,11,13,4,3,5,2,0,0,1,0,0,0,0,0,791429,789,5829183,339
217076,11,1,1100206,2021,11,21,6,3,6,2,2,0,1,1,0,0,0,0,797897,3474,5827372,244
217075,11,3,3601348,2021,10,15,1,3,5,7,0,1,0,0,0,0,0,0,799907,4955,5830645,501
217074,11,9,9301227,2021,10,18,4,3,5,3,2,1,1,0,0,0,0,1,815060,8409,5815053,335
217073,11,2,2100102,2021,11,12,6,3,5,3,0,0,1,0,0,0,0,0,798213,1783,5826240,744
217072,11,8,8100312,2021,11,15,3,3,6,2,0,0,1,1,0,0,0,0,801100,6809,5824355,235
217071,11,10,10400835,2021,10,12,5,3,5,3,0,1,1,0,0,0,0,0,812828,5734,5828985,475
217070,11,11,11300723,2021,10,18,5,2,0,1,0,1,0,0,0,0,0,1,805207,4482,5828548,621
217069,11,5,5100314,2021,10,18,5,3,0,5,2,0,1,0,1,0,0,0,785311,8643,5829919,216
217068,11,6,6300633,2021,11,8,2,3,6,2,0,0,1,1,0,0,0,1,793275,3272,5819097,35
217067,11,5,5100208,2021,11,12,5,2,2,6,0,0,1,0,0,1,0,1,782387,4625,5830501,943
217066,11,9,9301025,2021,11,9,3,3,6,7,0,0,1,1,0,0,0,0,810375,7395,5814095,747
217065,11,3,3500934,2021,10,15,1,3,5,3,0,0,0,0,1,0,0,0,801238,5819,5831800,101
217064,11,3,3400828,2021,10,10,5,3,1,5,0,1,1,0,0,0,0,0,799945,4728,5832575,8
217063,11,7,7400721,2021,10,13,2,3,2,6,0,0,1,0,0,0,0,0,798360,866,5823947,956
217062,11,11,11200514,2021,11,8,2,3,2,6,0,1,0,0,0,0,0,0,803500,43,5830163,722
217061,11,1,1100310,2021,11,9,5,3,2,6,0,0,1,0,0,0,0,0,799730,7981,5828690,692
217060,11,3,3300516,2021,11,0,1,3,0,1,2,0,0,0,0,0,1,0,801096,7965,5834818,257
217059,11,10,10300732,2021,10,12,2,3,9,1,0,0,1,0,0,0,0,0,809840,4873,5830081,694
217058,11,9,9200510,2021,11,17,7,3,5,3,2,1,1,0,0,0,0,1,806410,9663,5822970,362
217057,11,9,9501939,2021,10,19,5,3,1,5,2,1,1,0,0,0,0,0,810710,8401,5821398,156
217056,11,1,1100309,2021,10,18,6,3,6,2,2,0,1,1,0,0,0,1,798524,3901,5829056,4
217055,11,12,12100205,2021,10,14,6,3,5,3,0,0,1,0,0,0,0,1,794799,112,5834244,398
217054,11,10,10200526,2021,10,18,6,3,9,1,2,0,0,0,1,0,0,0,812097,6384,5830187,207
217053,11,4,4300622,2021,11,16,3,3,2,6,2,0,1,0,1,0,0,0,792781,8778,5827039,549
217052,11,1,1400937,2021,11,7,6,3,5,3,0,0,1,0,0,0,0,1,793793,9944,5832188,293
217051,11,7,7100102,2021,11,17,4,3,5,3,2,0,1,0,1,0,0,0,794957,23,5825403,897
217050,11,5,5100315,2021,10,17,6,2,5,3,0,0,1,0,0,0,1,0,784376,83,5830006,752
217049,11,9,9200715,2021,10,15,3,2,5,2,0,0,1,0,0,0,1,0,807699,2114,5818374,488
217048,11,5,5200629,2021,10,23,3,2,5,3,2,0,1,0,0,0,0,0,784025,5502,5828512,591
217047,11,4,4300619,2021,10,16,2,3,5,2,0,1,1,0,0,0,0,0,792763,989,5827029,207
217046,11,8,8401244,2021,11,0,3,2,9,1,2,0,1,0,0,0,0,0,806411,4734,5816143,258
217045,11,6,6100103,2021,10,12,3,3,5,2,0,0,1,0,0,0,0,1,793585,137,5821271,931
217044,11,2,2400625,2021,10,17,4,3,2,6,0,0,1,0,0,0,0,0,801750,9847,5826253,41
217043,11,2,2500833,2021,11,10,1,3,0,1,0,1,0,0,0,0,0,1,802390,8684,5827079,315
217042,11,1,1100309,2021,11,10,2,3,5,3,0,1,1,0,0,0,0,1,798245,6345,5828939,305
217041,11,9,9401534,2021,11,20,3,3,9,1,2,0,0,0,0,0,1,0,811257,365,5820202,16
217040,11,6,6200313,2021,11,9,2,3,2,6,0,0,1,0,0,0,0,0,795469,4084,5818365,714
217039,11,12,12400618,2021,10,14,7,2,0,7,0,0,0,0,1,0,0,1,787176,939,5838992,721
217038,11,7,7400721,2021,10,0,7,2,2,1,2,0,1,0,0,0,0,0,797797,6938,5823274,496
217037,11,9,9200819,2021,11,17,3,3,5,2,1,1,1,0,0,0,0,0,810495,4327,5820304,4
217036,11,1,1100308,2021,11,8,5,3,2,6,0,1,1,0,0,0,0,1,796934,616,5828135,29
217035,11,1,1200628,2021,10,19,7,3,1,5,2,1,1,0,0,0,0,0,796297,4808,5828240,272
217034,11,3,3400619,2021,10,7,4,3,0,2,0,1,1,0,0,0,0,1,795367,463,5835565,85
217033,11,8,8200831,2021,10,14,3,3,0,5,0,0,1,0,0,0,0,0,799693,3955,5817627,63
217032,11,7,7200413,2021,11,14,5,3,5,7,0,0,1,0,0,0,0,1,796117,9697,5823308,23
217031,11,7,7501133,2021,11,8,3,3,0,2,0,1,1,0,0,0,0,1,797908,8313,5818355,8
217030,11,1,1100310,2021,10,15,4,3,5,7,0,0,1,0,1,0,0,0,799080,996,5828410,707
217029,11,4,4200308,2021,10,6,6,2,4,6,2,0,1,0,0,1,0,0,789722,7386,5828388,387
217028,11,3,3500934,2021,11,18,6,3,1,5,1,1,1,0,0,0,0,0,800511,3184,5831788,55
217027,11,10,10400941,2021,11,12,2,2,5,3,0,1,1,0,0,0,0,1,812566,4968,5824277,355
217026,11,3,3400620,2021,11,6,5,3,5,3,2,1,1,0,0,0,0,0,797411,7617,5833971,81
217025,11,2,2500835,2021,11,10,3,2,0,1,0,0,0,0,1,0,0,0,803113,5799,5826306,229
217024,11,11,11501238,2021,10,11,7,3,5,2,0,0,1,0,1,0,0,0,804082,3955,5825989,88
217023,11,1,1100310,2021,10,15,4,3,0,2,0,1,1,0,0,0,0,0,799492,8929,5828852,927
217022,11,11,11300722,2021,10,14,2,3,5,2,0,1,1,0,0,0,0,0,803738,6371,5828638,533
217021,11,7,7601339,2021,10,12,1,3,0,2,0,0,1,0,1,0,0,0,795400,2446,5815723,373
217020,11,4,4501042,2021,11,15,4,3,0,2,0,0,1,0,0,0,1,0,793996,5473,5826165,11
217019,11,5,5200525,2021,11,14,6,2,6,4,0,0,1,1,0,0,0,1,781207,2309,5827399,412
217018,11,11,11200513,2021,10,17,2,3,5,2,0,1,1,0,0,0,0,0,803853,4647,5830396,553
217017,11,8,8100417,2021,10,13,5,2,5,3,0,1,1,0,0,0,0,1,802074,3311,5822683,37
217016,11,8,8100418,2021,11,14,6,3,6,4,0,0,1,1,0,0,0,0,802068,4145,5823584,307
217015,11,9,9501737,2021,11,7,4,3,1,5,0,1,1,0,0,0,0,1,815059,2731,5821052,942
217014,11,1,1300834,2021,10,9,5,3,0,2,0,1,1,0,0,0,0,0,798351,5399,5830138,989
217013,11,4,4501152,2021,10,13,4,3,0,7,0,1,0,0,0,1,0,1,793965,4876,5824887,998
217012,11,4,4100101,2021,10,6,3,2,2,7,2,0,1,0,1,0,0,1,792496,5863,5830685,571
217011,11,11,11300620,2021,11,18,4,3,5,2,2,0,1,0,0,0,0,0,803730,4885,5829786,211
217010,11,11,11501341,2021,11,18,3,3,0,7,2,0,1,0,0,0,0,1,806453,2558,5824373,678
217009,11,5,5100317,2021,10,2,4,2,0,7,2,0,0,0,0,0,1,1,788104,7869,5827881,934
217008,11,4,4400729,2021,10,17,4,3,0,1,0,1,0,0,0,0,0,0,789341,7147,5822872,843
217007,11,8,8200832,2021,11,10,6,2,6,4,0,0,1,1,0,0,0,1,801533,9182,5817359,897
217006,11,12,12500824,2021,11,15,7,3,5,2,0,1,1,0,0,0,0,1,790208,55,5835827,334
217005,11,10,10100208,2021,11,19,4,3,2,7,2,1,1,0,0,0,0,1,809066,3797,5832252,283
217004,11,8,8401242,2021,11,21,7,3,5,3,2,0,1,0,0,0,0,0,804819,2133,5816776,748
217003,11,6,6400735,2021,10,10,7,2,5,3,0,0,1,0,0,0,0,0,782949,4337,5815892,95
217002,11,3,3501038,2021,10,20,4,3,5,7,2,1,1,0,0,0,0,0,803004,6805,5832010,834
217001,11,2,2100106,2021,10,17,1,3,5,2,0,1,1,0,0,0,0,0,799071,9435,5825610,953
217000,11,12,12200309,2021,11,12,2,2,5,3,0,0,1,0,1,0,0,1,793561,9581,5832369,66
216999,11,4,4300621,2021,11,10,4,3,1,5,0,1,1,0,0,0,0,0,792086,9019,5826762,902
216998,11,8,8200623,2021,11,13,7,3,3,6,0,0,1,0,0,0,0,0,801995,5496,5820644,831
216997,11,8,8100102,2021,10,23,7,3,6,7,2,0,1,1,0,0,0,0,800406,933,5823337,386
216996,11,7,7200307,2021,10,22,4,3,0,1,2,0,0,0,0,0,1,0,794636,7209,5824532,79
216995,11,9,9100407,2021,11,10,6,2,0,7,0,1,0,0,0,0,0,0,805933,7771,5820317,184
216994,11,4,4501042,2021,11,16,3,3,6,4,2,0,1,1,0,0,0,1,793521,7789,5825707,235
216993,11,12,12601031,2021,10,22,4,3,5,3,2,0,1,0,0,0,1,0,793487,4223,5836483,428
216992,11,3,3400828,2021,10,16,6,3,5,3,0,0,1,0,0,0,0,1,800125,1321,5831772,903
216991,11,2,2500833,2021,10,22,1,2,6,2,2,0,1,1,0,0,0,0,802996,8814,5826892,541
216990,11,12,12500928,2021,10,8,6,3,2,6,0,0,1,0,0,0,0,0,791769,4669,5836885,957
216989,11,10,10200418,2021,11,18,2,3,5,2,1,0,1,0,0,0,1,1,811292,9025,5831567,52
216988,11,4,4300416,2021,11,21,5,3,5,7,2,0,1,0,1,0,0,1,791780,3073,5825924,672
216987,11,7,7400823,2021,11,8,3,2,5,3,0,0,0,0,1,0,1,0,797277,7713,5821223,797
216986,11,9,9200715,2021,10,12,2,3,6,2,0,0,1,1,0,0,0,1,808176,9043,5818868,989
216985,11,4,4100102,2021,10,5,5,3,2,2,2,0,1,0,0,0,1,0,791203,7474,5829140,204
216984,11,5,5200420,2021,10,20,2,2,2,2,2,0,1,0,1,0,1,0,781884,2671,5829131,224
216983,11,3,3400831,2021,11,13,2,3,6,4,0,0,0,1,0,0,1,1,799940,1747,5833850,57
216982,11,8,8300934,2021,11,20,6,3,0,2,2,1,1,0,0,0,0,0,803155,4197,5818426,131
216981,11,1,1100205,2021,11,19,1,3,5,2,2,1,1,0,0,0,0,1,796952,633,5826789,541
216980,11,1,1300733,2021,10,16,2,3,2,6,0,0,1,0,0,0,1,0,797668,339,5831881,96
216979,11,10,10400836,2021,10,11,2,3,5,3,0,1,1,0,0,0,0,0,811155,1,5827124,658
216978,11,12,12601235,2021,11,2,7,3,2,7,2,0,1,0,0,0,0,0,794432,4646,5836240,152
216977,11,1,1100311,2021,11,14,1,3,1,7,0,0,1,0,0,0,0,1,799882,9852,5827832,76
216976,11,11,11200513,2021,10,7,5,2,0,2,1,0,1,0,0,0,1,0,804372,5135,5830844,997
216975,11,12,12200309,2021,10,14,6,3,0,6,0,0,1,0,1,0,0,0,793543,8508,5832384,229
216974,11,9,9501737,2021,10,16,2,3,5,3,0,1,1,0,0,0,0,0,815033,2326,5821296,513
216973,11,9,9100304,2021,10,14,6,3,0,4,0,0,0,1,1,0,0,0,804604,2134,5822063,884
216972,11,1,1200519,2021,11,12,4,3,0,5,0,1,1,0,0,0,0,1,793857,2091,5829136,377
216971,11,10,10200421,2021,11,15,5,3,5,2,0,1,1,0,0,0,0,0,812063,1643,5830615,118
216970,11,2,2300315,2021,10,12,6,3,5,2,0,1,1,0,0,0,0,0,800461,8925,5825774,294
216969,11,1,1100416,2021,10,7,3,3,5,3,0,1,1,0,0,0,0,0,798590,4818,5829516,136
216968,11,6,6300526,2021,10,13,4,3,2,3,0,0,1,0,1,0,0,0,789407,7417,5817968,418
216967,11,2,2400521,2021,10,12,2,2,5,3,0,0,1,0,1,0,0,0,801250,445,5827841,258
216966,11,5,5100104,2021,11,9,1,3,5,3,0,0,1,0,0,0,0,1,785763,6115,5831744,42
216965,11,2,2300315,2021,10,17,4,3,5,3,0,1,0,0,0,0,1,0,800597,6807,5826214,523
216964,11,9,9100101,2021,10,15,4,3,1,5,0,1,1,0,0,0,0,0,801668,9235,5824894,733
216963,11,6,7300619,2021,11,13,7,3,0,7,0,0,0,0,1,0,0,1,794819,6902,5821586,192
216962,11,8,8100314,2021,11,19,3,3,2,6,2,0,1,0,0,0,0,0,800343,4956,5824377,491
216961,11,1,1401043,2021,11,12,7,3,2,2,0,0,1,0,1,0,0,0,795682,3529,5830937,161
216960,11,5,5200631,2021,10,12,1,3,2,6,0,0,1,0,1,0,0,0,785074,5643,5827586,476
216959,11,4,4501041,2021,10,13,7,3,5,7,0,0,1,0,0,0,0,0,793140,1744,5825596,609
216958,11,1,1200624,2021,11,18,4,3,5,2,2,1,1,0,0,0,0,0,795668,8498,5829732,424
216957,11,6,6100103,2021,11,6,5,3,6,4,2,0,0,1,0,0,1,0,793946,9981,5821464,575
216956,11,6,6400838,2021,10,18,7,3,2,6,0,0,1,0,0,0,0,0,788442,5045,5821531,317
216955,11,3,3701554,2021,10,10,4,3,5,5,0,0,1,0,0,0,1,0,798943,5147,5829969,41
216954,11,10,10100315,2021,11,17,4,2,2,7,2,0,1,0,0,0,0,0,809783,25,5830680,889
216953,11,12,12500824,2021,11,16,3,3,1,5,1,0,1,0,0,1,1,1,791140,7708,5836676,613
216952,11,9,9401329,2021,10,10,5,3,2,6,0,0,1,0,0,0,0,0,812399,5438,5819581,993
216951,11,1,1100102,2021,10,3,5,3,9,1,2,0,0,0,1,0,0,0,795142,3508,5827068,305
216950,11,7,7400721,2021,10,15,2,3,5,3,0,0,1,0,1,0,0,0,797827,9656,5822536,161
216949,11,6,6100205,2021,11,11,6,2,0,1,0,0,0,0,1,0,0,1,795238,1313,5819621,85
216948,11,4,4200311,2021,11,18,1,2,5,2,2,0,1,0,0,0,0,1,790449,35,5825976,206
216947,11,8,8100103,2021,11,12,5,3,2,6,0,0,1,0,0,0,0,1,800688,7622,5822945,878
216946,11,6,6100101,2021,11,16,2,3,1,5,1,1,1,0,0,0,0,0,793230,167,5820597,14
216945,11,2,2100106,2021,10,19,7,3,5,2,2,1,1,0,0,0,0,0,798578,3304,5825563,167
216944,11,3,3400724,2021,10,16,4,3,2,6,1,0,1,0,0,0,0,0,800004,8158,5834937,114
216943,11,9,9501939,2021,10,9,2,3,5,2,0,1,0,0,0,0,1,0,810936,7101,5821596,922
216942,11,9,9502043,2021,11,9,2,3,5,3,0,0,1,0,0,0,0,0,809221,3936,5823026,352
216941,11,7,7601341,2021,11,13,5,3,5,2,0,1,0,0,0,0,1,0,798077,2823,5814312,488
216940,11,6,6200317,2021,11,11,7,2,6,4,0,0,1,1,0,0,0,0,796244,3686,5817025,442
216939,11,11,11300722,2021,10,17,3,3,5,2,0,1,1,0,0,0,0,0,804253,6095,5827663,143
216938,11,9,9501940,2021,10,21,5,3,5,2,2,1,0,0,0,0,1,1,811170,2551,5821573,338
216937,11,12,12601032,2021,11,7,6,3,1,5,0,0,1,0,0,0,1,0,793507,3156,5837540,939
216936,11,10,10200629,2021,11,15,4,3,6,2,1,0,1,1,0,0,0,1,811027,6,5828904,114
216935,11,1,1200627,2021,10,22,5,3,3,6,2,0,1,0,0,0,0,0,795510,8513,5828358,126
216934,11,12,12200309,2021,10,0,5,3,5,7,2,0,1,0,0,0,1,0,793342,5928,5832794,325
216933,11,11,11200513,2021,10,8,7,3,5,3,0,0,1,0,0,0,0,1,804488,497,5830804,369
216932,11,2,2200208,2021,10,3,6,2,0,1,2,0,0,0,0,0,1,0,797302,6188,5824832,171
216931,11,6,6300524,2021,11,15,2,3,5,2,0,1,0,0,0,1,0,1,787536,9182,5817032,408
216930,11,10,10100210,2021,11,16,5,2,6,4,2,0,1,1,0,0,0,1,808860,977,5831777,699
216929,11,4,4300619,2021,11,12,3,3,2,6,0,0,1,0,0,0,0,0,791833,2122,5827445,502
216928,11,7,7400822,2021,10,3,1,3,5,3,2,1,1,0,0,0,0,0,796418,1847,5820706,298
216927,11,1,1100312,2021,10,19,5,2,4,6,2,1,1,0,0,0,1,0,799468,9296,5826591,191
216926,11,2,2200212,2021,10,14,3,3,2,6,0,0,1,0,0,0,0,0,799623,8838,5824499,909
216925,11,4,4501153,2021,11,17,3,3,5,2,2,1,1,0,0,0,0,0,793883,9112,5823108,59
216924,11,4,4300624,2021,11,8,6,3,6,4,0,0,1,1,0,0,0,1,792862,9297,5826217,874
216923,11,2,2300315,2021,11,22,1,2,6,2,2,0,1,1,0,0,0,0,800588,5588,5825975,64
216922,11,3,3500934,2021,10,7,3,3,6,4,0,0,0,1,0,0,1,1,800917,9337,5832080,97
216921,11,1,1100309,2021,10,8,4,3,5,3,0,1,1,0,0,0,0,0,797948,6778,5828786,66
216920,11,1,1100313,2021,10,15,1,3,1,5,0,0,1,0,1,0,0,0,799912,6304,5826953,806
216919,11,7,7601340,2021,11,17,7,3,6,4,2,0,1,1,0,0,0,1,795825,4139,5816018,405
216918,11,1,1100207,2021,11,10,1,3,5,3,0,0,1,0,0,0,0,0,798024,3327,5826692,31
216917,11,9,9401330,2021,11,12,4,3,6,2,0,0,1,1,0,0,0,0,811900,2127,5817887,213
216916,11,10,10400938,2021,11,16,6,3,6,7,1,0,1,1,0,0,0,0,813416,678,5829584,877
216915,11,3,3501038,2021,10,13,6,3,6,7,0,0,0,1,0,0,1,0,803721,3771,5831992,814
216914,11,1,1100205,2021,10,17,6,3,6,4,1,0,1,1,0,0,0,1,797013,8682,5826727,899
216913,11,3,3500932,2021,10,6,2,3,5,2,2,0,0,0,0,0,1,0,802058,8954,5832780,239
216912,11,5,5300737,2021,10,14,6,3,2,6,0,0,1,0,0,0,0,0,787356,2466,5830054,244
216911,11,6,6200422,2021,11,1,3,2,8,1,2,0,1,0,0,0,0,1,794118,6358,5817425,461
216910,11,6,6200312,2021,11,7,5,3,2,6,2,0,1,0,0,0,0,1,794288,5111,5819314,779
216909,11,1,1100103,2021,10,17,6,3,3,2,0,0,1,0,1,0,0,0,795271,5508,5826057,543
216908,11,1,1300733,2021,10,9,6,3,0,1,0,1,0,0,0,0,0,0,797189,7327,5831917,16
216907,11,1,1300834,2021,10,14,3,3,5,3,0,0,1,0,0,0,1,0,797836,4476,5830459,573
216906,11,4,4300623,2021,10,17,3,3,1,5,0,1,1,0,0,0,0,0,791950,7527,5826452,4
216905,11,11,11400931,2021,10,19,2,3,6,4,1,1,0,1,0,0,0,1,805678,5726,5827215,643
216904,11,4,4200206,2021,10,17,7,2,5,3,1,1,1,0,0,0,0,0,787834,8322,5825830,603
216903,11,3,3400725,2021,10,13,6,3,2,6,0,0,1,0,0,0,1,0,799993,8024,5835316,402
216902,11,6,6200312,2021,11,19,2,3,2,2,2,0,1,0,0,0,0,0,794314,3425,5819252,125
216901,11,4,4501150,2021,11,17,5,3,1,5,2,0,1,0,0,0,0,1,793621,2775,5823945,515
216900,11,6,6400842,2021,11,17,3,3,1,5,2,0,1,0,0,0,0,0,789943,666,5819779,136
216899,11,1,1100206,2021,10,23,7,3,5,3,2,1,1,0,0,0,0,0,797882,3012,5828175,552
216898,11,12,12500825,2021,10,14,5,3,2,2,0,0,1,0,0,1,0,0,791562,698,5834401,34
216897,11,1,1300733,2021,10,14,3,3,6,7,0,0,1,1,0,0,0,0,797159,69,5831388,356
216896,11,7,7501029,2021,11,13,2,3,5,3,0,0,1,0,0,0,0,1,797538,7739,5819909,738
216895,11,4,4501149,2021,11,9,5,3,5,7,0,1,0,0,0,0,1,0,793461,2992,5824570,633
216894,11,4,4501042,2021,11,14,7,3,0,5,0,1,0,0,0,0,1,1,793581,9981,5825453,983
216893,11,7,7400927,2021,10,8,3,2,5,7,0,0,1,0,0,0,0,1,798897,2462,5821310,369
216892,11,4,4501043,2021,11,17,7,2,6,2,2,0,1,1,0,0,0,1,792833,3402,5824335,7
216891,11,5,5200632,2021,11,18,2,2,1,1,1,0,1,0,0,1,0,1,785271,6458,5827745,904
216890,11,4,4501041,2021,10,14,5,3,5,2,0,1,1,0,0,0,0,0,793508,594,5825732,312
216889,11,7,7100206,2021,10,11,6,3,0,2,0,0,1,0,0,1,1,1,796006,918,5824629,578
216888,11,4,4300620,2021,10,19,2,3,5,3,1,1,1,0,0,0,0,1,794161,275,5826991,393
216887,11,4,4200310,2021,10,20,6,3,5,7,2,0,1,0,0,0,0,0,789287,5368,5826790,634
216886,11,4,4300412,2021,11,19,3,3,2,6,2,0,1,0,0,0,0,0,791334,5556,5827466,973
216885,11,8,8100311,2021,11,19,5,3,5,2,2,1,1,0,0,0,0,1,800648,4708,5824399,48
216884,11,1,1100309,2021,10,18,6,3,1,5,1,1,0,0,0,0,1,0,798981,8662,5828819,329
216883,11,6,6200422,2021,10,14,3,3,3,2,0,0,1,0,1,0,0,0,794106,6691,5817427,502
216882,11,6,6400841,2021,10,14,3,3,0,6,0,0,0,0,0,0,1,0,789858,1979,5818759,929
216881,11,2,2100105,2021,10,16,2,3,5,3,0,0,1,0,0,0,1,0,799592,1036,5825837,826
216880,11,1,1300835,2021,11,7,3,3,1,7,0,0,0,0,0,1,1,1,797045,909,5830249,1
216879,11,11,11300616,2021,10,16,4,3,5,2,0,0,1,0,1,0,0,0,802947,675,5829805,57
216878,11,1,1100309,2021,10,20,4,3,5,2,2,1,0,1,0,0,1,0,797942,56,5828782,642
216877,11,7,7501031,2021,11,11,7,2,5,3,0,0,0,0,1,0,0,0,799173,668,5819951,615
216876,11,7,7400927,2021,11,13,3,3,0,1,0,0,0,0,1,0,0,1,798182,8691,5820934,416
216875,11,2,2300419,2021,11,18,7,3,6,7,2,0,0,1,0,0,1,0,801263,4841,5825678,703
216874,11,3,3200207,2021,10,11,1,2,5,3,0,0,1,0,1,0,0,0,798503,6078,5835385,178
216873,11,5,5200630,2021,10,13,7,3,5,3,0,1,1,0,0,0,0,0,784504,1331,5827381,94
216872,11,5,5100208,2021,11,17,4,3,5,2,2,0,1,0,0,0,1,0,781547,642,5830703,526
216871,11,11,11400931,2021,11,12,6,3,5,2,0,0,1,0,0,0,0,0,806695,5862,5826907,301
216870,11,5,5100101,2021,10,5,2,3,1,1,2,0,1,0,0,0,0,1,784923,6398,5832224,94
216869,11,5,5100316,2021,10,15,4,3,6,4,0,0,1,1,0,0,0,0,785164,232,5829375,472
216868,11,1,1100310,2021,11,15,5,3,2,2,0,0,1,0,0,0,0,0,799114,672,5828969,657
216867,11,8,8200726,2021,11,17,4,3,2,6,1,0,1,0,0,0,0,1,801498,9186,5820450,152
216866,11,1,1401048,2021,10,14,5,3,5,2,0,1,1,0,0,0,0,0,795297,9049,5831409,834
216865,11,3,3601347,2021,10,8,5,3,1,5,0,1,1,0,0,0,0,1,799490,6145,5830409,636
216864,11,2,2500835,2021,10,13,2,3,1,5,0,0,1,0,0,0,0,0,803017,6474,5826053,37
216863,11,3,3200309,2021,11,6,6,3,6,4,1,0,1,1,0,0,0,1,800362,8646,5836347,477