OBJECTID,LAND,BEZ,LOR_ab_2021,UJAHR,UMONAT,USTUNDE,UWOCHENTAG,UKATEGORIE,UART,UTYP1,ULICHTVERH,IstRad,IstPKW,IstFuss,IstKrad,IstGkfz,IstSonstige,USTRZUSTAND,LINREFX,LINREFY,XGCSWGS84,YGCSWGS84
216862,11,1,1401045,2021,11,10,2,3,0,1,0,1,0,0,0,0,0,1,796441,6708,5831935,327
216861,11,7,7501029,2021,11,17,4,2,2,6,2,0,1,0,0,0,0,0,797514,6244,5820073,757
216860,11,8,8301037,2021,11,18,2,3,1,5,2,0,1,0,0,0,0,0,804589,9715,5817455,27
216859,11,3,3601245,2021,10,20,7,3,5,2,2,1,1,0,0,0,0,0,800193,477,5830930,861
216858,11,7,7100206,2021,10,14,4,3,5,2,0,1,0,0,0,0,1,0,796555,8954,5824856,211
216857,11,1,1100205,2021,10,8,2,3,2,6,0,0,1,0,0,0,0,0,796955,6821,5826749,357
216856,11,10,10100313,2021,11,6,2,2,5,2,1,1,1,0,0,0,0,0,808514,3391,5831162,12
216855,11,11,11100102,2021,11,14,5,3,2,6,0,0,1,0,0,0,0,0,807995,9333,5833888,478
216854,11,9,9501737,2021,11,9,1,2,8,1,0,0,0,0,1,0,0,1,815871,7337,5821217,539
216853,11,5,5300735,2021,10,19,3,3,5,2,2,0,1,0,0,0,0,1,786568,6339,5830554,345
216852,11,3,3500933,2021,10,15,5,3,5,2,0,0,1,0,0,0,0,1,802411,9609,5832569,21
216851,11,1,1100309,2021,11,22,6,3,1,5,2,1,1,0,0,0,0,0,798556,2446,5828956,995
216850,11,8,8100312,2021,10,19,5,3,1,5,2,0,1,0,0,1,0,0,800934,8749,5824238,235
216849,11,3,3701660,2021,10,12,6,3,1,7,0,1,1,0,0,0,0,0,800807,3501,5829515,752
216848,11,5,5200420,2021,10,10,7,3,5,3,0,0,1,0,0,0,0,0,782152,6743,5827887,775
216847,11,5,5400944,2021,10,14,6,2,5,2,0,0,1,0,1,0,0,0,781887,1925,5820011,31
216846,11,5,5100101,2021,11,14,3,2,8,1,0,0,1,0,0,0,0,0,784978,158,5834359,977
216845,11,7,7200308,2021,11,7,6,3,2,6,0,0,1,0,0,0,0,1,795008,2153,5823325,314
216844,11,1,1100309,2021,11,23,5,3,6,6,2,0,1,1,0,0,0,1,798631,4004,5828439,313
216843,11,4,4501153,2021,10,14,1,2,1,5,0,0,1,0,1,0,0,0,794092,4912,5823927,744
216842,11,3,3501037,2021,10,14,5,3,1,5,0,0,1,0,0,0,1,0,803056,1681,5832648,584
216841,11,4,4501043,2021,10,17,3,3,5,2,0,1,1,0,0,0,0,0,792939,802,5825266,704
216840,11,8,8100206,2021,11,14,2,3,5,3,0,1,0,0,0,0,1,1,800699,3132,5823542,353
216839,11,5,5300735,2021,11,11,7,3,4,6,0,0,1,0,1,0,0,0,786706,3845,5831195,628
216838,11,2,2300315,2021,11,15,2,3,5,3,0,0,1,0,0,0,0,0,800788,8448,5825815,705
216837,11,11,11200410,2021,10,6,3,2,0,1,0,0,0,0,1,0,0,1,805002,398,5833004,651
216836,11,4,4200308,2021,11,14,7,3,2,6,0,0,1,0,0,0,0,1,790325,3196,5827297,26
216835,11,3,3601245,2021,11,17,2,3,5,2,2,1,0,0,0,1,0,1,800191,135,5830951,57
216834,11,1,1300731,2021,11,21,3,3,1,5,2,1,1,0,0,0,0,1,797409,8288,5833146,425
216833,11,4,4300518,2021,11,6,6,3,1,5,1,1,1,0,0,0,0,1,791424,4864,5828733,681
216832,11,9,9501737,2021,10,19,6,3,5,2,2,0,1,0,1,0,0,0,814717,269,5821936,671
216831,11,7,7400720,2021,10,15,1,3,5,3,0,0,1,0,1,0,0,0,796837,3596,5822819,62
216830,11,7,7501134,2021,10,19,7,3,1,5,2,0,1,0,0,0,0,0,798286,1524,5818960,924
216829,11,3,3100103,2021,11,22,3,2,0,1,2,0,0,0,1,0,0,1,804128,6478,5841215,889
216828,11,2,2200208,2021,11,14,5,3,5,2,0,1,1,0,0,0,0,1,797909,8182,5825272,649
216827,11,1,1100309,2021,10,11,7,3,0,1,0,1,0,0,0,0,0,0,798500,4491,5828387,33
216826,11,2,2300316,2021,10,16,6,3,5,3,0,1,1,0,0,0,0,0,800733,9316,5826517,516
216825,11,2,2100102,2021,10,12,3,3,2,6,0,0,1,0,0,0,0,0,798301,41,5826138,752
216824,11,8,8200832,2021,10,6,4,3,5,2,2,0,1,0,1,0,0,0,801024,9517,5817071,556
216823,11,10,10300734,2021,10,17,2,3,5,2,1,1,1,0,0,0,0,0,808798,212,5826345,182
216822,11,8,8200726,2021,11,10,3,3,5,2,0,0,1,0,0,0,0,1,802369,5057,5819918,144
216821,11,12,12100102,2021,10,13,4,3,2,6,0,0,1,0,1,0,0,0,796736,7098,5833528,851
216820,11,1,1300835,2021,10,19,1,3,8,1,2,0,1,0,0,0,0,1,797884,4212,5829876,9
216819,11,4,4500937,2021,11,16,6,3,2,6,1,0,1,0,0,0,0,1,791493,582,5825068,611
216818,11,1,1401044,2021,11,6,7,3,1,7,2,0,1,0,0,0,0,0,796571,6862,5831633,132
216817,11,2,2100104,2021,11,12,4,3,5,2,0,1,0,0,1,0,0,0,799189,5,5826254,487
216816,11,4,4501043,2021,11,7,1,3,1,5,0,0,1,0,0,0,1,0,793066,3511,5824819,16
216815,11,1,1401048,2021,10,13,5,3,1,5,0,0,1,0,0,1,0,0,795311,5226,5831476,743
216814,11,8,8100417,2021,10,15,2,3,3,6,0,0,1,0,0,0,0,0,802440,154,5823196,183
216813,11,8,8100102,2021,11,8,2,3,3,6,0,1,1,0,0,0,0,0,800541,3602,5823354,37
216812,11,6,6100207,2021,11,12,4,3,5,3,0,1,0,0,1,0,0,0,793560,7826,5819655,66
216811,11,9,9200715,2021,11,8,6,3,2,6,0,0,1,0,0,0,0,1,809060,1816,5818759,6
216810,11,7,7501029,2021,10,16,2,3,0,2,0,1,1,0,0,0,0,0,797565,8782,5818730,979
216809,11,2,2500726,2021,10,19,3,3,0,2,1,1,1,0,0,0,0,1,801961,4864,5828236,66
216808,11,4,4501040,2021,11,22,4,3,3,2,2,0,1,0,0,0,0,0,792715,297,5825462,421
216807,11,7,7501135,2021,11,7,4,3,0,2,0,0,1,0,0,0,1,1,799055,1002,5816810,464
216806,11,9,9100203,2021,10,11,5,2,6,7,0,0,1,1,0,0,0,0,803843,108,5823840,784
216805,11,12,12500824,2021,10,23,5,3,0,1,2,1,0,0,0,0,0,0,791243,2034,5835513,1
216804,11,8,8100417,2021,10,15,6,3,3,6,0,0,1,0,0,0,1,0,802542,2633,5823108,749
216803,11,8,8100103,2021,11,18,1,3,1,5,2,1,1,0,0,0,0,1,800677,196,5822974,958
216802,11,1,1401048,2021,11,21,5,3,5,3,2,1,0,0,0,0,1,1,795185,7576,5831355,917
216801,11,8,8100312,2021,11,9,2,3,5,7,0,0,1,0,1,0,0,0,801298,7717,5824792,11
216800,11,10,10100101,2021,10,9,7,3,6,4,0,0,1,1,0,0,0,0,808662,9431,5833991,614
216799,11,3,3200309,2021,11,12,3,3,0,6,0,0,0,0,0,0,1,0,800071,8367,5837471,74
216798,11,9,9200819,2021,10,22,4,3,5,2,2,1,1,0,0,0,0,0,809791,5175,5820491,161
216797,11,1,1100207,2021,10,6,4,2,5,2,1,0,1,0,0,0,0,0,798901,676,5827344,785
216796,11,6,6200313,2021,10,19,1,3,6,2,2,0,1,1,0,0,0,0,795163,1233,5818244,128
216795,11,7,7300619,2021,11,11,7,3,2,2,0,1,1,0,0,0,0,0,795418,4409,5820974,111
216794,11,8,8100209,2021,11,15,7,3,2,3,0,1,1,0,0,0,0,0,801577,8823,5822298,4
216793,11,7,7200307,2021,11,13,4,3,6,7,0,0,1,1,0,0,0,0,794474,1257,5824197,834
216792,11,4,4501042,2021,11,14,7,3,0,2,0,0,1,0,0,0,1,0,793979,1724,5826176,796
216791,11,12,12200310,2021,10,12,1,3,5,2,0,0,1,0,0,0,0,0,792212,2418,5833125,354
216790,11,8,8401242,2021,10,12,7,3,5,3,0,0,1,0,0,0,0,0,804556,4727,5816548,139
216789,11,10,10200629,2021,11,8,5,3,2,6,0,0,1,0,0,0,0,0,810617,9926,5827983,233
216788,11,2,2300314,2021,11,18,6,3,6,2,2,0,1,1,0,0,0,1,799630,993,5826155,538
216787,11,4,4400834,2021,10,8,2,3,0,7,0,0,0,0,1,0,0,1,792653,6312,5822308,925
216786,11,9,9301228,2021,10,15,4,3,8,1,0,0,1,0,0,0,0,1,818793,2995,5812578,6
216785,11,2,2200208,2021,11,8,4,3,5,2,0,0,0,0,0,1,1,1,797266,1927,5824842,404
216784,11,10,10400835,2021,11,11,4,3,5,3,0,0,1,0,0,0,0,1,812712,8498,5829639,34
216783,11,3,3601449,2021,10,16,5,3,5,2,1,1,1,0,0,0,0,0,801077,4765,5830447,998
216782,11,10,10300733,2021,10,12,5,3,3,6,0,0,1,0,0,0,1,1,809248,822,5827232,66
216781,11,7,7400824,2021,10,10,2,3,1,5,0,1,1,0,0,0,0,0,797841,6307,5822041,686
216780,11,10,10300731,2021,10,9,6,3,5,7,0,1,0,0,0,0,0,0,809642,9517,5829666,425
216779,11,8,8100313,2021,11,7,2,3,6,2,0,0,1,1,0,0,0,1,801851,45,5824433,236
216778,11,1,1300836,2021,11,16,5,3,5,2,2,0,1,0,0,0,0,1,796299,887,5830669,29
216777,11,1,1100312,2021,11,9,3,3,5,3,0,1,0,0,1,0,0,0,798918,203,5826697,14
216776,11,11,11400927,2021,10,19,7,3,0,7,2,1,0,0,0,0,0,0,803664,395,5826382,315
216775,11,2,2300316,2021,10,13,5,3,5,2,0,1,1,0,0,0,0,0,801473,178,5826030,28
216774,11,4,4400833,2021,10,8,2,3,0,2,0,0,1,0,1,0,0,0,792540,4203,5822320,654
216773,11,4,4100101,2021,10,22,1,3,5,2,2,0,1,0,1,0,0,0,793340,975,5829718,481
216772,11,2,2200213,2021,11,16,5,3,0,3,0,1,1,0,0,0,0,0,800012,4825,5824708,459
216771,11,9,9200715,2021,11,17,1,3,2,6,1,0,1,0,0,0,0,1,807265,8791,5818122,947
216770,11,9,9200512,2021,10,11,2,3,2,6,0,0,1,0,0,0,0,1,808392,5267,5821744,867
216769,11,8,8301037,2021,11,17,7,3,6,2,1,0,1,1,0,0,0,1,804131,1941,5817819,83
216768,11,6,6100209,2021,10,9,6,3,3,2,0,0,1,0,1,0,0,0,794693,467,5821671,401
216767,11,4,4501041,2021,10,16,6,3,5,7,0,1,1,0,0,0,0,1,792839,9838,5825508,654
216766,11,10,10200421,2021,10,16,7,3,3,6,0,0,1,0,0,0,0,0,812218,868,5830886,973
216765,11,1,1100206,2021,10,16,6,3,2,2,0,1,1,0,0,0,0,0,797404,9666,5827566,596
216764,11,10,10400939,2021,11,15,3,3,5,3,0,0,1,0,1,0,0,0,812934,104,5827906,149
216763,11,5,5100208,2021,11,12,5,3,2,6,0,0,1,0,0,1,0,1,782387,3616,5830501,968
216762,11,11,11400929,2021,11,20,4,3,6,4,2,0,1,1,0,0,0,1,805268,8441,5827324,554
216761,11,7,7601442,2021,10,21,1,2,6,2,2,0,0,1,0,0,1,1,799277,6289,5816273,905
216760,11,2,2100102,2021,10,20,5,3,5,3,2,0,1,0,0,0,0,0,798367,4582,5826334,185
216759,11,2,2400625,2021,10,13,3,3,1,5,0,1,1,0,0,0,0,0,801311,1747,5826466,869
216758,11,1,1200520,2021,11,19,6,3,1,5,2,0,1,0,0,0,1,0,794583,3443,5828565,359
216757,11,3,3501038,2021,11,13,2,3,5,3,0,1,1,0,0,0,0,0,803407,2083,5831677,995
216756,11,10,10300733,2021,10,7,4,3,0,1,0,1,0,0,0,0,0,0,809003,675,5826683,35
216755,11,11,11501340,2021,10,12,1,3,2,6,0,0,1,0,0,0,0,0,807990,2326,5823866,93
216754,11,7,7400721,2021,11,17,7,3,6,4,2,0,0,1,0,0,1,1,797835,7,5823840,55
216753,11,12,12100102,2021,11,15,7,3,1,5,0,1,1,0,0,0,0,0,796116,499,5833292,703
216752,11,6,6300524,2021,11,21,3,3,0,2,2,0,1,0,1,0,0,0,788747,7948,5817002,2
216751,11,3,3400619,2021,11,6,6,2,5,2,2,1,0,0,0,0,1,1,795961,8571,5835565,521
216750,11,5,5100209,2021,10,15,6,1,6,4,0,0,0,1,1,0,0,0,783575,2,5830201,53
216749,11,10,10100315,2021,10,13,7,3,2,6,0,0,1,0,0,0,0,0,809499,5315,5831431,297
216748,11,12,12200412,2021,10,12,7,3,2,6,0,0,1,0,0,0,1,0,790646,5996,5833703,343
216747,11,7,7300516,2021,11,15,4,3,6,7,0,1,0,1,0,0,0,0,793960,9836,5821818,31
216746,11,1,1300733,2021,11,19,5,2,6,2,2,0,1,1,0,0,0,1,797177,2889,5831924,824
216745,11,10,10300734,2021,10,13,7,3,2,2,0,0,1,0,1,0,0,0,809627,15,5825731,996
216744,11,3,3100103,2021,10,11,6,3,6,4,0,0,1,1,0,0,0,0,803982,8218,5841302,519
216743,11,2,2500835,2021,10,16,4,3,2,6,0,0,0,0,1,0,1,1,803259,5883,5826318,16
216742,11,1,1100416,2021,10,14,4,2,1,5,0,1,0,0,0,0,1,0,798562,8706,5829228,789
216741,11,4,4500937,2021,10,13,3,3,2,6,0,1,0,0,0,0,0,0,791392,526,5825036,44
216740,11,4,4100102,2021,11,15,4,2,5,3,0,0,1,0,0,0,0,1,791195,9022,5829044,268
216739,11,11,11501340,2021,11,14,3,2,3,6,0,1,0,0,0,1,0,1,807347,71,5825133,567
216738,11,6,6300634,2021,10,10,4,2,5,2,0,1,1,0,0,0,0,0,791690,8589,5818804,158
216737,11,9,9200715,2021,10,17,4,3,5,2,1,1,0,0,0,0,1,0,807882,9003,5818476,61
216736,11,5,5100105,2021,10,8,2,3,1,5,0,0,0,0,0,0,1,0,784996,8761,5831734,42
216735,11,6,6200314,2021,11,23,6,2,0,1,2,0,0,0,0,0,1,1,795066,8315,5818143,628
216734,11,1,1200628,2021,11,13,7,3,2,2,0,0,1,0,0,0,0,0,796266,52,5828505,217
216733,11,3,3601451,2021,11,7,4,3,1,5,0,1,1,0,0,0,0,0,800890,6203,5829942,4
216732,11,11,11200514,2021,11,10,1,2,0,6,0,0,1,0,0,0,1,0,803523,3769,5829768,35
216731,11,1,1401046,2021,10,14,7,3,0,6,0,0,1,0,0,0,1,0,795081,932,5830338,74
216730,11,12,12200307,2021,10,13,5,3,0,6,0,1,1,0,0,0,0,0,793506,966,5833965,537
216729,11,2,2400625,2021,10,9,2,3,8,1,0,0,1,0,0,0,0,1,801133,3632,5826596,158
216728,11,2,2500830,2021,11,13,2,3,0,1,0,1,0,0,1,0,0,1,802475,8278,5827408,817
216727,11,5,5200423,2021,11,13,5,3,5,3,0,0,1,0,0,0,0,0,780879,6893,5828331,401
216726,11,12,12500825,2021,11,14,6,3,5,2,0,1,1,0,0,0,0,0,792277,6702,5835009,213
216725,11,1,1300733,2021,10,17,7,3,5,2,0,1,1,0,0,0,0,0,797707,1837,5831731,61
216724,11,1,1100312,2021,10,9,5,3,0,7,0,1,0,0,0,0,0,0,799703,3891,5827271,27
216723,11,3,3601452,2021,11,15,6,3,2,6,0,0,1,0,0,0,0,0,802220,5052,5829149,763
216722,11,1,1100102,2021,11,16,4,3,2,6,2,0,1,0,0,0,0,1,795567,9576,5826665,45
216721,11,1,1100312,2021,10,16,4,3,0,1,0,1,1,0,0,0,0,0,799238,2336,5827184,51
216720,11,2,2500727,2021,10,8,5,3,0,7,0,0,0,0,1,0,1,1,802255,118,5827998,67
216719,11,9,9200510,2021,10,12,6,3,5,2,0,1,1,0,0,0,0,0,806607,2126,5822049,731
216718,11,3,3501037,2021,11,7,2,3,5,2,0,1,1,0,0,0,0,1,802207,9477,5832985,692
216717,11,1,1100310,2021,11,16,5,3,5,2,1,1,0,0,0,0,1,1,799109,5697,5828466,18
216716,11,11,11400927,2021,11,7,3,3,5,3,0,1,1,0,0,0,0,0,803619,6314,5826582,287
216715,11,1,1100102,2021,10,22,7,3,2,6,2,0,1,0,0,0,0,0,796429,7975,5826616,921
216714,11,5,5100209,2021,10,14,5,3,4,6,0,1,0,0,0,0,1,0,783626,6873,5830180,311
216713,11,12,12500824,2021,10,15,2,3,3,6,0,0,0,0,1,0,1,0,790453,9109,5835950,285
216712,11,12,12500930,2021,11,12,2,3,0,7,0,0,0,1,0,0,1,0,793599,4529,5834642,449
216711,11,1,1100310,2021,11,17,5,3,5,3,2,0,0,0,0,0,1,1,799142,9934,5828910,134
216710,11,2,2500836,2021,11,15,1,3,6,4,0,0,1,1,0,0,0,1,803221,9129,5825577,538
216709,11,3,3400830,2021,10,15,2,3,4,6,0,1,0,0,0,0,0,0,800014,8695,5833422,202
216708,11,12,12200309,2021,10,17,1,3,2,6,0,0,1,0,0,0,0,0,793501,3947,5832403,154
216707,11,4,4300517,2021,11,21,7,3,1,5,2,0,1,0,0,0,1,1,791441,7278,5828497,999
216706,11,12,12400722,2021,10,7,6,3,2,6,0,0,1,0,0,0,0,0,790586,8428,5837296,152
216705,11,6,6100209,2021,10,14,7,3,5,2,0,0,1,0,0,0,1,0,794772,612,5820910,217
216704,11,8,8100104,2021,10,21,6,3,3,6,2,1,1,0,0,0,0,1,800900,9467,5822401,95
216703,11,6,6400838,2021,10,18,6,3,1,5,2,0,1,0,0,0,0,0,788216,1962,5818867,424
216702,11,4,4501041,2021,11,11,3,3,2,6,0,1,1,0,0,0,0,0,793014,169,5825575,151
216701,11,5,5100104,2021,11,18,5,3,5,7,1,1,1,0,0,0,0,1,785216,7949,5831829,623
216700,11,1,1300835,2021,10,9,7,3,1,6,0,1,1,0,0,0,1,0,797121,6921,5829928,1
216699,11,1,1200623,2021,10,5,3,3,6,2,2,0,0,1,0,0,1,0,795488,5981,5829571,781
216698,11,4,4500936,2021,10,1,4,3,0,1,2,0,0,0,0,0,1,0,792158,4317,5825651,85
216697,11,7,7200307,2021,11,16,1,3,0,6,2,1,0,0,0,0,0,1,794950,6772,5824641,212
216696,11,8,8100416,2021,10,8,3,3,0,7,0,0,0,0,0,0,1,0,801475,3323,5823244,27
216695,11,8,8300935,2021,10,13,5,3,6,4,0,0,1,1,0,0,0,0,802845,1191,5817477,526
216694,11,12,12500926,2021,10,11,3,3,6,4,0,0,1,1,0,0,0,0,793567,9958,5836121,347
216693,11,1,1100101,2021,11,18,2,3,5,2,2,1,1,0,0,0,0,1,795258,3068,5826614,93
216692,11,4,4300624,2021,11,14,5,3,2,6,0,1,1,0,0,0,0,0,792931,804,5826747,175
216691,11,8,8401241,2021,11,13,7,3,5,3,0,0,1,0,0,0,0,0,803955,9498,5819035,235
216690,11,6,6100209,2021,10,18,3,3,2,6,1,0,1,0,0,0,0,0,794366,237,5820851,343
216689,11,11,11200513,2021,11,7,6,3,5,3,1,1,1,0,0,0,0,0,804727,1298,5831202,469
216688,11,11,11200411,2021,10,17,5,2,5,3,0,1,1,0,0,0,0,0,805607,4635,5831775,939
216687,11,2,2300314,2021,10,20,6,3,4,6,2,0,1,0,0,0,0,1,800016,7421,5826277,619
216686,11,10,10100205,2021,10,15,6,2,0,3,0,0,1,0,1,0,0,1,807945,9279,5832318,658
216685,11,1,1100415,2021,10,23,6,2,5,3,2,0,1,0,0,0,0,0,797960,9758,5829307,389
216684,11,12,12500930,2021,11,5,3,3,5,2,2,1,1,0,0,0,0,1,792857,8355,5835156,672
216683,11,2,2500830,2021,11,8,6,3,0,1,0,0,0,0,1,0,0,1,802147,4071,5827549,949
216682,11,5,5100317,2021,11,6,4,3,2,6,1,0,1,0,0,0,0,1,786834,5324,5828205,349
216681,11,8,8100521,2021,10,22,1,3,6,7,2,0,1,1,0,0,0,0,803372,131,5822551,269
216680,11,2,2500832,2021,10,14,2,2,5,3,0,0,1,0,1,0,0,0,803122,8406,5827106,617
216679,11,11,11200411,2021,10,5,3,3,5,3,2,1,1,0,0,0,0,0,805842,2526,5831854,626
216678,11,8,8100417,2021,11,16,2,3,6,2,0,1,0,1,0,1,0,0,802575,9132,5823076,939
216677,11,6,6100208,2021,10,12,3,3,2,6,0,0,1,0,0,0,0,1,794767,8829,5820678,48
216676,11,1,1401046,2021,10,9,4,3,5,3,0,1,1,0,0,0,0,0,795216,8019,5830200,132
216675,11,1,1300834,2021,11,18,7,3,6,2,2,0,1,1,0,0,0,1,798079,2108,5830005,99
216674,11,3,3400619,2021,11,18,2,3,0,3,2,0,1,0,1,0,0,1,795862,8541,5835595,234
216673,11,1,1200520,2021,11,11,3,3,2,3,0,1,1,0,0,0,0,1,794238,6755,5828867,179
216672,11,6,6400842,2021,11,14,6,3,6,4,0,1,0,1,0,0,0,0,789858,5129,5819874,835
216671,11,5,5200423,2021,10,13,7,3,6,7,0,0,1,1,0,0,0,0,781828,869,5828449,732
216670,11,11,11401033,2021,10,11,7,3,6,4,0,0,0,1,0,0,1,0,807526,1261,5827735,412
216669,11,2,2100101,2021,11,17,3,3,5,2,2,0,1,0,0,0,1,0,797848,7634,5825634,402
216668,11,6,6400838,2021,11,13,5,3,6,4,0,0,0,1,0,0,1,0,788152,3272,5818746,963
216667,11,5,5100105,2021,10,15,6,3,2,6,0,0,1,0,0,0,0,0,784751,559,5831112,39
216666,11,5,5100315,2021,10,11,6,2,2,4,0,0,1,1,0,0,0,0,784681,5205,5829700,833
216665,11,2,2400521,2021,10,21,3,3,5,2,2,0,1,0,0,0,1,1,800481,5358,5828456,61
216664,11,12,12500928,2021,10,18,3,3,0,3,2,0,1,0,1,0,0,0,791964,6303,5837017,495
216663,11,11,11501238,2021,11,9,4,3,5,3,0,1,1,0,0,0,0,0,804409,1663,5825663,873
216662,11,12,12200309,2021,11,18,3,3,2,2,1,0,1,0,1,0,0,1,793161,611,5832632,956
216661,11,1,1300834,2021,10,13,4,3,2,2,0,0,1,0,1,0,0,0,797568,1559,5830936,875
216660,11,1,1200627,2021,10,9,6,3,0,7,0,0,1,0,1,0,0,0,796059,894,5828502,605
216659,11,12,12200309,2021,10,0,2,3,1,1,2,0,1,0,0,0,0,1,793335,4812,5832828,357
216658,11,4,4300517,2021,11,13,6,3,3,6,0,0,1,0,0,0,0,1,791461,8762,5828332,68
216657,11,6,6200313,2021,11,18,1,3,6,2,2,0,1,1,0,0,0,1,795364,5635,5818443,486
216656,11,8,8100208,2021,11,17,4,2,0,4,2,1,0,1,0,0,0,0,801148,3834,5822855,622
216655,11,12,12500824,2021,11,13,3,2,6,4,0,0,1,1,0,0,0,0,790628,8588,5835888,788
216654,11,7,7601339,2021,10,12,6,3,5,2,0,1,1,0,0,0,0,0,795799,8707,5816024,836
216653,11,12,12200412,2021,10,13,5,3,5,7,0,0,1,0,1,0,0,0,789848,4217,5833676,72
216652,11,6,6400735,2021,10,15,1,3,5,7,0,1,1,0,0,0,0,0,780397,4982,5816677,716
216651,11,5,5100317,2021,10,6,1,3,2,6,0,0,1,0,0,0,0,0,786750,5777,5828206,921
216650,11,4,4200311,2021,11,10,4,3,2,6,0,0,1,0,0,0,0,0,790561,9563,5825417,516
216649,11,11,11401136,2021,11,10,6,3,5,2,0,0,1,0,0,0,1,0,805399,6415,5826058,917
216648,11,1,1100310,2021,10,16,3,3,6,4,0,1,0,1,0,0,0,1,799179,9906,5827748,823
216647,11,9,9100101,2021,10,9,5,3,5,3,0,1,0,0,0,0,0,0,801416,4212,5824802,363
216646,11,4,4400728,2021,11,9,6,3,5,7,0,0,1,0,1,0,0,0,790673,3631,5822855,732
216645,11,5,5300840,2021,11,20,4,3,2,6,2,0,1,0,0,0,0,0,789333,4062,5828941,123
216644,11,12,12200310,2021,10,18,4,2,0,1,0,0,0,0,1,0,0,0,792155,1271,5832942,68
216643,11,7,7400721,2021,10,5,7,3,9,1,2,0,0,0,1,0,0,1,797217,342,5823369,907
216642,11,4,4500937,2021,10,12,6,3,1,5,0,1,1,0,0,0,0,0,790908,6126,5825037,954
216641,11,1,1100310,2021,11,9,3,2,5,3,0,1,0,0,0,0,1,1,799230,732,5828937,485
216640,11,1,1300835,2021,11,17,5,3,6,4,1,0,1,1,0,0,0,1,797173,4126,5830359,55
216639,11,6,6400844,2021,11,13,3,3,3,6,0,0,1,0,0,0,1,0,792693,3316,5821729,767
216638,11,4,4501045,2021,10,21,7,3,0,3,0,0,1,0,0,0,1,0,793975,188,5824964,16
216637,11,11,11501341,2021,10,14,5,3,5,3,0,0,1,0,1,0,0,0,807139,4063,5823921,605
216636,11,12,12601235,2021,10,7,3,3,5,2,2,1,1,0,0,0,0,0,795280,9343,5836353,89
216635,11,7,7100205,2021,11,16,2,3,2,6,1,0,1,0,0,0,0,1,796333,6392,5825114,651
216634,11,1,1300730,2021,11,8,5,3,0,2,0,1,1,0,0,0,0,0,796220,4654,5832199,576
216633,11,1,1100313,2021,11,19,1,3,5,2,2,1,1,0,0,0,0,1,799969,9895,5826933,14
216632,11,1,1100205,2021,10,6,3,3,5,3,0,0,1,0,0,0,1,1,797405,6141,5826969,978
216631,11,11,11400929,2021,11,17,7,3,5,2,2,0,1,0,1,0,0,1,805342,1987,5827362,508
216630,11,6,6400843,2021,11,9,2,3,5,3,0,0,1,0,0,0,0,1,791207,9823,5819689,265
216629,11,3,3100103,2021,10,8,5,3,1,5,0,0,1,0,0,1,0,0,804311,1992,5840454,118
216628,11,12,12200307,2021,10,17,6,3,5,2,1,0,1,0,0,0,0,1,793432,3554,5833373,918
216627,11,8,8100209,2021,10,15,2,3,5,2,0,1,1,0,0,0,0,0,801719,2083,5822127,913
216626,11,8,8100104,2021,10,13,6,3,4,6,0,1,0,0,0,0,1,0,800225,5666,5822383,837
216625,11,5,5300737,2021,11,8,4,3,5,3,0,1,1,0,0,0,0,0,787583,68,5829933,474
216624,11,10,10400938,2021,11,9,5,3,5,3,0,1,0,0,0,0,1,0,813629,8441,5829140,4
216623,11,10,10300733,2021,10,17,6,3,2,6,0,0,1,0,0,0,0,0,809518,147,5827233,136
216622,11,5,5300840,2021,10,15,3,3,4,6,0,0,1,0,0,0,1,0,789129,382,5829478,833
216621,11,7,7601236,2021,10,18,3,3,5,3,2,0,1,0,0,0,0,1,796457,8117,5816468,636
216620,11,1,1300835,2021,10,8,2,3,5,2,0,1,1,0,0,0,0,0,797774,2035,5829746,23
216619,11,1,1300835,2021,11,8,2,3,5,2,0,1,1,0,0,0,0,0,797418,1723,5830530,983
216618,11,4,4300517,2021,10,15,4,3,5,3,0,1,1,0,0,0,0,0,791712,4075,5828471,92
216617,11,1,1400942,2021,10,15,4,3,5,2,0,0,1,0,0,0,0,0,794495,7058,5830686,308
216616,11,1,1401043,2021,11,18,7,3,0,1,2,1,0,0,0,0,0,0,795831,9193,5830975,652
216615,11,1,1401047,2021,11,9,3,3,5,3,0,1,1,0,0,0,0,1,795353,8292,5830378,598
216614,11,3,3200207,2021,11,21,7,3,1,5,2,0,1,0,1,0,0,0,798464,9872,5835863,245
216613,11,9,9200715,2021,10,11,1,3,2,2,0,0,1,0,0,0,0,0,807716,3288,5818115,271
216612,11,8,8200730,2021,10,13,7,2,1,5,0,0,0,0,1,0,1,0,801780,207,5818302,746
216611,11,8,8100314,2021,11,22,5,3,5,3,2,0,1,0,0,0,0,1,801071,6524,5823987,328
216610,11,9,9200613,2021,11,19,5,3,2,6,2,0,1,0,0,0,0,0,807677,6918,5820991,536
216609,11,3,3701659,2021,10,9,2,3,6,7,0,0,1,1,0,0,0,0,800042,3022,5829518,599