OBJECTID,LAND,BEZ,LOR_ab_2021,UJAHR,UMONAT,USTUNDE,UWOCHENTAG,UKATEGORIE,UART,UTYP1,ULICHTVERH,IstRad,IstPKW,IstFuss,IstKrad,IstGkfz,IstSonstige,USTRZUSTAND,LINREFX,LINREFY,XGCSWGS84,YGCSWGS84
216608,11,11,11300722,2021,10,7,4,3,5,2,0,1,1,0,0,0,0,0,803886,8349,5827888,421
216607,11,2,2400623,2021,11,11,5,3,5,2,0,1,1,0,0,0,0,0,801068,6989,5827113,233
216606,11,4,4400835,2021,11,11,3,3,5,2,0,0,1,0,1,0,0,1,793036,507,5822008,492
216605,11,6,6200317,2021,10,13,5,3,5,3,0,0,1,0,0,0,1,0,795894,7704,5816508,393
216604,11,3,3400721,2021,10,15,5,3,1,5,0,1,1,0,0,0,0,1,798259,97,5833397,704
216603,11,1,1100312,2021,10,15,2,3,1,5,0,1,1,0,0,0,0,0,799712,4594,5827312,969
216602,11,5,5100314,2021,11,14,6,3,5,3,0,0,1,0,1,0,0,1,784900,2106,5830497,765
216601,11,4,4501043,2021,11,7,2,3,1,5,0,0,1,0,1,0,0,1,792604,8729,5824929,312
216600,11,7,7601341,2021,11,13,5,2,6,4,0,0,1,1,0,0,0,1,798081,6462,5814499,868
216599,11,6,6400838,2021,11,8,2,3,5,3,0,0,1,0,0,0,0,1,788489,957,5821521,5
216598,11,3,3400724,2021,10,12,7,3,2,6,0,1,1,0,0,0,0,0,800002,2602,5834961,477
216597,11,10,10300734,2021,10,12,5,3,5,2,0,0,1,0,0,0,0,0,809581,6716,5824943,404
216596,11,5,5100314,2021,10,10,2,3,2,6,0,0,1,0,0,0,0,0,785149,549,5829617,599
216595,11,5,5300736,2021,10,21,4,3,5,2,2,0,1,0,0,0,0,0,785975,4481,5829217,791
216594,11,4,4501149,2021,11,13,7,3,5,2,0,1,1,0,0,0,0,0,793453,1353,5824404,532
216593,11,9,9200715,2021,11,9,2,3,5,3,0,1,1,0,0,0,0,1,809308,7729,5818515,674
216592,11,11,11300620,2021,11,19,3,3,5,2,2,0,1,0,0,0,0,0,803554,9732,5829754,264
216591,11,1,1200517,2021,11,16,2,3,5,3,0,0,1,0,0,0,0,0,794421,3958,5829388,612
216590,11,5,5400944,2021,10,8,7,3,7,7,0,1,0,0,0,0,0,0,781504,2149,5819762,596
216589,11,1,1100207,2021,10,11,7,2,5,2,0,0,1,0,1,0,0,0,797983,873,5826889,55
216588,11,5,5100209,2021,11,20,3,3,5,3,2,1,1,0,0,0,0,1,782816,8934,5830408,905
216587,11,8,2200212,2021,11,19,5,3,0,6,2,0,1,0,1,0,0,1,800295,8944,5824360,358
216586,11,2,2200209,2021,10,5,1,3,9,7,2,0,1,0,0,0,0,0,797739,156,5824295,407
216585,11,4,4200311,2021,10,7,4,3,5,2,0,0,1,0,0,0,0,0,790479,8249,5826698,569
216584,11,4,4100101,2021,10,12,3,3,5,2,0,0,1,0,0,0,0,0,793341,673,5829714,923
216583,11,3,3300412,2021,11,10,5,3,1,5,0,1,1,0,0,0,0,0,802844,9702,5838284,528
216582,11,6,6400844,2021,11,7,3,3,1,5,0,1,1,0,0,0,0,1,792415,541,5821550,262
216581,11,6,6300528,2021,10,10,4,3,5,3,0,1,1,0,0,0,0,0,788955,3974,5816391,83
216580,11,4,4200310,2021,10,10,5,3,2,7,0,0,1,0,1,0,0,1,789520,986,5826790,653
216579,11,1,1100101,2021,11,20,7,3,5,2,2,0,1,0,0,0,1,0,794920,9211,5825979,127
216578,11,10,10300734,2021,11,22,1,3,4,6,2,0,1,0,0,0,0,1,809554,3123,5826626,742
216577,11,2,2200211,2021,11,16,4,3,6,4,1,0,0,1,0,0,1,0,798326,1194,5824330,392
216576,11,8,8100417,2021,11,17,3,3,1,5,1,1,0,0,0,0,1,0,802259,5954,5823029,504
216575,11,1,1300834,2021,10,15,7,3,6,4,0,1,0,1,0,0,0,0,797694,797,5830704,218
216574,11,9,9200716,2021,10,14,4,2,0,3,0,1,1,0,0,0,0,0,809225,1386,5819304,99
216573,11,5,5400943,2021,10,6,1,2,8,1,2,0,1,0,0,0,0,0,781372,4831,5819763,385
216572,11,3,3501037,2021,10,15,1,3,2,1,0,1,0,0,0,0,0,0,802284,9262,5833102,527
216571,11,12,12100204,2021,11,7,4,3,2,3,0,0,1,0,0,0,1,0,795642,8683,5833008,348
216570,11,3,3601142,2021,11,18,5,3,5,2,2,1,0,0,1,0,0,1,799182,821,5831110,198
216569,11,5,5300735,2021,10,15,2,3,5,3,0,0,1,0,0,0,1,0,786552,9863,5830544,311
216568,11,2,2500830,2021,10,20,4,3,5,2,2,1,1,0,0,0,0,0,802435,142,5827419,528
216567,11,6,6200312,2021,11,17,6,2,6,4,1,0,1,1,0,0,0,0,795148,6928,5818816,722
216566,11,1,1401049,2021,11,9,4,3,5,3,0,1,1,0,0,0,0,1,795963,617,5831986,757
216565,11,5,5100315,2021,10,18,4,3,6,4,1,0,1,1,0,0,0,0,784614,52,5830325,818
216564,11,1,1100310,2021,10,23,5,3,5,3,2,0,1,0,0,0,0,0,799334,9445,5827578,404
216563,11,8,8200729,2021,10,21,6,3,1,7,2,0,1,0,0,0,0,1,801181,2838,5819239,205
216562,11,9,9200717,2021,10,21,1,3,5,2,2,1,1,0,0,0,0,1,809598,3906,5818911,171
216561,11,7,7601341,2021,10,12,6,3,2,6,0,0,1,0,1,0,0,0,797958,6481,5815768,729
216560,11,4,4400833,2021,11,18,2,2,6,2,2,0,1,1,0,0,0,0,791978,8517,5822378,659
216559,11,11,11400931,2021,11,14,5,3,0,3,0,0,1,0,1,0,0,1,806440,5459,5826889,172
216558,11,3,3501038,2021,11,14,4,3,5,2,0,0,1,0,0,0,1,0,803012,3562,5832020,517
216557,11,3,3200204,2021,10,18,1,3,2,2,1,0,1,0,1,0,0,0,798058,7291,5837199,96
216556,11,9,9501737,2021,10,15,5,3,1,5,0,0,1,0,0,0,0,0,813926,3656,5820763,858
216555,11,1,1100310,2021,10,7,3,3,5,3,0,1,1,0,0,0,0,0,799495,5852,5828134,949
216554,11,8,8100419,2021,11,13,2,3,6,4,0,0,1,1,0,0,0,1,802334,9508,5824074,354
216553,11,6,6100206,2021,11,11,7,2,5,7,0,1,1,0,0,0,0,0,794865,5692,5819702,531
216552,11,6,6200313,2021,11,7,2,3,2,6,0,0,1,0,0,0,0,1,795789,25,5818422,221
216551,11,9,9301024,2021,10,11,3,3,2,7,0,0,1,0,0,0,1,0,810722,7638,5815929,952
216550,11,2,2300315,2021,11,18,7,3,5,3,2,1,1,0,0,0,0,1,800678,1981,5825795,319
216549,11,11,11200411,2021,11,22,2,2,6,6,2,1,0,1,0,0,0,1,805605,2246,5831213,828
216548,11,4,4500939,2021,11,15,2,3,6,4,0,0,1,1,0,0,0,1,792760,1314,5824273,21
216547,11,1,1100206,2021,10,14,6,3,6,2,0,0,1,1,0,0,0,0,797404,4857,5827569,64
216546,11,2,2100101,2021,10,17,6,3,5,2,0,1,0,0,0,0,1,1,797665,6338,5826298,123
216545,11,11,11200410,2021,10,12,2,3,5,2,0,0,1,0,0,0,0,0,805049,342,5832926,902
216544,11,7,7400927,2021,10,16,6,3,5,2,0,0,1,0,1,0,0,0,798447,2798,5821056,973
216543,11,3,3601450,2021,11,17,3,2,6,7,2,0,1,1,0,0,0,0,801874,3437,5829865,77
216542,11,6,6100207,2021,11,16,5,2,5,3,1,1,1,0,0,0,0,1,794082,2019,5820369,672
216541,11,9,9301025,2021,10,9,7,2,6,4,0,0,1,1,0,0,0,0,808600,2957,5814981,51
216540,11,3,3300516,2021,10,15,3,2,2,6,0,0,1,0,0,0,1,0,801167,9309,5833191,459
216539,11,12,12400619,2021,10,17,3,2,4,6,0,1,0,0,0,0,0,0,789537,3747,5836087,287
216538,11,7,7200307,2021,10,21,2,3,5,3,2,1,1,0,0,0,0,1,794530,5715,5824651,844
216537,11,11,11401137,2021,11,18,3,3,3,6,1,0,1,0,0,0,0,0,807109,9719,5825794,35
216536,11,5,5200629,2021,10,15,4,2,6,4,0,0,1,1,0,0,0,0,784569,9591,5828183,936
216535,11,4,4200309,2021,10,16,4,3,2,6,0,0,1,0,1,0,0,0,788828,6433,5827261,117
216534,11,6,6100207,2021,11,10,6,3,5,3,0,0,1,0,0,0,0,1,793966,498,5819627,911
216533,11,3,3601245,2021,11,17,1,2,5,3,2,0,1,0,1,0,0,1,800611,1333,5830988,276
216532,11,1,1200623,2021,11,9,5,3,5,2,0,0,1,0,0,0,0,1,795039,507,5829169,897
216531,11,1,1200629,2021,11,12,7,3,5,2,0,1,1,0,0,0,0,0,794497,2645,5827802,455
216530,11,1,1100308,2021,10,16,1,3,9,1,1,0,1,0,0,0,0,0,797002,835,5828944,464
216529,11,9,9501941,2021,10,19,7,3,4,6,2,1,0,0,0,0,0,0,812074,8367,5821030,198
216528,11,5,5400943,2021,11,12,5,3,2,7,0,0,1,0,0,0,0,0,781159,4003,5819723,19
216527,11,4,4200308,2021,11,9,6,3,5,3,0,0,1,0,0,0,0,0,790366,531,5827304,99
216526,11,6,6200312,2021,10,21,7,3,1,7,2,0,1,0,0,0,1,0,794460,6429,5818800,339
216525,11,9,9200512,2021,10,18,4,3,5,2,1,1,1,0,0,0,0,0,808150,6809,5821877,506
216524,11,12,12500825,2021,11,16,5,3,2,6,1,0,1,0,0,0,0,0,792749,2601,5835170,31
216523,11,3,3400724,2021,11,8,3,2,5,2,0,1,1,0,0,0,0,1,800027,981,5834546,18
216522,11,8,8401243,2021,10,15,5,3,5,3,0,0,1,0,0,0,0,0,805349,693,5817310,434
216521,11,3,3601450,2021,10,10,5,3,0,1,0,0,0,0,1,0,0,1,802634,2819,5829556,23
216520,11,4,4400830,2021,10,15,6,3,0,1,0,0,0,0,1,0,0,1,791210,6728,5822720,45
216519,11,9,9501736,2021,11,23,1,2,9,1,2,0,1,0,0,0,0,1,812397,583,5821325,209
216518,11,7,7400822,2021,11,18,5,3,2,6,2,0,1,0,0,0,0,1,796818,7093,5821758,629
216517,11,1,1300732,2021,11,17,3,3,0,3,1,1,1,0,0,0,0,0,797591,9365,5832772,584
216516,11,8,8100207,2021,10,15,6,3,5,7,0,0,1,0,0,0,0,0,800716,8372,5823418,821
216515,11,4,4501146,2021,10,11,5,3,3,6,0,1,1,0,0,0,0,0,793309,5801,5823814,716
216514,11,11,11100204,2021,10,7,2,3,6,4,1,0,1,1,0,0,0,0,805806,4908,5833600,605
216513,11,10,10200422,2021,10,14,1,3,5,3,0,1,0,0,0,0,0,0,812448,358,5831418,542
216512,11,7,7501029,2021,11,22,5,3,2,6,2,0,1,0,0,0,1,1,797537,2614,5819920,1
216511,11,5,5300736,2021,11,4,7,3,0,1,2,0,0,0,0,0,1,0,786778,9699,5830244,928
216510,11,6,6200422,2021,10,10,2,3,2,6,0,0,1,0,0,1,0,0,794084,497,5817433,745
216509,11,7,7400822,2021,10,9,5,3,5,2,0,0,1,0,1,0,0,0,796815,175,5822356,35
216508,11,1,1200519,2021,11,0,6,3,0,7,2,1,0,0,0,0,0,1,793913,8261,5828577,902
216507,11,1,1401045,2021,10,1,5,3,8,1,2,0,1,0,0,0,0,0,796626,2426,5831921,983
216506,11,6,6400737,2021,10,19,6,3,5,7,2,0,1,0,0,0,0,1,787126,24,5817225,66
216505,11,3,3701554,2021,10,13,7,2,6,4,0,1,0,1,0,0,0,0,799026,9657,5829786,52
216504,11,8,8100311,2021,10,17,7,3,6,7,0,0,0,1,0,0,1,0,800889,2706,5824595,312
216503,11,3,3601346,2021,11,17,2,3,2,6,2,1,1,0,0,0,1,1,799423,2596,5831054,606
216502,11,4,4501147,2021,11,9,6,3,6,4,0,1,0,1,0,0,0,1,793376,4889,5824125,938
216501,11,4,4200311,2021,11,7,4,3,5,2,0,0,1,0,0,0,0,1,790501,4279,5826496,112
216500,11,4,4300517,2021,10,2,1,3,8,1,2,0,1,0,0,0,1,0,791693,3316,5827870,479
216499,11,8,8100104,2021,10,7,5,3,2,6,0,0,0,0,0,0,1,1,800858,5133,5822531,696
216498,11,3,3500933,2021,10,9,3,3,2,7,0,0,1,0,1,0,0,0,801945,2773,5832567,943
216497,11,7,7100206,2021,11,13,2,3,1,5,0,1,1,0,0,0,0,1,796831,8052,5824298,87
216496,11,1,1401047,2021,11,14,7,3,5,2,0,0,1,0,0,0,1,0,795523,4997,5830731,26
216495,11,12,12500929,2021,11,10,2,3,2,2,0,0,1,0,0,0,0,1,795288,629,5837671,484
216494,11,12,12601031,2021,10,7,4,3,2,2,0,0,1,0,0,0,0,1,792927,309,5837087,5
216493,11,5,5100208,2021,11,19,7,2,6,2,2,0,1,1,0,0,0,1,782372,2307,5830489,502
216492,11,1,1100310,2021,11,20,1,3,5,2,2,0,1,0,0,0,0,1,799248,351,5828469,191
216491,11,8,8100209,2021,11,16,4,3,5,2,0,1,1,0,0,0,0,0,801290,6271,5822290,201
216490,11,4,4500938,2021,11,4,6,3,8,1,2,0,1,0,0,0,0,1,791160,5848,5824745,162
216489,11,4,4300416,2021,11,7,2,3,5,2,1,0,0,0,1,0,1,0,791863,8541,5826441,684
216488,11,9,9200715,2021,11,10,5,3,2,7,0,0,1,0,0,0,0,2,809506,4965,5818326,496
216487,11,1,1401046,2021,11,22,7,3,6,2,2,0,1,1,0,0,0,0,794893,882,5830255,95
216486,11,9,9200819,2021,10,18,2,3,0,7,0,0,0,0,0,0,1,0,809846,241,5820474,626
216485,11,5,5100314,2021,10,12,5,3,6,4,0,0,1,1,0,0,0,1,785150,7684,5829619,73
216484,11,9,9200510,2021,11,10,7,3,5,3,0,1,1,0,0,0,0,0,806552,436,5822297,33
216483,11,6,6100210,2021,10,14,5,3,0,7,0,0,0,0,0,1,1,0,795265,6634,5820983,98
216482,11,12,12100205,2021,10,7,5,3,5,3,0,1,0,0,0,0,1,1,794804,5494,5834234,427
216481,11,9,9501737,2021,10,14,7,2,4,1,0,0,1,0,0,0,0,0,815262,786,5824467,34
216480,11,4,4300412,2021,10,5,1,2,5,3,2,1,1,0,0,0,0,0,791660,735,5827541,28
216479,11,1,1100206,2021,10,11,6,3,2,6,0,0,1,0,1,0,0,0,797398,2009,5827737,342
216478,11,6,6100101,2021,11,14,2,2,6,4,0,0,0,1,0,1,0,0,793490,427,5820651,948
216477,11,4,4300620,2021,11,17,5,3,6,4,2,0,1,1,0,0,0,1,793540,672,5827905,997
216476,11,7,7501031,2021,11,15,4,3,1,4,0,0,1,1,0,0,0,0,798042,1075,5820208,2
216475,11,2,2200209,2021,10,16,1,3,3,6,0,0,1,0,1,0,0,0,796853,8211,5823981,32
216474,11,6,6400841,2021,10,19,5,3,5,3,2,0,1,0,0,0,0,0,790190,755,5818819,251
216473,11,2,2500835,2021,10,14,3,3,6,4,0,0,1,1,0,0,0,0,803058,248,5826186,663
216472,11,1,1300733,2021,11,16,3,3,2,6,1,0,1,0,0,0,0,0,797157,9969,5831907,354
216471,11,11,11300619,2021,11,1,7,3,9,1,2,0,1,0,0,0,0,0,803009,4899,5828694,293
216470,11,1,1100207,2021,11,11,2,3,5,3,0,1,1,0,0,0,0,0,797864,9741,5826764,483
216469,11,5,5200629,2021,10,15,3,2,1,5,0,1,0,0,0,0,1,1,784471,9725,5828460,572
216468,11,11,11300722,2021,11,12,7,2,4,6,0,0,1,0,0,0,0,0,803940,2823,5828664,768
216467,11,3,3500932,2021,11,20,1,3,2,6,2,0,1,0,0,0,0,1,802058,8968,5832762,495
216466,11,9,9501939,2021,11,14,3,3,6,4,0,1,0,1,0,0,0,1,811030,237,5821829,475
216465,11,1,1400940,2021,11,18,6,3,3,6,1,1,1,0,0,0,0,1,795022,1672,5832177,86
216464,11,10,10100311,2021,10,10,6,3,5,3,0,0,1,0,0,0,0,0,806820,6083,5830314,432
216463,11,5,5100208,2021,10,16,6,3,3,1,0,1,1,0,0,0,0,1,781678,7671,5830480,223
216462,11,6,6400844,2021,10,17,7,2,6,4,1,0,1,1,0,0,0,0,791257,8469,5821407,72
216461,11,9,9200510,2021,11,15,4,3,6,4,0,1,0,1,0,0,0,0,806595,403,5822109,26
216460,11,11,11400927,2021,11,9,5,3,5,3,0,0,1,0,0,0,0,1,803409,3717,5826631,222
216459,11,3,3601451,2021,10,9,6,3,1,5,0,1,1,0,0,0,0,0,801048,258,5829879,775
216458,11,3,3500936,2021,10,16,6,3,0,7,0,0,1,0,0,0,0,0,801589,6857,5831143,579
216457,11,4,4300619,2021,10,13,3,3,5,2,0,0,1,0,1,0,0,0,792138,957,5827439,564
216456,11,8,8100104,2021,10,11,4,3,1,5,0,1,1,0,0,1,0,0,800782,4092,5822704,381
216455,11,12,12601235,2021,10,11,2,3,5,3,0,0,1,0,0,0,0,0,795272,4958,5836364,431
216454,11,6,6100205,2021,11,15,3,3,2,2,0,0,1,0,1,0,0,1,795531,7,5819952,234
216453,11,12,12500930,2021,10,14,4,3,5,2,0,0,1,0,0,0,1,0,792353,105,5834071,89
216452,11,8,8200622,2021,11,23,6,3,5,3,1,0,1,0,0,0,1,1,801652,924,5821573,341
216451,11,4,4200203,2021,11,13,7,3,5,3,0,1,1,0,0,0,0,0,788310,7919,5826875,737
216450,11,5,5300735,2021,11,18,4,3,5,2,1,0,1,0,0,0,0,0,786567,6912,5830553,726
216449,11,3,3400724,2021,11,15,1,2,6,4,0,0,1,1,0,0,0,0,799953,7824,5834418,827
216448,11,5,5200420,2021,10,13,7,3,2,6,0,0,1,0,0,0,0,0,783126,221,5828609,154
216447,11,6,6200421,2021,10,15,7,3,1,1,0,1,1,0,0,0,0,1,793946,9837,5818443,335
216446,11,2,2200210,2021,11,19,4,3,5,3,2,0,1,0,0,0,0,0,798943,3559,5825242,189
216445,11,8,8100417,2021,11,14,6,3,5,3,0,1,1,0,0,0,0,0,802020,114,5822909,205
216444,11,3,3200205,2021,10,18,7,3,5,2,1,1,1,0,0,0,0,0,798198,357,5835280,402
216443,11,6,6200313,2021,10,22,3,3,6,4,2,0,1,1,0,0,0,1,795366,2865,5818469,253
216442,11,11,11300721,2021,11,13,5,3,5,3,0,1,1,0,0,0,0,0,804919,7201,5829937,537
216441,11,6,6100102,2021,11,2,4,3,8,1,2,0,1,0,0,0,0,1,793793,6785,5820806,758
216440,11,3,3601453,2021,10,10,5,3,5,3,0,1,1,0,0,0,0,0,802881,6657,5828633,522
216439,11,2,2300417,2021,10,19,5,3,5,3,1,1,1,0,0,0,0,1,800510,645,5825448,53
216438,11,1,1200628,2021,10,21,6,3,9,1,2,0,0,0,1,0,0,0,796612,9963,5828721,212
216437,11,10,10200419,2021,11,6,2,3,6,2,1,0,1,1,0,0,0,1,811830,5982,5831480,786
216436,11,9,9200613,2021,11,16,5,3,5,3,1,1,1,0,0,0,0,1,805824,7548,5821876,437
216435,11,6,6300632,2021,11,16,2,3,2,6,2,0,1,0,0,0,0,0,792816,2933,5817558,724
216434,11,8,8100105,2021,10,15,7,3,6,4,0,0,1,1,0,0,0,0,800447,3096,5822013,439
216433,11,6,6100206,2021,10,18,5,2,5,3,2,1,1,0,0,0,0,0,794238,953,5819389,236
216432,11,1,1401046,2021,10,15,3,3,5,7,0,1,1,0,0,0,0,0,795050,835,5829941,619
216431,11,1,1100312,2021,11,15,2,3,1,5,0,1,1,0,0,0,0,1,799147,793,5826948,686
216430,11,5,5200524,2021,11,9,5,3,5,3,0,0,1,0,0,0,1,0,780345,6741,5827611,941
216429,11,1,1100206,2021,11,1,1,3,5,3,2,0,1,0,0,0,0,0,797878,887,5827467,419
216428,11,10,10100311,2021,10,10,3,3,2,6,0,0,1,0,0,0,0,1,806330,6357,5830178,518
216427,11,6,6400843,2021,11,11,5,3,2,2,0,0,1,0,0,0,0,0,791712,7072,5819389,167
216426,11,10,10100311,2021,10,14,5,3,5,2,0,1,1,0,0,0,0,0,807203,9153,5829146,89
216425,11,1,1100416,2021,10,9,6,3,5,3,0,1,1,0,0,0,0,0,798755,9685,5829618,285
216424,11,1,1401046,2021,10,23,7,3,5,2,2,0,1,0,0,0,0,0,794900,2109,5830245,536
216423,11,1,1300733,2021,10,16,6,2,6,7,0,1,0,1,0,0,0,0,797282,498,5831910,379
216422,11,3,3601244,2021,11,10,3,3,5,3,0,1,1,0,0,0,0,0,800084,3778,5831671,474
216421,11,10,10200524,2021,11,7,6,2,6,7,0,0,1,1,0,0,0,1,813242,184,5831053,498
216420,11,1,1100206,2021,11,13,4,3,5,2,0,1,1,0,0,0,0,0,798034,5078,5827395,429
216419,11,4,4400830,2021,10,22,1,3,6,4,2,0,1,1,0,0,0,0,792542,606,5823083,697
216418,11,7,7200308,2021,10,17,3,3,5,5,0,0,0,0,1,0,1,0,794842,8803,5823753,204
216417,11,7,7400927,2021,10,12,4,3,6,7,0,0,0,1,0,0,1,0,797842,8234,5820909,781
216416,11,11,11100204,2021,11,15,2,3,2,6,0,0,1,0,0,0,0,0,805784,804,5833555,425
216415,11,5,5200631,2021,10,7,3,3,0,7,1,0,1,0,0,0,0,1,784737,397,5827496,108
216414,11,1,1100102,2021,10,17,1,3,5,2,0,1,1,0,0,0,0,0,796117,8949,5826716,957
216413,11,1,1100206,2021,11,9,7,3,5,3,0,0,1,0,0,1,0,0,798030,4797,5827394,75
216412,11,5,5100105,2021,11,9,2,3,5,3,0,0,1,0,1,0,0,1,784295,3398,5831099,184
216411,11,4,4501042,2021,11,9,3,3,0,7,0,1,0,0,0,0,0,0,794246,2492,5826080,785
216410,11,8,8100417,2021,11,16,6,3,6,7,2,0,0,1,0,0,1,1,802128,8592,5823185,35
216409,11,8,8100314,2021,10,22,7,3,5,3,2,0,1,0,0,0,0,1,801069,2014,5824002,293
216408,11,11,11401136,2021,10,9,1,3,5,2,0,1,1,0,0,0,0,0,805888,9095,5825854,825
216407,11,11,11401137,2021,11,12,4,3,6,4,0,0,0,1,0,0,1,0,806717,7468,5826848,384
216406,11,11,11400929,2021,11,18,5,3,6,4,2,0,1,1,0,0,0,1,804994,1716,5826578,327
216405,11,2,2500831,2021,10,18,7,3,0,3,0,0,1,0,1,0,0,0,803051,4016,5827141,725
216404,11,5,5200629,2021,10,15,6,3,6,7,0,0,0,1,0,0,1,0,784679,3863,5828618,962
216403,11,7,7601236,2021,10,11,4,3,5,2,0,1,1,0,0,0,0,0,796517,6104,5816370,495
216402,11,10,10100205,2021,10,16,3,3,5,7,0,0,1,0,0,0,0,0,808405,1193,5833058,21
216401,11,4,4501149,2021,11,17,5,3,1,5,2,1,1,0,0,0,0,1,793683,7,5824444,585
216400,11,4,4501043,2021,11,7,3,3,0,2,2,0,1,0,1,0,0,1,792690,9697,5825315,546
216399,11,9,9501941,2021,10,7,4,3,2,2,1,0,1,0,0,0,0,0,812053,6698,5821202,972
216398,11,7,7501133,2021,10,10,4,3,5,2,0,1,1,0,0,0,0,0,797864,2274,5818822,378
216397,11,1,1401045,2021,10,8,2,3,0,6,0,0,1,0,1,0,0,0,796513,3301,5831964,114
216396,11,5,5300736,2021,11,17,6,3,2,6,1,0,1,0,1,0,0,1,786622,6382,5829252,732
216395,11,11,11200512,2021,11,9,7,3,0,1,0,1,0,0,0,0,0,1,803066,2957,5830638,516
216394,11,2,2200208,2021,11,14,4,3,4,6,0,1,0,0,0,0,0,0,797780,6663,5824941,871
216393,11,6,6400844,2021,11,20,2,2,0,1,2,0,0,0,1,0,0,0,790559,963,5821428,641
216392,11,5,5300736,2021,10,16,7,3,2,6,0,0,1,0,1,0,0,0,785946,239,5829213,412
216391,11,4,4501041,2021,10,12,5,3,2,6,0,0,1,0,0,0,0,0,793109,3371,5825604,627
216390,11,12,12500930,2021,10,11,2,3,5,2,0,1,1,0,0,0,0,0,792341,5262,5834069,251
216389,11,4,4200308,2021,10,20,1,3,1,5,2,0,1,0,0,0,0,0,790150,2626,5827330,851
216388,11,10,10200526,2021,11,13,4,3,2,6,0,1,1,0,0,0,0,0,812041,4078,5830308,574
216387,11,7,7300517,2021,11,15,6,3,0,1,0,0,0,0,1,0,0,1,794717,3373,5822789,136
216386,11,3,3400722,2021,10,16,2,2,5,7,0,1,1,0,0,0,0,0,798659,2472,5833891,303
216385,11,1,1100313,2021,9,7,4,3,3,6,0,1,1,0,0,0,0,0,800470,5651,5826677,472
216384,11,10,10400941,2021,9,16,2,3,6,4,0,0,1,1,0,0,0,0,812484,9325,5824288,71
216383,11,4,4400835,2021,9,7,3,3,5,2,0,1,0,0,0,0,1,0,792983,2153,5822380,533
216382,11,1,1100103,2021,9,20,2,3,1,5,1,1,1,0,0,0,0,0,795807,8734,5825682,91
216381,11,1,1401048,2021,9,12,6,3,6,7,0,1,0,1,0,0,0,0,795215,493,5831127,977
216380,11,4,4501153,2021,9,16,4,3,0,1,0,1,0,0,0,0,0,0,793861,7066,5823208,941
216379,11,4,4300413,2021,8,20,2,3,0,3,2,0,1,0,1,0,0,1,790936,6158,5826821,97
216378,11,2,2300316,2021,8,14,6,3,5,2,0,1,1,0,0,0,0,0,800743,2511,5826526,47
216377,11,4,4400832,2021,9,15,2,3,1,5,0,1,1,0,0,0,0,0,791343,9004,5822414,572
216376,11,10,10300732,2021,9,12,7,3,5,3,0,0,1,0,0,1,0,0,809961,6799,5830038,8
216375,11,8,8100312,2021,9,16,7,3,3,6,0,1,0,0,0,0,1,0,801153,9972,5824103,709
216374,11,6,6200423,2021,10,14,6,3,5,2,0,1,1,0,0,0,0,0,793370,8957,5816219,837
216373,11,7,7300517,2021,9,19,3,3,6,4,2,0,0,1,0,0,1,0,794402,9477,5822423,81
216372,11,2,2200210,2021,9,14,3,2,5,3,0,1,0,0,0,0,1,0,798988,7915,5824762,965
216371,11,5,5100316,2021,8,12,5,3,2,2,0,0,1,0,1,0,0,1,784786,883,5828826,12
216370,11,10,10100316,2021,8,13,3,3,5,2,0,1,1,0,0,0,0,0,810051,5781,5831661,128
216369,11,11,11401137,2021,9,20,6,3,0,7,2,0,0,0,0,0,1,0,806830,7919,5826250,176
216368,11,5,5100316,2021,9,8,5,3,6,4,0,1,0,1,0,0,0,0,783966,6029,5829270,93
216367,11,3,3400619,2021,9,17,3,3,5,2,0,1,1,0,0,0,0,0,795817,8747,5835211,417
216366,11,1,1200623,2021,9,17,7,3,5,7,0,1,1,0,0,0,0,0,795291,2922,5828737,182
216365,11,7,7100101,2021,9,1,4,2,5,3,2,0,1,0,0,0,0,0,794602,1954,5825490,819
216364,11,1,1300835,2021,9,19,7,3,3,7,1,1,0,0,0,0,0,0,797726,6677,5830159,291
216363,11,2,2200210,2021,8,23,7,3,5,3,2,0,1,0,0,0,0,0,798430,808,5824775,733
216362,11,1,1200626,2021,9,9,5,2,3,5,0,1,0,0,1,0,0,0,794896,2855,5828295,176
216361,11,1,1100104,2021,9,16,5,3,6,7,0,0,1,1,0,0,0,0,796425,9921,5825905,97
216360,11,1,1100308,2021,9,12,4,3,5,3,0,0,1,0,0,0,0,0,797003,1836,5828603,436
216359,11,3,3300411,2021,9,12,4,3,4,6,0,1,0,0,0,0,0,0,803752,3255,5839284,523
216358,11,1,1100207,2021,8,9,6,3,0,1,0,0,0,0,1,0,0,1,798738,7492,5827650,1
216357,11,3,3200308,2021,8,17,4,2,5,2,0,0,1,0,1,0,0,0,800179,3503,5836542,467
216356,11,1,1401044,2021,9,17,7,3,0,1,0,0,0,0,0,0,1,0,796375,33,5831051,473
216355,11,5,5400944,2021,9,8,6,3,2,1,0,0,1,0,0,0,0,0,781655,8501,5819776,319