OBJECTID,LAND,BEZ,LOR_ab_2021,UJAHR,UMONAT,USTUNDE,UWOCHENTAG,UKATEGORIE,UART,UTYP1,ULICHTVERH,IstRad,IstPKW,IstFuss,IstKrad,IstGkfz,IstSonstige,USTRZUSTAND,LINREFX,LINREFY,XGCSWGS84,YGCSWGS84
216354,11,2,2300314,2021,9,12,3,3,6,2,0,0,1,1,0,0,0,0,799912,4055,5825986,197
216353,11,6,6400737,2021,9,7,3,2,5,3,0,1,1,0,0,0,0,0,786291,9431,5817653,391
216352,11,4,4300412,2021,9,10,5,3,3,6,0,1,0,0,1,0,0,0,790955,9003,5827408,634
216351,11,8,8100206,2021,9,13,3,3,2,6,0,0,1,0,0,0,0,0,800426,981,5823802,913
216350,11,4,4501150,2021,9,15,3,3,6,7,0,0,1,1,0,0,0,0,793519,3894,5823937,435
216349,11,3,3601450,2021,8,22,1,3,1,1,2,0,1,0,0,0,1,0,802081,9708,5830188,296
216348,11,2,2200210,2021,9,15,6,3,5,2,0,1,1,0,0,0,0,1,798483,5327,5825209,721
216347,11,9,9100305,2021,9,14,7,3,5,2,0,0,1,0,0,0,0,0,805020,938,5822710,208
216346,11,2,2200210,2021,9,6,5,3,4,6,0,1,0,0,0,0,0,1,798894,2043,5825094,68
216345,11,6,6200421,2021,9,10,5,3,6,6,0,0,0,1,0,0,1,0,793266,1949,5816375,325
216344,11,10,10200629,2021,8,12,7,3,5,2,0,0,1,0,0,0,1,0,811212,859,5828861,259
216343,11,10,10100206,2021,8,7,4,3,2,6,0,0,1,0,0,1,1,0,809663,5987,5833230,269
216342,11,6,6100101,2021,9,15,2,3,6,2,0,0,1,1,0,0,0,0,793400,6283,5820700,192
216341,11,2,2500834,2021,9,12,1,2,5,2,0,1,1,0,0,0,0,0,802013,7122,5826918,946
216340,11,6,6100206,2021,8,22,3,3,2,6,2,0,1,0,0,0,0,0,794317,1386,5820236,47
216339,11,4,4400830,2021,9,13,6,3,0,1,0,1,0,0,0,0,0,0,791679,1252,5823565,835
216338,11,10,10200420,2021,9,7,5,3,2,6,0,0,1,0,0,0,0,0,811817,763,5830483,533
216337,11,9,9502042,2021,9,16,3,3,5,3,0,1,1,0,0,0,0,0,811372,1659,5822557,225
216336,11,2,2400625,2021,9,16,3,3,5,2,0,1,1,0,0,0,0,0,801748,401,5826252,945
216335,11,2,2500835,2021,9,18,3,3,1,5,1,1,1,0,0,0,0,0,802628,7294,5826117,366
216334,11,2,2400623,2021,8,15,2,2,5,3,0,1,1,0,0,0,0,1,800279,341,5827621,859
216333,11,1,1401046,2021,9,7,6,3,2,7,0,0,1,0,1,0,0,0,794804,653,5830117,15
216332,11,8,8100207,2021,8,17,2,3,5,3,0,0,1,0,0,0,0,1,801265,8285,5823074,232
216331,11,2,2200213,2021,8,12,2,3,0,1,0,0,0,0,0,0,1,1,799063,8477,5825061,47
216330,11,1,1200522,2021,8,16,6,3,8,1,0,0,0,0,0,0,1,0,794427,2083,5828359,711
216329,11,9,9200715,2021,9,14,2,3,5,3,0,0,1,0,0,0,0,0,808480,8412,5818421,25
216328,11,12,12500824,2021,9,12,6,3,5,3,0,0,1,0,0,0,0,0,790692,543,5835382,176
216327,11,3,3601141,2021,8,17,3,3,5,2,0,1,0,0,0,0,1,0,799248,2708,5831804,26
216326,11,3,3400619,2021,9,14,1,3,5,2,0,1,1,0,0,0,0,0,796025,183,5835715,12
216325,11,1,1100205,2021,8,18,6,3,5,3,0,0,1,0,1,0,0,0,796960,45,5826706,64
216324,11,8,8200833,2021,9,18,5,3,6,4,0,0,1,1,0,0,0,0,801781,3035,5816747,388
216323,11,3,3601243,2021,9,11,6,3,0,1,0,0,0,0,1,0,0,0,799676,7609,5831259,486
216322,11,9,9100409,2021,9,7,4,3,5,2,0,1,1,0,0,0,0,0,807230,1369,5819787,277
216321,11,9,9100101,2021,9,22,4,3,5,3,2,0,1,0,1,0,0,0,802306,3083,5824783,489
216320,11,4,4100101,2021,8,15,5,3,5,3,0,0,1,0,0,0,0,0,792783,6044,5830574,48
216319,11,9,9501939,2021,8,17,3,3,6,4,0,1,0,1,0,0,0,0,811049,8965,5821871,508
216318,11,1,1100310,2021,9,15,7,2,1,5,0,0,1,0,1,0,0,0,798833,8193,5827721,695
216317,11,5,5300737,2021,9,14,4,3,0,3,0,1,1,0,0,0,0,0,787034,593,5829473,197
216316,11,7,7601341,2021,9,14,3,3,2,6,0,0,1,0,0,0,0,0,797946,2124,5815186,364
216315,11,1,1300733,2021,9,19,1,3,5,2,1,1,1,0,0,0,0,0,797158,9651,5831919,41
216314,11,11,11100204,2021,9,15,5,2,4,6,0,0,1,0,0,0,1,0,806667,1911,5832891,724
216313,11,11,11501340,2021,9,21,2,2,1,5,2,1,1,0,0,0,0,0,808139,851,5825647,411
216312,11,1,1100310,2021,9,15,5,3,0,7,0,1,0,0,0,0,0,0,799200,7972,5827692,941
216311,11,4,4501042,2021,9,17,1,3,5,2,0,1,0,0,0,0,1,0,794276,8984,5826064,398
216310,11,2,2400625,2021,8,14,6,2,3,6,0,1,0,0,0,0,0,0,801685,902,5826128,488
216309,11,3,3601245,2021,9,6,5,3,5,2,0,1,0,0,0,0,1,0,800146,809,5830861,71
216308,11,4,4400830,2021,9,15,6,2,5,2,0,1,1,0,0,0,0,0,792349,4406,5823119,114
216307,11,6,6100205,2021,9,16,4,3,6,2,0,0,1,1,0,0,0,1,795354,8214,5819976,934
216306,11,12,12400617,2021,9,14,4,3,0,7,0,1,1,0,0,0,0,0,786085,1305,5837657,66
216305,11,2,2100106,2021,8,10,6,3,2,2,0,1,0,0,0,1,0,1,798586,6454,5825559,38
216304,11,7,7300619,2021,8,11,4,3,5,2,0,1,1,0,0,0,0,0,795412,8491,5822242,8
216303,11,6,6400737,2021,9,15,7,3,0,3,0,0,0,0,1,0,0,0,784742,9505,5817540,59
216302,11,7,7400927,2021,8,15,2,3,0,6,0,0,1,0,0,0,1,1,797844,5703,5820785,456
216301,11,1,1401047,2021,9,13,6,2,6,4,0,0,1,1,0,0,0,0,795861,9693,5830448,23
216300,11,7,7200409,2021,9,10,4,3,5,3,0,0,1,0,1,0,0,0,795133,8745,5824094,497
216299,11,1,1401047,2021,9,8,2,3,1,5,0,0,1,0,0,0,0,0,795647,752,5830636,862
216298,11,2,2200210,2021,9,13,5,3,3,6,0,0,1,0,1,0,0,0,798234,4354,5825461,801
216297,11,9,9200715,2021,9,8,3,3,5,2,0,1,1,0,0,0,0,0,808669,8751,5818583,83
216296,11,1,1100313,2021,9,16,7,3,1,5,0,0,0,0,0,0,1,1,799968,2946,5826489,1
216295,11,6,6200423,2021,8,19,3,3,3,6,2,1,1,0,0,0,0,0,794254,9212,5815041,529
216294,11,1,1300733,2021,9,10,2,3,6,7,0,1,0,1,0,0,0,0,797405,6984,5831868,311
216293,11,10,10200423,2021,9,15,5,3,3,6,0,1,1,0,0,0,0,0,814203,189,5831041,455
216292,11,11,11200410,2021,9,18,1,3,5,2,1,0,1,0,0,0,1,0,804625,4736,5832765,139
216291,11,6,6400735,2021,8,14,7,2,5,3,0,1,0,0,0,0,0,0,782022,9803,5815658,589
216290,11,8,8301037,2021,9,9,6,3,5,3,0,0,1,0,1,0,0,0,804312,2389,5817802,982
216289,11,7,7601442,2021,9,4,7,3,5,3,2,0,1,0,0,0,0,0,798713,7934,5816005,963
216288,11,2,2400625,2021,9,18,4,3,0,1,0,0,1,0,1,0,0,1,801701,1488,5826151,76
216287,11,8,8100105,2021,9,21,4,3,5,2,2,1,1,0,0,0,0,1,801038,5171,5821949,4
216286,11,5,5100316,2021,8,9,6,3,3,6,0,0,1,0,1,0,0,1,785010,7172,5829496,265
216285,11,8,8100208,2021,8,22,4,3,6,2,2,0,1,1,0,0,0,1,801652,2526,5822564,11
216284,11,3,3400620,2021,9,2,7,2,5,3,2,1,1,0,0,0,0,0,797411,7617,5833971,81
216283,11,1,1300834,2021,9,16,5,3,5,2,0,1,1,0,0,0,0,0,798080,7656,5830002,285
216282,11,4,4501043,2021,9,12,6,3,3,6,0,0,1,0,0,0,0,0,792388,942,5825011,514
216281,11,5,5200629,2021,9,12,4,3,2,6,0,0,1,0,1,0,0,0,784774,5248,5828778,191
216280,11,7,7601442,2021,9,11,2,3,0,6,0,0,1,0,0,0,1,0,799236,7105,5816241,139
216279,11,11,11401137,2021,8,17,1,3,2,6,1,0,1,0,1,0,0,1,807104,7193,5825756,536
216278,11,6,6200317,2021,9,18,3,3,5,3,1,1,1,0,0,0,0,0,796703,6099,5817503,185
216277,11,7,7601340,2021,9,10,3,3,4,1,0,0,1,0,0,0,0,1,796508,4207,5815897,272
216276,11,12,12100101,2021,8,10,2,3,5,3,0,0,1,0,0,0,0,0,796706,8109,5833006,257
216275,11,5,5100316,2021,9,11,6,3,0,2,0,0,1,0,0,0,1,0,784850,7758,5829235,987
216274,11,4,4501045,2021,9,12,7,3,5,7,0,1,1,0,0,0,0,0,793533,818,5824898,886
216273,11,2,2200210,2021,9,16,5,3,5,3,0,0,1,0,0,0,1,0,797991,5882,5825255,98
216272,11,4,4501146,2021,8,16,2,2,5,3,0,0,1,0,0,0,0,1,792955,3903,5824118,744
216271,11,8,8100415,2021,8,21,1,3,4,6,2,1,1,0,0,0,0,1,801643,3086,5823756,571
216270,11,2,2500831,2021,9,23,5,3,5,3,2,0,1,0,0,0,0,1,802865,4196,5827469,12
216269,11,8,8100206,2021,8,22,6,3,6,4,2,0,1,1,0,0,0,0,800416,905,5823885,988
216268,11,2,2500831,2021,9,17,7,3,6,4,0,0,1,1,0,0,0,0,803020,8266,5827017,452
216267,11,9,9301126,2021,9,9,7,3,2,6,0,1,0,0,0,0,0,1,811025,7763,5818097,153
216266,11,1,1100416,2021,8,7,3,3,0,1,0,0,0,0,0,0,1,1,798655,6429,5830200,597
216265,11,4,4200311,2021,9,3,7,3,4,6,2,0,1,0,0,0,0,0,790085,4802,5825305,142
216264,11,6,6200421,2021,10,6,6,3,3,6,2,1,1,0,0,0,0,0,793195,8862,5816473,98
216263,11,1,1401045,2021,9,16,3,3,6,7,0,0,0,1,0,0,1,0,796985,1808,5831939,184
216262,11,2,2500830,2021,9,17,3,3,5,3,0,1,0,0,0,0,0,0,802422,8863,5827425,496
216261,11,6,6100205,2021,9,7,3,3,5,3,0,1,1,0,0,0,0,0,795775,6129,5819929,295
216260,11,5,5100317,2021,8,23,2,2,2,6,2,0,1,0,0,0,0,0,786717,7835,5828229,749
216259,11,11,11401034,2021,9,10,6,3,1,5,0,1,1,0,0,0,0,0,806878,2252,5827031,143
216258,11,5,5200419,2021,8,16,2,3,5,3,0,0,1,0,0,0,1,1,780917,7473,5829126,982
216257,11,4,4400727,2021,9,7,3,3,2,6,0,0,1,0,0,0,0,0,791548,73,5823599,713
216256,11,4,4400835,2021,9,9,7,3,0,6,0,1,0,0,0,0,1,1,793088,5232,5822047,281
216255,11,12,12500929,2021,9,14,4,3,5,3,0,1,1,0,0,0,0,0,794728,5576,5838692,389
216254,11,10,10100209,2021,9,12,7,3,2,6,0,0,1,0,0,0,0,0,809955,1395,5831926,73
216253,11,1,1400938,2021,8,15,1,2,9,1,0,0,0,0,1,0,0,1,794327,878,5830522,325
216252,11,9,9501838,2021,9,15,4,3,3,6,0,1,0,0,1,0,0,0,818403,8672,5820637,604
216251,11,7,7300517,2021,9,16,5,3,5,7,0,1,1,0,0,0,0,0,794210,3147,5822753,666
216250,11,8,8100313,2021,9,15,4,3,5,3,0,1,1,0,0,0,0,1,801748,3872,5824286,206
216249,11,10,10200422,2021,9,11,4,3,5,3,0,0,1,0,0,0,0,0,812722,4912,5830987,181
216248,11,8,8100418,2021,8,17,5,3,0,7,0,0,0,0,1,0,0,1,802423,224,5823723,619
216247,11,9,9100304,2021,8,15,3,3,1,7,0,0,1,0,0,0,0,0,804280,1088,5822169,295
216246,11,4,4300414,2021,9,17,6,3,5,2,1,1,1,0,0,0,0,0,790847,7681,5826735,521
216245,11,7,7400720,2021,9,15,4,3,6,4,0,0,1,1,0,0,0,0,796518,3176,5822810,126
216244,11,6,6100103,2021,9,20,3,3,0,3,1,1,0,0,0,0,0,0,793894,3449,5820976,41
216243,11,4,4200203,2021,9,9,1,3,5,2,0,0,1,0,0,0,0,0,788298,781,5826885,676
216242,11,1,1401048,2021,9,14,5,2,5,2,0,1,1,0,0,0,0,0,795595,3939,5831749,545
216241,11,9,9401534,2021,9,10,2,3,5,2,0,0,1,0,0,0,1,0,810873,43,5820660,766
216240,11,3,3300413,2021,9,15,1,3,6,4,0,0,1,1,0,0,0,0,803486,8094,5838539,797
216239,11,5,5100314,2021,8,4,1,3,0,1,2,0,0,0,0,0,1,0,784897,6588,5830130,23
216238,11,1,1300836,2021,9,7,6,3,5,7,0,1,0,0,0,0,1,0,796472,9599,5830876,23
216237,11,1,1100207,2021,9,19,6,3,3,6,2,0,0,0,1,0,1,0,798528,6646,5826764,86
216236,11,1,1100416,2021,9,17,4,3,5,3,1,0,1,0,0,0,0,1,798241,1206,5829625,144
216235,11,5,5100315,2021,8,15,2,2,0,6,0,0,1,0,1,0,0,1,784363,2472,5829997,774
216234,11,4,4400830,2021,9,22,5,3,0,5,2,0,1,0,1,0,0,1,791044,1258,5822916,96
216233,11,8,8100102,2021,8,20,6,3,5,2,1,0,1,0,0,0,0,0,800175,9315,5823648,836
216232,11,5,5400942,2021,8,13,4,3,4,5,0,0,1,0,0,0,1,0,782495,5796,5820656,184
216231,11,2,2100106,2021,9,12,1,3,2,6,0,0,1,0,0,0,0,0,799101,5862,5825616,196
216230,11,1,1300836,2021,8,8,2,3,2,6,0,1,0,0,0,0,1,0,796511,8198,5830921,11
216229,11,10,10300734,2021,9,13,6,2,5,2,0,1,1,0,0,0,0,0,809565,608,5826554,818
216228,11,4,4300623,2021,9,17,4,3,0,6,0,1,0,0,0,0,1,0,792432,6152,5826118,344
216227,11,7,7300619,2021,9,20,2,2,5,2,2,0,1,0,0,0,0,0,795241,6371,5822271,61
216226,11,1,1300730,2021,8,6,2,3,1,5,1,0,1,0,1,0,1,1,796813,6824,5832277,496
216225,11,7,7200308,2021,9,14,3,2,5,2,0,0,1,0,1,0,0,0,795008,7359,5823310,32
216224,11,4,4400727,2021,9,13,3,3,2,6,0,0,1,0,0,1,0,1,791276,3487,5823347,608
216223,11,5,5200629,2021,8,8,3,3,0,1,0,0,1,0,1,0,0,0,784787,883,5828757,317
216222,11,5,5300839,2021,9,20,6,3,1,5,1,1,1,0,0,0,0,0,789106,197,5829729,792
216221,11,7,7200413,2021,9,18,4,3,3,6,0,1,1,0,0,0,0,0,796035,1332,5823592,755
216220,11,2,2100106,2021,8,23,6,3,2,6,2,0,1,0,1,0,0,0,799957,3886,5825463,399
216219,11,3,3400830,2021,9,18,2,3,0,7,0,1,0,0,0,0,0,0,799589,1986,5833109,215
216218,11,4,4200308,2021,9,14,7,3,5,3,0,0,1,0,0,0,0,1,790572,6423,5827337,306
216217,11,3,3300516,2021,8,20,3,2,0,4,1,1,0,1,0,0,0,0,800760,6959,5833324,147
216216,11,4,4501042,2021,9,19,5,3,4,2,1,1,0,0,1,0,0,0,793940,1997,5826070,528
216215,11,12,12400723,2021,9,16,6,3,6,4,0,0,1,1,0,0,0,0,791402,8457,5839489,614
216214,11,2,2200210,2021,10,10,6,3,5,3,0,0,1,0,0,0,0,0,798634,8948,5825135,968
216213,11,11,11300723,2021,9,7,3,2,6,4,0,0,1,1,0,0,0,0,804997,187,5828428,797
216212,11,2,2300316,2021,9,9,4,3,5,3,0,1,1,0,0,0,0,0,801132,5899,5826287,746
216211,11,6,6400842,2021,9,11,3,3,5,7,0,0,1,0,0,0,1,1,790127,445,5819663,95
216210,11,3,3200308,2021,8,7,5,3,5,3,0,1,1,0,0,0,0,1,799695,4417,5837328,577
216209,11,10,10200629,2021,8,18,3,3,3,6,0,1,0,0,0,0,1,0,810635,2473,5829345,17
216208,11,9,9100407,2021,9,18,6,3,3,6,1,0,1,0,1,0,0,0,805627,8614,5821654,484
216207,11,9,9501736,2021,9,16,3,3,5,3,0,1,1,0,0,0,0,0,813361,8117,5821568,62
216206,11,12,12200412,2021,8,12,1,3,5,2,0,0,1,0,0,0,0,1,791168,2241,5834029,154
216205,11,7,7501134,2021,9,14,3,2,0,1,0,0,0,0,1,0,0,0,798774,5,5819086,222
216204,11,6,6300634,2021,9,16,3,3,2,6,0,0,1,0,0,0,0,0,792392,2281,5818456,409
216203,11,3,3601140,2021,8,17,2,2,3,6,0,1,0,0,0,0,0,0,798280,66,5831806,905
216202,11,6,6100209,2021,9,18,6,3,5,2,0,1,1,0,0,0,0,1,794207,6605,5821448,59
216201,11,2,2200210,2021,9,1,1,3,0,1,2,0,0,0,1,0,0,0,798342,807,5825502,642
216200,11,3,3100103,2021,9,10,5,2,1,7,0,0,1,0,0,0,0,0,804358,4766,5841007,248
216199,11,5,5100317,2021,8,6,2,3,5,7,0,0,1,0,0,0,0,1,786897,8281,5828383,12
216198,11,8,8100312,2021,10,14,6,3,3,6,0,0,1,0,0,0,0,0,801075,1687,5824150,792
216197,11,6,6100205,2021,8,3,1,3,9,1,2,0,1,0,0,0,0,1,795860,3944,5819412,977
216196,11,9,9200512,2021,9,18,2,3,1,5,1,1,0,0,0,1,0,0,808136,6434,5821907,879
216195,11,11,11100204,2021,9,19,1,2,5,2,1,0,1,0,1,0,0,0,806904,5362,5832625,285
216194,11,5,5100208,2021,9,14,7,3,5,7,0,0,1,0,1,0,0,1,782502,7584,5830591,448
216193,11,4,4501153,2021,10,8,6,3,5,2,0,1,1,0,0,0,0,0,793946,456,5823427,345
216192,11,7,7400721,2021,9,11,3,2,1,5,0,1,1,0,0,0,0,0,797631,4251,5822573,834
216191,11,2,2200209,2021,9,8,3,3,5,2,0,1,1,0,0,0,0,0,797766,6742,5824734,759
216190,11,1,1400938,2021,9,8,4,3,3,6,0,0,1,0,0,0,0,1,793875,2205,5830082,718
216189,11,4,4300623,2021,8,8,3,3,0,7,0,1,0,0,0,0,0,0,792413,7066,5826199,135
216188,11,1,1100312,2021,9,9,6,3,5,2,0,1,1,0,0,0,0,0,799690,906,5827213,304
216187,11,2,2100106,2021,9,12,4,3,5,3,0,0,1,0,1,0,0,0,798581,3868,5825563,474
216186,11,2,2500835,2021,9,11,2,3,0,1,0,0,0,0,1,0,0,0,803104,807,5826262,493
216185,11,8,8100311,2021,9,1,6,2,1,5,2,0,1,0,0,0,0,0,800897,805,5824612,77
216184,11,7,7200307,2021,8,23,3,3,1,5,2,1,1,0,0,0,0,1,794968,3059,5824007,645
216183,11,9,9401329,2021,9,13,5,3,0,4,0,0,0,1,0,0,1,0,812120,959,5818375,899
216182,11,4,4501042,2021,9,11,7,3,0,2,0,1,1,0,0,0,0,1,793933,6545,5825893,172
216181,11,1,1100206,2021,8,13,7,3,0,3,0,0,0,0,1,0,1,0,797900,5842,5827372,811
216180,11,2,2500831,2021,9,16,5,3,0,3,0,0,1,0,1,0,0,0,802909,6536,5827126,413
216179,11,1,1100206,2021,9,2,6,2,0,1,2,0,0,0,0,0,1,0,797990,1642,5827085,186
216178,11,11,11100204,2021,9,14,4,3,5,2,0,0,1,0,1,0,0,0,806844,5756,5832562,208
216177,11,9,9501939,2021,9,12,4,3,6,2,0,0,1,1,0,0,0,1,809933,1351,5821626,203
216176,11,3,3200309,2021,8,16,5,3,5,3,0,1,1,0,0,0,0,1,800140,946,5838356,546
216175,11,8,8100312,2021,8,10,3,3,5,2,0,0,1,0,0,0,1,0,801315,4439,5823995,665
216174,11,1,1200517,2021,9,16,6,3,3,6,0,1,1,0,0,0,0,0,793505,2017,5829116,331
216173,11,2,2100101,2021,9,8,5,3,5,2,0,1,1,0,0,0,0,0,797806,8756,5825928,591
216172,11,3,3500932,2021,9,13,4,2,0,1,0,0,0,0,1,0,0,0,801432,9935,5833147,61
216171,11,1,1300733,2021,9,10,1,3,2,6,0,0,1,0,0,0,1,0,797244,3471,5831294,992
216170,11,4,4501042,2021,9,14,5,3,2,6,0,0,1,0,1,0,0,0,793582,6893,5825743,58
216169,11,6,6400842,2021,9,10,2,3,6,7,0,1,0,1,0,0,0,0,790027,3768,5819347,194
216168,11,4,4200309,2021,9,15,1,3,0,6,0,1,1,0,0,0,0,0,788986,124,5826984,317
216167,11,7,7300517,2021,8,19,2,3,0,7,0,0,1,0,0,0,0,0,794354,4057,5822319,24
216166,11,5,5100207,2021,9,7,5,3,5,3,0,1,1,0,0,0,0,0,780789,3617,5829935,52
216165,11,6,6300527,2021,9,13,6,3,1,5,0,1,1,0,0,0,0,0,790721,2694,5817745,944
216164,11,8,8100310,2021,9,18,4,3,0,5,1,1,1,0,0,0,0,1,800604,9944,5825125,316
216163,11,6,6400841,2021,9,15,5,3,5,2,0,0,1,0,0,0,0,0,789864,7702,5818783,517
216162,11,12,12200309,2021,8,13,6,3,2,6,0,0,1,0,0,0,0,0,793330,5795,5832797,609
216161,11,6,6400844,2021,9,15,5,3,0,3,0,1,0,0,0,0,1,0,790742,6728,5820755,204
216160,11,9,9301126,2021,8,8,4,3,5,2,0,1,0,0,0,1,0,0,809956,6809,5817907,555
216159,11,1,1200520,2021,9,15,1,3,5,2,0,1,1,0,0,0,0,0,794589,4144,5828438,806
216158,11,5,5100316,2021,9,13,6,2,2,6,0,0,1,0,0,0,0,0,784528,3275,5828864,106
216157,11,3,3601141,2021,9,9,6,3,2,6,0,0,1,0,0,1,0,0,798813,1079,5831818,28
216156,11,5,5300840,2021,9,7,4,3,5,2,0,1,1,0,0,0,0,0,789406,1144,5828678,141
216155,11,5,5200629,2021,9,22,2,2,0,7,2,0,1,0,0,0,0,0,784579,59,5828296,802
216154,11,6,6300632,2021,9,16,3,3,2,6,0,0,1,0,0,0,0,0,792275,7795,5816699,338
216153,11,11,11200513,2021,9,14,2,3,0,6,0,1,1,0,0,0,0,0,804559,9065,5831027,752
216152,11,4,4501042,2021,8,14,3,2,3,6,0,1,1,0,0,0,0,0,793876,3709,5825868,385
216151,11,9,9200613,2021,9,15,6,3,6,4,0,1,0,1,0,0,0,1,806999,4632,5821158,102
216150,11,3,3601449,2021,9,16,4,3,6,3,0,1,0,1,0,0,0,0,801104,7596,5830758,894
216149,11,12,12500928,2021,8,21,1,3,1,1,2,0,1,0,0,0,0,1,791963,9665,5837018,317
216148,11,1,1100309,2021,8,16,6,3,0,1,0,0,1,0,1,0,0,0,798651,1479,5828815,823
216147,11,3,3601449,2021,9,7,2,3,6,4,0,1,0,1,0,0,0,0,801137,7077,5830739,404
216146,11,12,12100205,2021,9,8,7,3,0,1,0,0,0,0,1,0,0,1,793505,5368,5832446,901
216145,11,4,4200311,2021,8,9,3,3,5,2,0,1,1,0,0,0,0,0,790399,9756,5827140,906
216144,11,2,2300419,2021,9,13,7,3,2,6,0,0,1,0,0,0,0,0,801586,4869,5825943,443
216143,11,12,12400721,2021,10,12,6,3,5,3,0,0,1,0,0,0,0,0,790585,5842,5839719,54
216142,11,4,4200308,2021,9,17,3,3,5,2,0,1,0,0,1,0,0,0,789286,223,5827512,987
216141,11,7,7400928,2021,9,15,4,3,5,2,0,1,1,0,0,0,0,0,799980,3963,5821330,88
216140,11,5,5200629,2021,9,11,3,3,0,2,0,0,1,0,0,0,1,1,784597,2344,5828312,266
216139,11,12,12400617,2021,8,15,5,2,8,1,0,1,0,0,0,0,0,1,786030,3493,5837665,872
216138,11,4,4400831,2021,8,19,3,3,5,2,1,1,1,0,0,0,0,0,790740,7881,5822657,903
216137,11,7,7100205,2021,9,10,6,3,2,6,0,0,0,0,0,0,1,0,796084,7415,5825334,594
216136,11,8,8100102,2021,9,21,5,3,5,3,2,0,1,0,0,0,1,1,800440,9823,5823172,114
216135,11,3,3601449,2021,9,15,3,3,2,3,0,0,1,0,1,0,0,0,801907,3075,5830328,501
216134,11,11,11200513,2021,9,2,1,2,0,1,2,0,0,0,0,0,1,0,804645,6681,5831111,365
216133,11,12,12400722,2021,9,16,4,2,5,2,0,0,1,0,1,0,0,0,790658,7813,5837395,205
216132,11,5,5200528,2021,9,12,1,3,2,6,0,0,1,0,0,0,0,0,783376,5867,5826753,35
216131,11,3,3200204,2021,8,19,7,3,2,2,0,0,1,0,0,0,0,0,798057,7643,5837198,798
216130,11,4,4400831,2021,9,12,5,3,5,3,0,0,1,0,0,0,0,0,790838,956,5822517,94
216129,11,1,1100310,2021,9,18,5,3,2,6,0,1,0,0,0,0,0,0,799539,3081,5828217,565
216128,11,10,10100313,2021,9,7,4,3,5,3,0,0,1,0,0,0,0,0,807803,9318,5830768,261
216127,11,1,1100415,2021,9,19,4,3,1,5,1,1,1,0,0,0,0,1,798457,761,5829126,76
216126,11,2,2200208,2021,8,6,6,3,5,2,0,1,1,0,0,0,0,1,797847,431,5824925,485
216125,11,8,8100417,2021,8,21,4,2,6,4,2,0,1,1,0,0,0,1,802573,6481,5823097,778
216124,11,8,8100312,2021,9,15,7,3,6,4,0,0,1,1,0,0,0,0,800996,9588,5824224,473
216123,11,4,4501042,2021,9,16,5,3,5,3,0,0,1,0,0,0,0,0,794369,1512,5825672,585
216122,11,6,6400841,2021,9,14,3,3,2,6,0,1,1,0,0,0,0,0,789688,6477,5818446,898
216121,11,7,7300517,2021,9,14,2,3,3,5,0,1,1,0,0,0,0,0,794318,4868,5822317,164
216120,11,12,12200412,2021,9,8,4,2,6,4,0,0,1,1,0,0,0,0,790658,7217,5833703,736
216119,11,1,1100311,2021,9,18,2,2,5,3,0,1,0,0,0,0,1,0,799661,7439,5827617,169
216118,11,3,3601245,2021,9,16,2,3,5,3,0,1,1,0,0,0,0,0,801160,8655,5831110,539
216117,11,9,9401329,2021,8,12,2,2,6,4,0,0,0,1,0,0,1,1,811765,1006,5818261,193
216116,11,10,10200524,2021,9,7,6,3,5,3,0,0,1,0,0,0,1,0,813606,4046,5830022,31
216115,11,4,4300622,2021,9,7,3,3,5,2,0,0,1,0,1,0,0,0,793769,2676,5826574,909
216114,11,3,3200310,2021,9,11,6,3,6,7,0,0,1,1,0,0,0,0,799606,8401,5837865,847
216113,11,1,1100309,2021,9,7,4,3,1,5,0,1,1,0,0,0,0,0,797857,6497,5828537,31
216112,11,1,1100310,2021,9,11,1,3,5,2,0,1,1,0,0,0,0,0,799223,5735,5828466,357
216111,11,3,3300516,2021,8,11,7,3,5,3,0,1,1,0,0,0,0,0,801110,1926,5834987,746
216110,11,2,2100104,2021,9,14,5,3,5,3,0,0,1,0,0,0,0,0,799227,691,5825994,657
216109,11,10,10300732,2021,9,18,5,2,0,7,1,0,1,0,0,0,0,0,809629,3886,5828544,552
216108,11,1,1100312,2021,9,10,4,3,2,6,0,0,1,0,0,0,1,0,799206,9456,5826996,52
216107,11,7,7100102,2021,9,16,4,3,0,5,0,0,1,0,1,0,0,1,795000,5234,5825230,311
216106,11,1,1100308,2021,8,6,6,2,0,1,0,0,1,0,1,0,0,1,796703,6116,5828773,811
216105,11,11,11300721,2021,8,20,4,2,0,1,2,0,0,0,1,0,0,1,805181,566,5829626,157
216104,11,8,8100209,2021,9,19,6,3,5,3,0,0,1,0,0,0,0,0,801569,6284,5822310,197
216103,11,6,6400839,2021,9,17,4,3,6,7,0,1,0,1,0,0,0,0,789380,6342,5818128,605
216102,11,1,1200520,2021,9,10,3,3,5,2,0,1,1,0,0,0,0,0,794440,9161,5829321,684
216101,11,4,4501040,2021,9,16,7,3,0,2,0,1,1,0,0,0,0,1,792718,9983,5825391,82
216100,11,2,2100104,2021,9,20,4,3,0,4,2,0,0,1,1,0,0,0,799217,3242,5825992,297
216099,11,11,11300620,2021,9,15,2,3,5,3,0,1,1,0,0,0,0,0,803973,5827,5829085,377
216098,11,6,6100103,2021,9,9,2,3,6,2,0,0,1,1,0,0,0,0,794004,3897,5821375,715