OBJECTID,LAND,BEZ,LOR_ab_2021,UJAHR,UMONAT,USTUNDE,UWOCHENTAG,UKATEGORIE,UART,UTYP1,ULICHTVERH,IstRad,IstPKW,IstFuss,IstKrad,IstGkfz,IstSonstige,USTRZUSTAND,LINREFX,LINREFY,XGCSWGS84,YGCSWGS84
216097,11,3,3501038,2021,8,13,1,3,0,5,0,0,1,0,0,0,1,1,804097,856,5832379,234
216096,11,1,1100309,2021,9,1,6,3,5,3,2,1,1,0,0,0,0,0,797943,4495,5828779,418
216095,11,11,11501341,2021,9,10,7,3,5,2,0,1,1,0,0,0,0,1,807202,9908,5823907,448
216094,11,9,9200819,2021,9,12,5,3,3,6,0,0,1,0,0,0,0,0,810112,3432,5820419,849
216093,11,6,6300633,2021,9,16,5,3,5,3,0,0,1,0,0,0,0,0,793278,2193,5818926,75
216092,11,11,11501341,2021,8,21,7,3,3,6,2,0,1,0,0,0,0,1,807146,7899,5823740,19
216091,11,1,1200519,2021,8,18,4,3,6,7,0,0,1,1,0,0,0,1,793811,4083,5828491,86
216090,11,4,4300412,2021,9,15,7,3,2,6,0,0,1,0,0,0,0,0,791385,7084,5827474,884
216089,11,10,10100311,2021,9,14,5,2,5,3,0,1,1,0,0,0,0,0,807001,2525,5830429,675
216088,11,2,2200210,2021,9,23,4,3,0,7,2,0,1,0,0,0,0,0,799013,1928,5825071,3
216087,11,2,2300316,2021,9,21,2,3,0,1,2,0,0,0,1,0,0,0,801440,8258,5826056,282
216086,11,5,5200629,2021,9,15,3,3,0,1,0,0,0,0,1,0,1,0,784656,7786,5828624,976
216085,11,11,11200515,2021,9,15,3,3,5,3,0,1,1,0,0,0,0,0,806106,803,5830164,905
216084,11,7,7100205,2021,8,16,3,2,6,4,0,1,0,1,0,0,0,0,796428,8465,5824892,37
216083,11,2,2400521,2021,9,13,6,3,6,2,0,0,1,1,0,0,0,0,801137,368,5828581,401
216082,11,9,9100408,2021,9,17,4,3,0,2,0,1,1,0,0,0,0,0,806497,7268,5820066,651
216081,11,1,1100206,2021,8,12,2,3,6,7,0,0,0,1,0,0,1,1,797674,2832,5827977,396
216080,11,10,10400940,2021,8,16,5,2,5,2,0,0,1,0,0,0,1,0,812385,1544,5824271,746
216079,11,5,5300735,2021,9,10,2,3,5,2,0,0,1,0,0,0,0,0,786566,138,5830552,707
216078,11,7,7100206,2021,9,16,7,3,1,5,1,1,1,0,0,0,0,1,796616,735,5824313,856
216077,11,9,9200715,2021,8,16,3,3,5,2,0,0,1,0,1,0,0,0,807713,4145,5818121,82
216076,11,8,8100312,2021,9,14,1,3,2,6,0,0,1,0,1,0,0,0,800883,6035,5824282,4
216075,11,7,7300619,2021,8,21,6,3,5,3,2,0,1,0,0,0,1,0,795354,3035,5822247,515
216074,11,2,2100102,2021,9,9,5,3,1,5,0,1,1,0,0,0,0,0,797934,1829,5826382,82
216073,11,4,4501042,2021,9,16,5,3,6,2,0,0,1,1,0,0,0,0,793992,427,5826148,892
216072,11,3,3400828,2021,9,15,4,3,5,3,0,1,1,0,0,0,0,1,799827,6528,5832098,665
216071,11,1,1200519,2021,9,8,3,3,5,3,0,1,0,0,0,0,1,0,794013,591,5829169,67
216070,11,9,9300920,2021,8,6,5,3,5,3,0,0,1,0,0,0,0,1,808097,3099,5816927,914
216069,11,9,9200510,2021,8,13,3,3,0,2,0,1,1,0,0,0,0,0,806413,312,5822980,694
216068,11,4,4300412,2021,9,14,6,3,5,2,0,1,0,0,0,0,1,0,790794,2534,5827391,504
216067,11,6,6100206,2021,9,17,5,3,0,7,0,1,0,0,0,0,0,0,795099,914,5819450,369
216066,11,3,3701658,2021,9,11,2,3,6,7,0,1,0,1,0,0,0,0,799943,858,5829971,726
216065,11,1,1400938,2021,9,17,7,3,6,7,0,1,0,1,0,0,0,0,794668,7989,5831155,104
216064,11,8,8100310,2021,8,12,3,2,5,2,0,1,1,0,0,0,0,0,800982,8862,5824768,888
216063,11,10,10200524,2021,9,9,2,3,5,3,0,1,1,0,0,0,0,0,813262,2283,5830369,392
216062,11,8,8200730,2021,9,15,1,3,2,6,0,0,1,0,1,0,0,0,801403,5673,5819275,812
216061,11,9,9501939,2021,8,17,7,3,6,4,0,0,1,1,0,0,0,0,810582,2315,5821339,89
216060,11,5,5100104,2021,9,8,6,3,5,3,0,0,0,0,0,1,1,0,785212,488,5831830,399
216059,11,8,8100206,2021,9,4,7,3,6,2,2,0,1,1,0,0,0,0,800613,6084,5823773,759
216058,11,5,5100314,2021,9,20,4,3,3,6,2,0,1,0,0,0,0,1,785299,538,5830007,701
216057,11,5,5100210,2021,9,15,4,2,5,3,0,0,1,0,0,0,1,1,783976,8741,5830077,319
216056,11,3,3400828,2021,8,13,6,3,5,3,0,0,1,0,0,0,0,1,800030,5203,5832028,863
216055,11,1,1100101,2021,9,12,6,3,0,1,0,0,0,0,1,0,0,0,794662,8463,5826050,7
216054,11,1,1400938,2021,8,23,4,3,2,6,2,0,1,0,0,0,0,1,794492,7166,5830636,198
216053,11,1,1100103,2021,9,12,7,3,3,2,0,0,1,0,0,0,1,0,795321,3107,5826141,991
216052,11,12,12200412,2021,9,14,6,2,5,7,0,0,1,0,1,0,0,0,790940,9033,5834310,945
216051,11,6,6200317,2021,9,14,4,3,5,3,0,1,1,0,0,0,0,0,796783,526,5817868,54
216050,11,4,4501153,2021,9,8,3,3,5,3,0,1,0,0,0,0,0,0,794185,3095,5823228,407
216049,11,7,7501029,2021,9,12,5,3,5,3,0,0,1,0,0,0,0,0,797590,2438,5818738,614
216048,11,4,4501045,2021,9,10,3,3,1,5,0,1,1,0,0,0,0,0,793474,5909,5824856,861
216047,11,2,2300316,2021,9,10,3,3,4,6,0,1,0,0,0,0,0,0,800698,5333,5826439,767
216046,11,5,5200630,2021,8,19,2,3,5,3,1,0,1,0,1,0,0,0,784752,3081,5827199,555
216045,11,5,5300735,2021,9,16,6,3,0,1,0,0,0,0,1,0,0,1,786929,5727,5830853,365
216044,11,9,9200510,2021,9,19,1,3,1,5,1,1,1,0,0,0,0,0,806586,48,5822155,444
216043,11,7,7601238,2021,9,14,5,3,5,2,0,0,1,0,0,0,1,0,798677,99,5816001,681
216042,11,9,9501940,2021,9,17,5,2,6,4,0,0,1,1,0,0,0,0,811724,3448,5821610,291
216041,11,12,12100101,2021,8,12,7,3,5,2,0,1,1,0,0,0,0,0,795770,41,5832572,284
216040,11,8,8301036,2021,9,5,1,3,1,5,1,0,1,0,0,0,0,0,803707,3527,5817991,836
216039,11,12,12200412,2021,9,15,1,3,5,3,0,1,1,0,0,0,0,0,790676,4586,5834314,547
216038,11,11,11200514,2021,8,6,3,3,6,7,0,0,1,1,0,0,0,1,803362,5246,5830084,92
216037,11,5,5200629,2021,9,9,7,2,0,1,0,0,0,0,1,0,0,1,784636,7555,5828433,3
216036,11,4,4400728,2021,9,15,3,3,0,1,0,0,1,0,1,0,0,0,790369,993,5823532,227
216035,11,1,1300731,2021,9,7,4,3,6,2,1,0,1,1,0,0,0,1,796852,9448,5832377,332
216034,11,1,1100102,2021,9,8,4,3,3,6,0,0,1,0,1,0,0,0,795235,6914,5826697,897
216033,11,7,7400927,2021,8,15,2,3,5,2,0,0,1,0,1,0,0,0,799129,116,5821712,391
216032,11,12,12601133,2021,9,18,6,3,5,3,0,0,1,0,0,0,0,0,795732,9278,5837041,997
216031,11,12,12500825,2021,8,14,2,3,2,6,0,0,1,0,0,0,0,1,792549,4024,5835165,5
216030,11,1,1100207,2021,8,3,6,2,0,1,2,1,0,0,0,0,0,1,798309,232,5826981,135
216029,11,2,2500833,2021,9,19,2,3,0,1,0,1,0,0,0,0,0,0,802386,3775,5827080,926
216028,11,9,9200613,2021,9,8,7,2,5,3,0,1,1,0,0,0,0,1,805794,606,5821825,33
216027,11,2,2100105,2021,9,16,6,3,5,3,0,1,0,0,1,0,0,0,799814,8809,5825748,444
216026,11,3,3200308,2021,9,21,4,3,2,6,2,0,1,0,0,0,0,1,800043,7182,5837236,681
216025,11,9,9301228,2021,9,11,5,3,4,7,0,0,0,0,0,1,1,0,816966,5563,5812344,293
216024,11,12,12100102,2021,8,11,7,3,5,3,0,0,1,0,0,0,0,0,796724,4433,5833270,855
216023,11,12,12400722,2021,8,10,4,3,0,3,0,0,1,0,1,0,0,0,791632,9786,5837857,14
216022,11,4,4100101,2021,9,8,2,3,5,2,0,0,1,0,0,0,0,0,791663,7428,5830679,279
216021,11,7,7601340,2021,9,15,7,3,0,1,0,0,0,0,1,0,0,0,796539,8998,5815877,306
216020,11,4,4300619,2021,9,16,3,2,6,7,0,0,1,1,0,0,0,0,792259,6282,5827273,348
216019,11,9,9301228,2021,9,6,3,3,5,3,1,0,1,0,0,0,0,0,816000,7967,5813252,322
216018,11,1,1300733,2021,9,10,3,3,1,5,1,0,1,0,1,0,0,1,797632,9834,5831885,853
216017,11,9,9502043,2021,8,6,2,3,2,6,1,1,1,0,0,0,0,1,810583,167,5822176,11
216016,11,12,12200309,2021,9,9,6,3,6,4,0,0,1,1,0,0,0,0,793217,9693,5832480,422
216015,11,3,3400724,2021,9,9,4,3,1,7,0,0,1,0,0,0,0,0,798751,7237,5834117,796
216014,11,1,1100311,2021,8,8,2,3,0,6,0,0,1,0,1,0,0,1,799618,996,5828264,804
216013,11,7,7300517,2021,8,16,6,3,5,3,0,0,1,0,0,0,0,0,794776,904,5822868,581
216012,11,7,7601341,2021,9,18,2,3,2,6,0,1,1,0,0,0,0,0,796542,1285,5814369,881
216011,11,1,1100101,2021,9,16,7,3,2,6,0,0,1,0,0,0,0,1,795209,5382,5826603,85
216010,11,5,5200527,2021,9,12,4,3,3,6,0,0,1,0,0,0,0,0,782335,2775,5827298,243
216009,11,3,3701660,2021,9,21,7,3,0,4,1,0,0,1,0,0,1,0,800134,793,5828994,605
216008,11,1,1100103,2021,8,8,6,3,0,1,0,0,0,0,1,0,0,1,795283,7559,5826060,101
216007,11,9,9100409,2021,9,17,5,3,2,6,0,0,1,0,0,0,0,0,805704,9195,5818766,3
216006,11,4,4300414,2021,9,11,6,3,1,5,0,1,1,0,0,0,1,0,791550,856,5826698,52
216005,11,12,12100204,2021,9,15,4,3,2,1,0,0,1,0,1,0,0,1,794328,495,5832562,848
216004,11,2,2500835,2021,9,21,3,3,0,1,2,0,0,0,1,0,0,0,801906,633,5826424,863
216003,11,12,12100204,2021,8,13,5,3,2,6,0,0,0,0,0,0,1,1,794219,3812,5832592,342
216002,11,1,1100308,2021,8,9,3,3,2,6,0,1,1,0,0,0,0,0,797598,4638,5828437,143
216001,11,5,5300839,2021,9,18,6,3,0,1,0,1,0,0,0,0,0,0,788720,3624,5830528,368
216000,11,10,10300731,2021,9,7,5,3,5,2,0,1,1,0,0,0,0,0,809655,861,5830269,153
215999,11,3,3200310,2021,9,0,2,3,6,6,2,0,1,1,0,0,0,0,799855,9752,5838496,27
215998,11,7,7300517,2021,9,17,2,2,5,3,0,1,1,0,0,0,0,0,794247,2716,5822046,585
215997,11,3,3400831,2021,9,15,5,3,5,7,0,0,1,0,1,0,0,0,800074,6997,5833884,49
215996,11,5,5100316,2021,9,20,2,3,6,2,2,0,1,1,0,0,0,0,784595,532,5829197,301
215995,11,6,6400735,2021,9,14,1,3,3,6,0,1,1,0,0,0,0,0,779479,4458,5815580,909
215994,11,1,1200517,2021,8,15,7,3,2,6,0,0,1,0,1,0,0,0,793648,736,5828121,19
215993,11,9,9502043,2021,9,7,6,3,5,3,0,1,0,0,0,0,0,0,810855,5168,5822503,436
215992,11,4,4300517,2021,9,12,7,3,5,3,0,0,1,0,0,0,0,0,791911,8384,5828206,76
215991,11,6,6100103,2021,9,21,4,3,0,1,2,0,1,0,0,0,0,1,793766,708,5821150,623
215990,11,5,5100316,2021,9,14,6,2,5,3,0,1,1,0,0,0,0,0,784966,55,5829500,898
215989,11,5,5300840,2021,9,15,5,3,5,2,0,1,1,0,0,0,0,0,789214,861,5829280,646
215988,11,6,6400838,2021,8,10,6,3,0,1,0,0,0,0,1,0,0,1,788483,479,5821526,106
215987,11,10,10300734,2021,8,17,4,3,6,4,0,0,1,1,0,0,0,0,809790,6682,5827263,234
215986,11,1,1100416,2021,9,7,1,2,1,5,0,0,1,0,1,0,0,0,798922,754,5829590,844
215985,11,5,5100316,2021,9,6,6,3,5,2,2,0,1,0,0,0,0,0,784845,1668,5829238,91
215984,11,11,11200411,2021,9,11,4,3,0,4,0,0,0,1,1,0,0,0,804920,7732,5831377,13
215983,11,1,1100205,2021,9,9,2,3,5,2,0,1,1,0,0,0,0,0,797152,151,5826447,791
215982,11,11,11400931,2021,8,9,2,3,3,6,0,0,1,0,0,0,1,0,806696,6075,5826908,119
215981,11,12,12400720,2021,9,6,3,3,5,3,2,0,1,0,1,0,0,0,789631,3596,5839732,341
215980,11,1,1100206,2021,9,13,2,3,6,4,0,0,1,1,0,0,0,0,797390,7417,5827736,1
215979,11,7,7400823,2021,8,13,2,3,5,3,0,1,1,0,0,0,0,1,797358,934,5821918,607
215978,11,3,3500934,2021,9,12,6,3,5,3,0,1,1,0,0,0,0,0,800688,4116,5831584,178
215977,11,4,4100101,2021,9,13,1,3,5,2,0,0,1,0,0,0,0,0,793340,975,5829718,481
215976,11,1,1300835,2021,9,6,5,3,5,2,0,1,1,0,0,0,0,1,797636,4572,5829558,167
215975,11,9,9401433,2021,8,17,2,3,5,7,0,0,1,0,0,0,0,1,812717,4843,5819918,169
215974,11,1,1100205,2021,10,19,6,3,5,2,2,1,1,0,0,0,0,0,796970,1737,5826731,366
215973,11,4,4300620,2021,8,23,7,3,5,3,2,0,1,0,0,0,0,1,793189,7338,5827892,9
215972,11,4,4300414,2021,9,14,2,3,6,7,0,0,1,1,0,0,0,0,791594,5383,5827341,98
215971,11,11,11501238,2021,9,16,7,3,6,7,0,1,0,1,0,0,0,1,803809,8967,5826178,903
215970,11,1,1100416,2021,9,17,5,3,0,1,0,1,0,0,0,0,0,0,798787,7051,5829682,631
215969,11,2,2100101,2021,9,16,6,3,5,3,0,1,0,0,0,0,1,0,797588,4115,5825938,605
215968,11,1,1100308,2021,10,11,6,3,0,2,0,0,1,0,1,0,0,0,797102,5446,5828833,92
215967,11,9,9501737,2021,9,15,3,3,5,3,0,0,1,0,0,0,0,0,813761,909,5821737,227
215966,11,3,3500936,2021,9,12,3,2,6,4,0,0,1,1,0,0,0,0,802704,1781,5831821,254
215965,11,12,12601236,2021,9,10,4,2,5,3,0,1,1,0,0,0,0,1,794421,8442,5836081,869
215964,11,1,1100205,2021,8,7,3,3,0,5,0,1,0,0,0,0,0,0,797469,137,5826804,17
215963,11,1,1100206,2021,9,14,6,3,0,1,0,1,0,0,0,0,0,0,797998,2365,5827858,711
215962,11,8,8100313,2021,9,18,3,3,5,3,0,1,1,0,0,0,0,0,801400,4962,5824764,401
215961,11,7,7400826,2021,9,20,6,3,2,6,2,0,1,0,1,0,0,1,797045,3475,5820430,581
215960,11,12,12400722,2021,9,14,4,3,6,4,0,0,1,1,0,0,0,0,790806,503,5838847,178
215959,11,6,6100206,2021,9,21,7,3,5,3,2,1,1,0,0,0,0,0,794553,8898,5820101,498
215958,11,12,12500928,2021,8,13,1,3,1,5,0,0,1,0,0,0,0,0,791832,478,5836924,901
215957,11,8,8200726,2021,9,15,5,3,5,3,0,0,1,0,0,0,0,0,802363,121,5819912,373
215956,11,12,12100204,2021,9,14,6,3,2,3,0,0,1,0,0,0,0,0,795512,8586,5832474,362
215955,11,6,6200312,2021,9,15,4,3,5,3,0,1,1,0,0,0,0,1,794825,3299,5819323,626
215954,11,3,3200309,2021,9,7,4,3,5,3,0,1,1,0,0,0,0,1,800169,3355,5837955,587
215953,11,1,1100205,2021,8,17,5,3,3,6,0,0,1,0,0,0,0,1,797468,504,5826806,786
215952,11,1,1200628,2021,8,12,3,3,5,2,0,1,1,0,0,0,0,0,795702,3048,5828178,286
215951,11,4,4300619,2021,9,12,7,3,5,2,0,1,1,0,0,0,0,0,792137,8441,5827327,315
215950,11,11,11200512,2021,9,16,5,3,2,6,0,1,1,0,0,0,0,0,804754,822,5831383,255
215949,11,10,10300731,2021,9,7,3,3,5,3,0,1,1,0,0,0,0,0,809125,9875,5829716,522
215948,11,1,1100102,2021,9,17,7,3,2,6,0,0,1,0,0,0,0,0,795421,9938,5826313,571
215947,11,5,5100104,2021,9,20,4,3,1,5,0,1,1,0,0,0,0,0,785909,6582,5831405,973
215946,11,2,2100103,2021,9,15,2,3,3,6,0,1,1,0,0,0,0,0,798499,4882,5826515,881
215945,11,1,1100308,2021,9,2,1,3,1,5,2,0,1,0,0,0,1,0,797080,2245,5828861,178
215944,11,5,5200629,2021,8,1,1,3,2,6,2,0,1,0,0,0,0,0,784766,2685,5828606,109
215943,11,1,1200522,2021,9,8,5,3,5,2,0,1,0,0,1,0,0,0,794569,5675,5828335,377
215942,11,8,8200833,2021,9,9,6,3,5,2,0,0,1,0,1,0,0,0,802244,8117,5816789,864
215941,11,7,7400824,2021,9,18,4,3,0,3,0,1,1,0,0,0,0,1,797866,5012,5822039,121
215940,11,5,5100315,2021,9,13,4,3,0,5,0,0,1,0,0,0,0,0,784725,1153,5830333,843
215939,11,1,1300733,2021,9,20,5,3,5,3,0,0,1,0,0,0,0,0,797651,3622,5831858,642
215938,11,3,3300413,2021,9,12,1,2,5,3,0,0,1,1,0,0,0,0,803626,7286,5838991,648
215937,11,3,3601142,2021,8,9,6,3,5,5,0,1,0,0,0,0,1,0,798836,504,5831038,373
215936,11,3,3500932,2021,9,18,5,3,5,2,0,1,1,0,0,0,0,0,802071,861,5832782,109
215935,11,12,12200412,2021,9,13,6,3,5,3,0,0,1,0,0,0,0,0,791135,4594,5834229,872
215934,11,1,1300836,2021,9,7,4,3,5,3,0,1,0,0,0,0,1,0,796656,8481,5830467,81
215933,11,1,1300836,2021,9,11,4,2,6,2,0,0,1,1,0,0,0,1,796817,7,5831271,709
215932,11,7,7501029,2021,8,11,5,3,0,3,0,1,0,0,0,0,1,1,797196,7633,5818621,285
215931,11,6,6300526,2021,8,20,3,2,0,6,2,1,0,0,0,0,1,0,788904,1467,5817938,186
215930,11,10,10100102,2021,9,19,7,3,5,2,1,0,1,0,1,0,0,0,809488,8937,5834646,916
215929,11,12,12200412,2021,8,14,2,3,0,1,0,1,0,0,0,0,0,1,791331,9561,5834176,406
215928,11,1,1401045,2021,9,16,4,2,0,2,0,0,1,0,0,0,1,0,796974,6193,5831910,223
215927,11,6,6100204,2021,9,22,2,3,2,6,2,1,1,0,0,0,0,0,795533,2602,5820019,635
215926,11,1,1200628,2021,9,4,1,2,8,1,0,0,1,0,0,0,0,0,796225,3992,5828508,57
215925,11,8,8100419,2021,9,6,4,3,5,3,0,1,0,0,0,0,0,0,802133,4239,5824453,614
215924,11,5,5100315,2021,9,9,2,3,5,3,0,0,1,0,1,0,0,0,784322,3163,5830181,172
215923,11,1,1300836,2021,9,13,2,3,5,2,0,1,1,0,0,0,0,0,796719,8918,5830449,515
215922,11,2,2300314,2021,8,22,7,3,2,6,2,0,1,0,0,0,0,0,799937,5198,5825743,936
215921,11,5,5100317,2021,9,7,5,3,0,5,0,1,1,0,0,0,0,0,787109,3941,5828148,311
215920,11,2,2300315,2021,9,21,6,3,5,3,2,1,0,0,1,0,0,0,800728,9386,5825799,655
215919,11,12,12500824,2021,9,9,5,3,5,3,0,0,1,0,0,0,0,1,791158,8552,5836365,878
215918,11,1,1100101,2021,9,14,6,2,0,1,0,1,0,0,0,0,0,0,794585,8599,5826132,739
215917,11,8,8401244,2021,9,15,5,3,2,2,0,0,1,0,0,0,0,0,806252,235,5816366,967
215916,11,1,1100102,2021,8,15,6,3,2,6,0,0,1,0,0,0,1,0,796573,4392,5826871,669
215915,11,4,4501043,2021,8,21,4,3,0,1,2,0,0,0,0,0,1,1,792422,2264,5824959,957
215914,11,3,3200309,2021,9,12,1,3,1,5,0,1,1,0,0,0,0,0,800102,5607,5837591,221
215913,11,4,4300623,2021,9,13,6,3,5,2,0,1,1,0,0,0,0,0,792403,289,5826104,758
215912,11,3,3200205,2021,9,16,6,3,5,3,0,0,1,0,0,0,0,0,797909,6712,5835184,311
215911,11,7,7100103,2021,9,13,3,2,5,2,0,1,1,0,0,0,0,0,795868,3742,5824961,151
215910,11,6,6100102,2021,9,18,3,3,3,6,0,1,1,0,0,0,0,0,793861,3821,5820916,52
215909,11,12,12200412,2021,9,22,3,2,5,3,2,0,1,0,1,0,0,1,791759,3743,5833980,932
215908,11,2,2500835,2021,9,16,3,3,6,4,0,0,1,1,0,0,0,0,803264,5973,5826317,125
215907,11,10,10400835,2021,8,14,1,3,5,5,0,0,1,0,0,0,0,1,811731,5994,5828005,695
215906,11,6,6200315,2021,9,17,6,3,2,6,0,0,1,0,0,0,0,1,795621,4208,5817015,568
215905,11,1,1100102,2021,9,8,5,3,2,6,0,0,1,0,1,0,0,1,795016,7098,5827224,115
215904,11,3,3400831,2021,8,7,2,3,2,6,0,0,1,0,1,0,0,1,799092,2746,5833226,493
215903,11,6,6300526,2021,8,7,7,3,1,5,0,1,1,0,0,0,0,0,789353,6841,5817321,357
215902,11,5,5100104,2021,9,10,2,3,2,6,0,0,1,0,0,0,1,0,785201,653,5831718,56
215901,11,2,2200210,2021,9,11,1,3,5,2,0,1,1,0,0,0,0,0,798323,13,5825486,253
215900,11,7,7100102,2021,8,16,3,3,5,3,0,1,0,0,0,0,0,0,795205,621,5825643,222
215899,11,12,12200515,2021,9,16,6,3,5,3,0,1,1,0,0,0,0,0,790143,5499,5834499,569
215898,11,4,4200311,2021,10,18,6,3,2,2,2,0,1,0,0,0,0,0,790472,704,5826692,376
215897,11,3,3601450,2021,9,17,3,3,2,6,0,0,1,0,1,0,0,0,801943,705,5829764,736
215896,11,2,2400521,2021,9,16,3,3,5,3,0,1,1,0,0,0,0,0,801204,4453,5828639,191
215895,11,4,4300624,2021,9,11,3,2,6,2,0,0,1,1,0,0,0,1,793269,9237,5826077,603
215894,11,4,4300624,2021,8,11,5,3,2,6,0,1,1,0,0,0,0,1,793291,901,5826150,295
215893,11,4,4300621,2021,8,11,3,3,5,3,0,1,0,0,0,0,0,0,791946,4784,5826863,357
215892,11,11,11300723,2021,9,7,6,3,6,4,0,0,0,1,1,0,0,0,804553,1007,5828412,453
215891,11,12,12601235,2021,9,13,4,3,2,2,0,0,1,0,0,0,1,0,794642,9298,5836271,149
215890,11,6,6300633,2021,9,16,2,3,1,5,0,1,1,0,0,0,0,0,792554,7885,5818359,11
215889,11,5,5200632,2021,9,16,6,3,2,6,0,0,1,0,1,0,0,1,785923,6126,5827989,129
215888,11,12,12100205,2021,8,17,3,2,2,6,1,0,1,0,0,0,0,0,794021,9218,5835331,393
215887,11,3,3400619,2021,9,10,1,3,2,6,0,0,1,0,0,0,0,0,795961,3999,5835560,703
215886,11,3,3400620,2021,8,22,7,3,5,2,2,1,1,0,0,0,0,0,797017,9507,5833776,32
215885,11,11,11400929,2021,9,16,5,3,2,6,0,1,1,0,0,0,0,0,805396,4456,5827196,582
215884,11,2,2200210,2021,9,13,6,3,5,2,0,1,1,0,0,0,0,0,798173,24,5824840,936
215883,11,3,3500934,2021,9,12,4,2,0,1,0,0,0,0,1,0,0,0,800339,9211,5832076,182
215882,11,5,5100209,2021,9,11,4,3,5,2,0,0,1,0,0,0,0,1,783696,625,5830177,331
215881,11,12,12200412,2021,8,2,6,2,0,7,2,0,1,0,0,0,1,1,791002,5266,5833717,824
215880,11,11,11400929,2021,9,12,6,3,2,6,0,0,1,0,0,0,0,0,804589,5832,5826368,268
215879,11,8,8200832,2021,8,18,4,2,1,5,0,1,1,0,0,0,0,0,801571,7152,5817485,843
215878,11,8,8200623,2021,9,21,7,3,0,1,2,0,1,0,0,0,0,0,802417,7451,5820693,887
215877,11,12,12200412,2021,9,19,5,3,2,6,2,0,1,0,0,1,0,1,790789,8065,5833709,635
215876,11,7,7200412,2021,9,17,3,3,1,7,0,1,0,0,0,0,0,0,796338,783,5822926,753
215875,11,8,8100105,2021,9,23,1,3,6,2,2,0,1,1,0,0,0,0,801086,2147,5821958,86
215874,11,9,9200715,2021,9,7,4,3,5,2,0,0,1,0,0,0,1,0,808327,5334,5818866,526
215873,11,3,3500934,2021,9,18,2,3,2,2,0,0,1,0,0,0,1,0,801055,6806,5832018,432
215872,11,4,4400831,2021,9,20,1,3,1,5,2,0,1,0,0,0,0,0,791010,3646,5822449,504
215871,11,9,9200715,2021,8,19,2,3,2,6,0,0,1,0,0,0,0,0,807353,6923,5818121,538
215870,11,2,2500833,2021,9,21,5,3,5,2,2,1,1,0,0,0,0,0,802065,394,5827160,95
215869,11,2,2500835,2021,9,17,6,2,3,6,0,1,1,0,0,0,0,0,803095,1526,5826043,962
215868,11,11,11300724,2021,9,18,4,3,5,3,0,0,1,0,0,0,1,0,804833,6122,5827750,264
215867,11,7,7200308,2021,8,12,2,3,5,3,0,1,1,0,0,0,0,1,794938,349,5823924,453
215866,11,9,9200510,2021,9,12,5,3,2,6,0,0,1,0,0,0,0,0,806619,4643,5822816,665
215865,11,3,3400721,2021,8,17,7,3,5,2,0,0,1,0,0,0,0,0,797868,5533,5833056,903
215864,11,5,5300737,2021,8,16,4,2,5,7,0,0,1,0,0,0,0,0,787993,884,5830306,291
215863,11,7,7501029,2021,9,15,1,3,2,6,0,0,1,0,0,0,0,0,797746,488,5819096,152
215862,11,8,8200727,2021,9,14,5,3,5,7,0,0,1,0,1,0,0,0,801310,9206,5819538,87
215861,11,2,2300316,2021,9,7,4,3,5,3,0,0,1,0,1,0,0,0,800734,4927,5826518,748
215860,11,7,7400721,2021,9,15,2,3,0,3,0,0,1,0,0,0,1,0,797290,5627,5823162,631
215859,11,12,12200310,2021,9,14,3,3,2,6,0,0,1,0,0,0,0,0,791727,43,5832945,54
215858,11,9,9501939,2021,9,7,2,3,2,6,0,0,1,0,0,0,0,0,810646,5061,5821064,172
215857,11,6,6100208,2021,8,16,3,3,1,5,0,1,1,0,0,0,0,0,794766,7152,5820387,292
215856,11,12,12100205,2021,9,15,6,2,1,5,0,0,1,0,0,0,1,1,794275,9632,5832920,13
215855,11,8,8200833,2021,9,19,4,3,5,2,0,0,1,0,1,0,0,0,801649,1865,5817436,64
215854,11,9,9401534,2021,8,20,2,2,4,1,1,0,1,0,0,0,0,1,811680,1133,5819936,666
215853,11,6,6300633,2021,8,16,5,3,5,2,0,1,0,0,0,0,1,0,793261,9826,5819096,397
215852,11,4,4300623,2021,9,15,2,3,5,2,0,1,1,0,0,0,0,0,792183,1699,5826124,532
215851,11,9,9401534,2021,9,15,6,3,6,2,0,0,1,1,0,0,0,1,811388,7082,5820131,98
215850,11,1,1401046,2021,8,15,3,3,1,5,0,1,1,0,0,0,0,0,795123,8347,5829971,852
215849,11,7,7400823,2021,9,16,7,3,5,3,0,0,1,0,0,0,0,0,797361,3966,5822009,18
215848,11,12,12200308,2021,10,14,6,3,6,4,0,0,1,1,0,0,0,0,792691,1009,5833872,81
215847,11,5,5200528,2021,9,19,5,2,5,2,2,0,1,0,1,0,0,0,782381,431,5827031,631
215846,11,1,1200519,2021,8,15,6,3,2,6,0,0,1,0,0,0,0,1,793756,424,5828496,864
215845,11,12,12200412,2021,8,19,4,3,2,6,2,0,1,0,0,0,0,1,788344,9694,5832069,393
215844,11,5,5300841,2021,9,22,7,3,5,3,2,0,1,0,0,0,0,0,789681,7791,5829343,739
215843,11,7,7100102,2021,9,13,6,3,5,3,0,1,1,0,0,0,0,0,795437,8864,5825668,384
215842,11,6,6200316,2021,9,13,6,3,6,4,0,1,0,1,0,0,0,0,796335,4962,5818002,4
215841,11,1,1100205,2021,9,18,4,3,5,3,0,0,1,0,0,0,1,0,797158,6641,5826452,63