OBJECTID,LAND,BEZ,LOR_ab_2021,UJAHR,UMONAT,USTUNDE,UWOCHENTAG,UKATEGORIE,UART,UTYP1,ULICHTVERH,IstRad,IstPKW,IstFuss,IstKrad,IstGkfz,IstSonstige,USTRZUSTAND,LINREFX,LINREFY,XGCSWGS84,YGCSWGS84
215840,11,12,12100205,2021,9,10,2,3,1,5,0,1,0,0,0,0,1,0,795149,3741,5833221,164
215839,11,4,4501041,2021,9,8,3,3,5,2,0,1,1,0,0,0,0,0,792954,77,5825360,476
215838,11,8,8301037,2021,9,18,3,2,6,4,0,0,1,1,0,0,0,0,804120,42,5817647,143
215837,11,8,8200730,2021,8,9,3,3,5,2,0,0,1,0,0,0,1,0,802263,6586,5818946,23
215836,11,11,11100204,2021,9,17,6,3,5,3,0,0,1,0,1,0,0,0,806157,6136,5833347,426
215835,11,6,6200313,2021,9,8,4,3,5,2,0,1,1,0,0,0,0,0,795244,322,5818330,624
215834,11,1,1100311,2021,8,13,7,3,2,2,0,1,1,0,0,0,0,0,799986,9967,5827428,483
215833,11,9,9200715,2021,9,4,2,3,5,3,2,0,1,0,0,0,0,0,808329,2198,5819187,709
215832,11,5,5100209,2021,9,8,1,3,5,3,0,0,1,0,0,0,0,0,783702,8194,5830172,911
215831,11,10,10200629,2021,8,20,3,3,2,1,2,0,0,0,1,0,1,0,810481,9378,5827962,266
215830,11,1,1100206,2021,9,16,6,3,3,6,0,1,1,0,0,0,0,0,797724,4673,5827676,62
215829,11,1,1300836,2021,10,2,6,3,5,3,2,0,1,0,0,0,0,0,796681,5775,5830147,539
215828,11,1,1400938,2021,9,6,3,3,8,1,1,0,1,0,0,0,0,1,793974,734,5830148,696
215827,11,1,1200623,2021,9,13,4,3,6,7,0,1,0,1,0,0,0,0,794621,639,5829031,55
215826,11,6,6300629,2021,9,23,3,3,0,7,2,0,1,0,0,0,0,0,791763,4284,5819279,811
215825,11,7,7300517,2021,8,10,5,3,5,3,0,1,0,0,0,0,0,0,793967,4966,5822388,59
215824,11,2,2400522,2021,8,15,3,3,4,3,0,1,1,0,0,0,0,0,801823,1697,5827935,46
215823,11,6,6300632,2021,9,15,6,3,5,3,0,0,1,0,0,0,0,0,791931,3139,5817211,886
215822,11,4,4500938,2021,9,14,3,3,1,5,0,1,1,0,0,0,0,0,791677,341,5824849,183
215821,11,7,7501031,2021,9,16,3,3,2,6,0,0,1,0,0,0,0,0,798872,7939,5819406,467
215820,11,10,10100206,2021,9,11,7,3,0,1,0,1,0,0,0,0,0,0,809337,8189,5832718,38
215819,11,5,5300736,2021,9,15,4,3,5,2,0,1,1,0,0,0,0,0,786375,7896,5829163,72
215818,11,7,7200307,2021,9,12,1,3,1,5,0,0,1,0,0,0,1,0,794837,6565,5824294,363
215817,11,8,8100419,2021,8,20,7,3,1,6,2,1,1,0,0,0,0,0,802329,4281,5823952,484
215816,11,10,10400940,2021,9,15,4,3,6,6,0,1,0,1,0,0,0,0,812367,3387,5823893,468
215815,11,7,7400927,2021,9,5,6,2,5,2,2,0,1,0,1,0,0,1,798894,9046,5821212,259
215814,11,9,9100409,2021,9,10,4,3,5,3,0,0,1,0,0,0,0,0,805703,356,5818794,295
215813,11,1,1400938,2021,9,11,4,3,2,6,0,0,1,0,0,0,1,1,794493,593,5830636,531
215812,11,1,1401045,2021,8,17,5,3,6,2,0,0,1,1,0,0,0,0,796658,2616,5831953,65
215811,11,2,2400623,2021,9,13,6,3,0,2,0,0,1,0,1,0,0,0,801208,7994,5827471,23
215810,11,9,9200512,2021,8,19,4,3,1,5,0,0,1,0,0,0,0,0,808976,5574,5821600,357
215809,11,10,10300734,2021,9,8,6,3,1,1,0,0,1,0,0,0,0,0,809951,5466,5827067,141
215808,11,1,1100311,2021,9,15,5,3,6,4,0,0,1,1,0,0,0,0,800161,4042,5827680,71
215807,11,6,6300524,2021,9,19,3,3,0,3,1,0,0,0,1,0,0,0,787531,4293,5817367,981
215806,11,2,2200213,2021,9,7,2,3,5,3,0,1,1,0,0,0,0,0,800129,6505,5825064,404
215805,11,1,1100415,2021,9,21,4,3,0,7,2,1,0,0,0,0,0,0,798294,836,5829369,21
215804,11,5,5300841,2021,9,21,1,3,2,6,2,0,1,0,0,0,0,0,789654,4067,5829290,722
215803,11,5,5100317,2021,9,6,2,3,2,6,1,0,1,0,0,0,0,0,787562,3015,5828030,771
215802,11,2,2300316,2021,8,8,2,3,5,3,0,0,1,0,0,0,0,1,800626,2087,5826266,159
215801,11,1,1100308,2021,9,20,5,3,5,2,2,1,1,0,0,0,0,0,797013,5855,5828942,561
215800,11,10,10400837,2021,9,20,6,3,5,3,1,0,1,0,1,0,0,0,810594,5152,5825520,603
215799,11,8,8100417,2021,9,9,5,3,7,7,0,0,0,0,0,0,1,0,802343,726,5823265,958
215798,11,5,5200528,2021,9,16,5,3,2,6,1,0,1,0,0,0,1,0,783142,399,5826818,423
215797,11,12,12601032,2021,8,11,6,3,5,3,0,1,1,0,0,0,0,0,792829,5938,5837488,474
215796,11,2,2300419,2021,8,16,4,3,5,3,0,1,0,0,0,0,1,0,801582,7343,5825948,423
215795,11,3,3601243,2021,9,23,7,3,5,3,2,0,1,0,0,0,0,0,799845,5063,5831531,345
215794,11,6,6200420,2021,9,22,6,3,1,1,2,0,1,0,1,0,0,0,792633,315,5816365,82
215793,11,3,3400828,2021,9,18,4,3,5,3,0,0,1,0,1,0,0,0,799730,753,5832503,305
215792,11,11,11300620,2021,9,17,3,3,6,4,0,1,0,1,0,0,0,0,804068,1005,5829294,661
215791,11,1,1100207,2021,9,18,3,3,0,3,1,0,1,0,1,0,0,0,798413,4995,5826862,357
215790,11,11,11400927,2021,9,17,3,3,0,1,0,1,0,0,0,0,0,0,803702,6334,5826262,734
215789,11,8,8200727,2021,8,14,3,3,1,5,0,1,1,0,0,0,0,0,802487,3171,5819133,519
215788,11,7,7200308,2021,9,13,6,3,3,6,0,1,1,0,0,0,0,0,794995,872,5823849,401
215787,11,9,9401635,2021,9,16,4,3,5,3,0,1,1,0,0,0,0,0,817688,899,5817868,371
215786,11,7,7100206,2021,8,15,2,3,5,2,0,1,1,0,0,0,0,1,796684,919,5824820,69
215785,11,7,7100205,2021,8,9,6,3,5,2,0,1,1,0,0,0,0,0,795997,5287,5824957,257
215784,11,6,6300528,2021,9,12,2,3,1,5,0,0,1,0,0,0,1,0,789126,6716,5816877,459
215783,11,1,1100313,2021,9,20,6,2,0,1,1,0,0,0,0,0,1,0,799815,7055,5826988,727
215782,11,4,4501153,2021,8,10,3,3,5,2,0,1,1,0,0,0,0,0,794304,8849,5823922,579
215781,11,11,11501340,2021,9,12,7,3,5,3,0,0,1,0,1,0,0,1,807680,6792,5824546,1
215780,11,3,3601142,2021,8,11,6,3,5,2,0,1,1,0,0,0,0,0,799174,1051,5831109,92
215779,11,3,3300411,2021,9,18,5,3,5,3,0,1,1,0,0,0,0,0,803911,631,5839149,555
215778,11,4,4100101,2021,9,12,6,3,5,2,0,0,1,0,0,0,0,0,791664,7423,5830679,317
215777,11,4,4501149,2021,9,10,4,3,5,3,0,1,1,0,0,1,0,0,793454,6647,5824435,84
215776,11,2,2500831,2021,9,11,3,2,0,1,0,0,1,0,1,0,0,1,802749,4055,5827330,13
215775,11,3,3601450,2021,8,10,5,3,2,1,0,0,1,0,0,0,0,1,802312,8561,5829506,994
215774,11,11,11200512,2021,8,19,3,2,0,1,0,1,0,0,0,0,0,0,802956,5629,5830960,89
215773,11,6,6400842,2021,9,7,6,3,5,2,0,0,1,0,0,0,0,0,788849,116,5821437,261
215772,11,5,5200630,2021,9,12,5,3,2,6,0,0,1,0,0,0,0,0,784453,1999,5827722,208
215771,11,4,4300622,2021,9,18,3,3,2,6,0,0,1,0,0,0,0,0,793550,1371,5826463,411
215770,11,1,1100101,2021,9,21,7,3,2,6,2,0,1,0,0,0,0,0,794483,8282,5826092,905
215769,11,3,3300516,2021,8,16,3,3,5,3,0,0,1,0,0,0,1,0,801127,455,5833561,947
215768,11,12,12200412,2021,9,15,2,2,2,6,0,0,1,0,0,0,1,0,788347,4607,5832078,261
215767,11,8,8100206,2021,9,15,1,3,6,4,0,0,0,1,1,0,0,0,800449,6817,5823689,521
215766,11,1,1300834,2021,8,9,7,2,3,6,0,0,1,0,0,0,1,0,797782,133,5830741,711
215765,11,1,1100102,2021,9,9,6,3,2,2,0,0,1,0,0,0,0,0,796575,93,5827962,356
215764,11,8,8100415,2021,9,18,6,3,5,7,1,0,1,0,0,0,0,0,801235,3433,5823671,487
215763,11,4,4300414,2021,9,10,5,3,2,2,0,0,1,0,1,0,0,0,790946,4876,5826751,56
215762,11,4,4100101,2021,9,13,4,3,5,7,0,0,1,0,0,1,0,1,792671,1008,5830661,262
215761,11,10,10200524,2021,8,13,6,3,2,6,0,0,1,0,0,0,0,1,812270,998,5830678,575
215760,11,9,9200819,2021,8,20,4,3,0,1,1,1,0,0,0,0,0,1,810193,6351,5820396,801
215759,11,1,1100101,2021,9,19,7,3,5,3,0,0,1,0,0,0,0,0,795130,8517,5826505,389
215758,11,6,6400843,2021,9,13,3,3,6,4,0,0,0,1,1,0,0,0,791573,7409,5820652,497
215757,11,5,5100316,2021,9,7,4,3,5,3,0,1,0,0,0,0,1,0,784041,7452,5829678,71
215756,11,8,8200624,2021,9,13,3,3,0,3,0,0,1,0,1,0,0,0,801294,9496,5820449,49
215755,11,2,2500835,2021,8,12,5,3,1,5,0,1,1,0,0,0,0,1,803105,6156,5826268,331
215754,11,11,11100204,2021,8,15,3,3,5,2,0,0,1,0,0,0,0,0,806543,3235,5833565,608
215753,11,4,4501041,2021,9,19,6,3,0,1,1,0,0,0,1,0,0,0,792957,6075,5825568,952
215752,11,2,2500726,2021,9,16,4,3,6,4,0,0,1,1,0,0,0,0,802153,8604,5828647,579
215751,11,4,4300414,2021,9,15,3,3,5,3,0,0,1,0,0,0,1,0,791552,2579,5826689,565
215750,11,2,2400623,2021,9,18,2,2,1,5,0,1,1,0,0,0,0,0,800526,5663,5826891,541
215749,11,2,2200210,2021,9,16,4,3,5,7,0,0,1,0,0,0,0,0,798672,276,5825128,285
215748,11,4,4400729,2021,9,13,1,3,3,6,0,1,1,0,0,0,0,0,790537,5684,5822329,23
215747,11,4,4300518,2021,8,13,7,3,5,2,0,1,1,0,0,0,0,0,792082,8941,5828107,967
215746,11,3,3300516,2021,9,10,5,3,4,6,0,0,1,0,0,0,0,0,801036,7055,5834745,164
215745,11,9,9200818,2021,9,18,5,3,1,7,0,0,1,0,0,0,0,0,810488,4992,5820332,738
215744,11,3,3200308,2021,9,20,3,2,5,2,2,0,1,0,0,0,0,0,800177,4483,5836542,834
215743,11,6,6300528,2021,9,19,4,3,2,6,1,0,1,0,1,0,0,0,790828,6303,5817456,121
215742,11,2,2300316,2021,8,8,6,3,5,2,0,1,1,0,0,0,0,1,800805,4978,5826158,115
215741,11,4,4501043,2021,8,21,4,3,0,2,2,0,1,0,1,0,0,1,792947,2382,5825260,845
215740,11,8,8100419,2021,9,7,6,3,0,3,0,1,1,0,0,0,0,0,802531,9637,5824214,906
215739,11,3,3500936,2021,8,15,3,3,5,3,0,0,1,0,0,0,1,0,801686,834,5831179,934
215738,11,7,7200307,2021,9,15,5,3,5,7,0,0,1,0,0,0,1,0,794944,5998,5824319,949
215737,11,1,1100309,2021,9,7,6,3,5,3,0,1,1,0,0,0,0,0,798289,4723,5828776,949
215736,11,6,6200312,2021,9,14,3,3,2,6,0,0,1,0,0,0,1,0,795023,6929,5819104,56
215735,11,10,10200418,2021,9,8,3,2,6,4,0,0,1,1,0,0,0,0,810808,5597,5830936,55
215734,11,10,10100210,2021,9,17,4,3,5,3,0,0,1,0,1,1,0,0,808595,7148,5831892,944
215733,11,8,8100102,2021,9,2,2,2,2,6,2,0,1,0,1,0,0,0,800583,2571,5823231,129
215732,11,5,5100316,2021,9,18,1,3,0,2,0,0,1,0,1,0,0,0,784988,9457,5829498,649
215731,11,4,4300415,2021,8,17,1,3,5,2,0,1,1,0,0,0,0,0,790670,2885,5825991,934
215730,11,4,4500939,2021,9,8,5,3,5,3,0,0,1,0,1,0,0,0,791820,9196,5824311,886
215729,11,2,2200212,2021,9,10,7,3,5,2,0,1,1,0,0,0,0,0,799655,612,5824508,486
215728,11,1,1100308,2021,9,13,4,3,5,3,0,1,1,0,0,0,0,0,796675,7268,5828757,288
215727,11,9,9200510,2021,9,14,5,3,5,2,0,1,1,0,0,0,0,0,806444,43,5822259,434
215726,11,2,2100102,2021,8,13,7,3,5,3,0,0,1,0,0,0,1,0,798185,6749,5826507,406
215725,11,9,9502043,2021,8,10,4,3,0,7,0,0,1,1,0,0,0,0,810369,3773,5822926,976
215724,11,1,1300834,2021,9,8,2,3,1,2,0,0,1,0,1,0,0,0,798251,9613,5830679,16
215723,11,1,1200520,2021,9,16,7,3,5,2,0,1,0,0,0,0,1,0,794596,508,5828438,937
215722,11,2,2200210,2021,9,16,7,3,5,3,0,0,1,0,0,0,0,0,798951,1469,5824797,247
215721,11,1,1200624,2021,9,13,3,3,2,6,0,0,1,0,1,0,0,0,795560,3759,5829648,9
215720,11,6,6200313,2021,9,9,4,2,5,3,0,1,1,0,0,0,0,0,795399,1332,5818197,674
215719,11,8,8401241,2021,9,7,4,3,0,7,0,0,1,0,0,0,0,0,805003,5098,5818772,215
215718,11,6,6100210,2021,8,11,2,3,5,2,0,1,1,0,0,0,0,1,795120,6569,5821249,254
215717,11,7,7601341,2021,9,23,6,2,5,3,2,0,1,0,1,0,0,0,797891,597,5815241,524
215716,11,2,2200212,2021,9,15,4,3,2,2,0,0,1,0,0,0,0,0,799081,2837,5824615,171
215715,11,5,5300737,2021,8,11,2,2,5,2,0,0,1,0,0,1,0,0,788032,6375,5829369,873
215714,11,2,2500835,2021,8,6,6,3,5,2,0,1,0,0,1,0,0,1,803094,4675,5826040,346
215713,11,7,7501134,2021,9,18,2,3,2,6,0,0,1,0,0,0,0,0,799695,855,5819022,909
215712,11,9,9200715,2021,9,21,6,3,6,7,2,0,1,1,0,0,0,0,808928,5692,5818886,395
215711,11,7,7300516,2021,8,15,3,3,6,4,0,1,0,1,0,0,0,0,794040,63,5821644,198
215710,11,4,4100101,2021,9,17,7,2,6,4,0,0,1,1,0,0,0,0,792475,9253,5830085,319
215709,11,4,4200308,2021,8,19,6,3,5,2,0,0,1,0,0,0,0,0,790223,8333,5827314,54
215708,11,2,2500836,2021,9,14,5,3,5,2,0,1,1,0,0,0,0,0,803505,399,5825370,999
215707,11,8,8100417,2021,9,16,5,3,2,6,0,0,1,0,0,0,0,0,802456,8956,5822851,416
215706,11,1,1200628,2021,9,15,4,3,2,6,0,0,1,0,1,0,0,1,795442,2383,5827628,489
215705,11,6,6300631,2021,9,13,4,2,2,6,0,0,1,0,1,0,0,1,792461,111,5816500,643
215704,11,2,2500830,2021,8,11,5,3,0,1,0,0,0,0,1,0,0,1,802262,7339,5827503,475
215703,11,1,1100102,2021,8,15,3,3,2,6,0,0,1,0,0,0,1,0,795410,2359,5826308,9
215702,11,3,3501038,2021,9,11,6,3,5,2,0,0,1,0,1,0,0,0,803600,3168,5831996,693
215701,11,11,11200513,2021,9,12,5,3,5,7,0,0,1,0,0,0,0,0,804764,4141,5830825,317
215700,11,3,3500936,2021,9,9,3,3,4,5,0,1,0,0,0,1,0,0,802335,1675,5831466,426
215699,11,1,1401045,2021,9,14,2,3,5,2,0,1,0,0,0,0,1,0,796671,4229,5831918,789
215698,11,7,7601236,2021,9,14,5,3,5,3,0,1,1,0,0,0,0,0,795880,9394,5816209,662
215697,11,11,11300721,2021,9,10,2,2,0,2,0,0,1,0,1,0,0,0,805131,5857,5829992,992
215696,11,1,1100101,2021,9,18,1,3,1,5,0,0,1,0,0,0,1,0,794973,68,5826624,55
215695,11,11,11501340,2021,8,22,7,3,2,6,2,1,1,0,0,0,0,0,807249,9459,5824254,302
215694,11,1,1200628,2021,9,9,5,3,2,6,0,0,1,0,1,0,0,0,796197,866,5828465,476
215693,11,1,1200628,2021,9,9,6,3,5,3,0,1,1,0,0,0,0,0,795687,442,5828074,518
215692,11,7,7400826,2021,9,9,5,3,5,3,0,0,1,0,1,0,0,0,797023,8001,5820693,726
215691,11,8,8200726,2021,9,14,5,3,5,3,0,1,1,0,0,0,0,0,801910,8346,5820631,91
215690,11,3,3701660,2021,8,9,6,3,6,4,0,0,1,1,0,0,0,1,800664,1191,5829356,235
215689,11,2,2300316,2021,8,7,3,2,0,5,0,1,1,0,0,0,0,0,800889,6001,5826435,543
215688,11,2,2500834,2021,9,18,1,3,6,7,0,1,0,1,0,0,0,0,803147,123,5826717,864
215687,11,3,3400723,2021,9,13,6,3,5,3,0,0,1,0,0,0,1,0,799551,4551,5834224,881
215686,11,12,12400723,2021,9,10,4,3,9,1,0,0,1,0,0,0,0,0,792528,4681,5839292,971
215685,11,6,6400841,2021,9,18,3,3,5,3,0,1,1,0,0,0,0,0,789578,9527,5818883,219
215684,11,4,4300622,2021,8,20,1,2,5,3,2,0,1,0,0,0,1,1,792916,931,5826772,84
215683,11,12,12200414,2021,9,20,3,3,0,7,1,0,1,0,0,0,0,0,791220,262,5830830,655
215682,11,3,3601244,2021,9,15,3,3,6,4,0,0,1,1,0,0,0,0,800108,365,5831706,69
215681,11,12,12100204,2021,8,14,2,3,6,4,0,0,1,1,0,0,0,0,795146,2545,5832548,97
215680,11,2,2300314,2021,9,18,6,3,1,5,0,1,1,0,0,0,0,1,799863,3358,5825996,111
215679,11,7,7300516,2021,9,16,1,3,1,5,0,1,1,0,0,0,0,0,793808,4505,5821795,793
215678,11,5,5100210,2021,9,5,5,3,2,6,1,0,1,0,1,0,0,1,783732,6369,5830596,405
215677,11,4,4501042,2021,8,19,2,3,5,2,0,0,1,0,1,0,0,1,794480,315,5825856,114
215676,11,2,2300316,2021,9,6,5,3,6,4,0,0,1,1,0,0,0,0,801476,5343,5826027,656
215675,11,9,9301228,2021,8,1,7,3,9,1,2,0,1,0,0,0,0,1,819150,8037,5812672,827
215674,11,4,4400726,2021,9,8,2,3,2,6,0,0,0,0,1,0,1,0,790858,5882,5824639,174
215673,11,4,4300416,2021,9,13,1,3,1,5,0,0,1,0,1,0,0,0,791846,431,5826236,46
215672,11,6,6400841,2021,8,11,3,3,1,1,0,1,1,0,0,0,0,0,789619,827,5818159,81
215671,11,3,3400721,2021,9,20,6,3,0,2,2,1,1,0,0,0,0,0,798218,1897,5833454,14
215670,11,8,8100419,2021,10,18,6,3,5,3,0,1,0,0,0,0,1,0,802212,7021,5824182,58
215669,11,9,9100407,2021,9,15,3,2,5,2,0,1,1,0,0,0,0,0,805987,4038,5821178,632
215668,11,12,12500825,2021,9,16,5,3,6,7,0,0,1,1,0,0,0,0,791749,8147,5834365,902
215667,11,2,2100105,2021,9,18,3,3,5,3,0,0,0,0,1,0,1,0,799729,8802,5825782,531
215666,11,7,7400720,2021,9,15,2,3,0,4,0,0,0,1,1,0,0,0,797241,9896,5823814,17
215665,11,6,6200422,2021,9,13,5,3,2,6,0,0,1,0,0,0,0,0,794958,1015,5816237,522
215664,11,7,7400823,2021,9,18,3,3,5,2,1,0,1,0,1,0,0,0,797326,5167,5822178,649
215663,11,8,8100314,2021,9,17,3,3,6,4,0,0,0,1,0,0,1,0,800364,9201,5824350,995
215662,11,11,11300721,2021,8,7,2,2,0,1,0,0,0,0,0,0,1,1,805097,7119,5829101,794
215661,11,1,1100102,2021,9,11,6,3,5,2,0,0,1,0,1,0,0,0,795188,661,5827210,532
215660,11,7,7601544,2021,9,17,7,3,1,5,2,1,1,0,0,0,0,1,799818,488,5813100,75
215659,11,7,7400927,2021,9,14,5,3,3,6,0,0,1,0,1,1,0,0,798108,8951,5820900,61
215658,11,6,6300524,2021,9,14,4,3,5,3,0,1,1,0,0,0,0,1,787550,8324,5817300,933
215657,11,11,11300616,2021,8,14,7,3,2,6,0,0,1,0,0,0,0,0,802972,9257,5829827,57
215656,11,2,2300419,2021,9,22,7,3,5,7,2,1,1,0,0,0,0,0,801588,4958,5825947,476
215655,11,5,5100209,2021,9,18,1,2,5,3,0,0,1,0,0,0,0,0,783702,607,5830170,1
215654,11,2,2300417,2021,8,10,3,3,1,5,0,0,1,0,0,1,0,0,800141,4037,5825615,392
215653,11,5,5100208,2021,9,16,5,3,0,2,0,0,0,0,1,0,1,0,782397,8547,5830616,219
215652,11,3,3300516,2021,9,16,6,3,2,6,0,0,1,0,1,0,0,0,800991,22,5833245,171
215651,11,2,2200212,2021,10,21,6,3,0,1,2,1,0,0,0,0,0,0,800163,505,5824427,578
215650,11,2,2200210,2021,9,18,3,3,2,6,1,1,1,0,0,1,0,0,798446,88,5825240,39
215649,11,4,4300623,2021,9,20,4,3,0,1,1,0,0,0,0,0,1,0,792738,9854,5826094,461
215648,11,3,3701556,2021,9,12,3,3,0,1,0,1,0,0,0,0,0,1,799275,1943,5829032,456
215647,11,10,10100311,2021,8,15,2,2,5,2,0,0,1,0,0,0,1,0,806567,4793,5828096,719
215646,11,7,7100204,2021,9,8,6,3,1,5,0,1,1,0,0,0,0,0,795181,949,5824475,553
215645,11,3,3100103,2021,8,14,2,3,5,3,0,0,1,0,0,0,0,1,804148,9849,5841046,401
215644,11,10,10400941,2021,9,13,2,3,5,3,0,1,1,0,0,0,0,0,813469,202,5824907,2
215643,11,1,1200522,2021,9,20,7,3,5,3,2,1,1,0,0,0,0,1,793977,8726,5828199,666
215642,11,8,8100310,2021,8,15,3,3,3,6,0,1,1,0,0,0,0,0,800640,7882,5825109,42
215641,11,2,2300418,2021,9,15,5,3,6,7,0,0,0,1,0,0,1,0,800790,2265,5825348,987
215640,11,4,4400726,2021,9,21,7,3,2,6,2,0,1,0,0,0,0,0,790889,548,5824747,595
215639,11,8,8100419,2021,8,11,6,3,1,5,0,1,1,0,0,0,0,0,801952,5535,5824356,908
215638,11,1,1300836,2021,9,18,5,3,5,3,0,1,0,0,0,0,0,0,795886,9642,5830604,113
215637,11,9,9300920,2021,9,11,6,3,5,3,0,0,1,0,0,0,0,0,809036,9201,5816419,171
215636,11,7,7100102,2021,9,11,4,3,0,3,0,0,1,0,1,0,0,0,795439,8206,5825668,805
215635,11,5,5100210,2021,9,19,4,3,6,4,1,1,0,1,0,0,0,1,783800,3349,5830587,674
215634,11,4,4501153,2021,8,16,5,3,5,2,0,0,1,0,0,0,0,0,793891,2385,5823091,402
215633,11,1,1200626,2021,8,12,3,3,5,3,0,1,1,0,0,0,0,0,794996,65,5828280,5
215632,11,5,5300737,2021,9,15,7,3,0,6,0,0,1,0,0,0,1,0,787496,7025,5829889,938
215631,11,1,1400938,2021,9,18,4,2,1,5,0,0,1,0,0,0,0,0,794265,8461,5830932,104
215630,11,1,1200521,2021,9,11,3,3,0,1,0,0,0,0,0,0,1,0,793712,9315,5828451,377
215629,11,1,1100309,2021,9,9,7,3,1,5,0,1,1,0,0,0,0,1,798953,564,5828442,329
215628,11,9,9200510,2021,9,20,4,2,4,6,2,0,1,0,0,0,0,0,806606,8516,5822766,172
215627,11,11,11401137,2021,9,13,2,3,2,2,0,1,1,0,0,0,0,0,806769,8482,5825585,814
215626,11,1,1100312,2021,9,9,5,3,5,2,0,1,1,0,0,0,0,0,799003,1296,5827242,828
215625,11,10,10100312,2021,9,10,2,3,9,1,0,0,1,0,0,0,0,0,808324,6802,5830160,83
215624,11,10,10100312,2021,8,19,2,2,5,2,0,0,1,0,0,0,0,0,807834,3936,5829074,915
215623,11,7,7501134,2021,9,7,5,3,1,5,0,1,1,0,0,0,0,0,799130,4277,5817238,32
215622,11,11,11300725,2021,9,18,6,3,1,5,1,0,1,0,0,0,1,0,804916,6351,5827613,28
215621,11,1,1300733,2021,9,13,5,2,1,5,0,1,1,0,0,0,0,0,797099,4895,5831419,317
215620,11,2,2400625,2021,9,18,5,2,5,3,0,0,0,0,1,0,0,0,801464,5226,5827268,85
215619,11,7,7100101,2021,8,18,6,3,2,6,1,0,1,0,0,0,0,1,794666,793,5825764,154
215618,11,1,1100311,2021,8,13,4,3,5,3,0,0,0,0,0,0,1,0,799920,8123,5827922,131
215617,11,6,6300631,2021,9,4,1,3,0,7,2,0,1,0,0,0,0,0,790801,3999,5815550,277
215616,11,8,8100209,2021,9,16,5,3,5,2,0,0,1,0,1,0,0,0,801750,9625,5822053,976
215615,11,3,3500936,2021,9,9,4,3,0,7,0,1,0,0,0,0,0,0,802279,3153,5831443,248
215614,11,3,3100103,2021,9,18,2,2,5,3,0,0,1,0,0,0,0,0,804239,9045,5840165,329
215613,11,12,12200309,2021,8,7,1,3,5,3,0,0,1,0,0,0,1,1,793158,526,5832633,984
215612,11,5,5100316,2021,9,13,3,3,2,6,0,0,1,0,0,0,0,0,784793,7163,5828859,365
215611,11,2,2400624,2021,9,18,3,3,0,1,0,0,0,0,1,0,0,0,801806,407,5827211,169
215610,11,8,8100209,2021,8,16,3,3,2,3,0,1,1,0,0,0,0,0,801569,3496,5822310,614
215609,11,7,7601546,2021,9,14,6,2,0,1,0,0,1,0,0,0,0,0,798837,7667,5812857,959
215608,11,4,4300622,2021,9,8,5,3,5,2,0,1,1,0,0,0,0,0,792997,698,5826961,114
215607,11,7,7501029,2021,8,7,2,3,5,3,0,0,1,0,0,0,0,1,797679,7423,5819321,681
215606,11,5,5100315,2021,8,16,1,3,6,4,0,0,0,1,0,0,1,1,785034,459,5829550,443
215605,11,2,2100102,2021,9,14,2,2,1,5,0,1,0,0,0,0,1,0,797775,2466,5826440,176
215604,11,7,7300516,2021,9,12,1,3,1,5,0,1,1,0,0,0,0,0,794078,6982,5822042,602
215603,11,3,3100103,2021,8,7,3,2,5,3,0,1,1,0,0,0,0,1,804436,8459,5840691,497
215602,11,4,4300620,2021,9,22,6,2,6,4,2,0,0,1,1,0,0,0,793182,2601,5827778,583
215601,11,11,11300724,2021,10,14,6,3,0,3,0,0,1,0,0,0,1,0,804841,3825,5827755,497
215600,11,1,1300835,2021,9,16,3,3,5,2,0,1,1,0,0,0,0,0,797157,8218,5829878,553
215599,11,1,1100416,2021,9,13,3,3,0,5,0,0,1,0,1,0,0,0,798696,6588,5829216,591
215598,11,4,4501042,2021,9,12,3,3,0,5,0,0,1,0,1,0,0,1,794577,6671,5826053,37
215597,11,11,11401137,2021,8,16,5,3,5,3,0,1,1,0,0,0,0,0,806829,6444,5826249,948
215596,11,5,5100314,2021,8,17,3,3,1,5,0,1,1,0,0,0,0,0,785318,1595,5830260,397
215595,11,12,12100205,2021,9,17,6,3,2,6,0,0,1,0,1,0,0,0,794226,6017,5835427,573
215594,11,8,8200832,2021,9,15,4,3,2,6,0,0,1,0,0,0,0,0,801509,1549,5817662,418
215593,11,5,5100208,2021,9,5,3,3,5,3,1,1,1,0,0,0,0,0,781263,8775,5830777,911
215592,11,2,2100104,2021,9,21,6,3,2,6,2,0,1,0,0,0,0,0,799211,373,5826245,952
215591,11,1,1401043,2021,9,14,4,3,5,2,0,0,1,0,1,0,0,0,795684,3351,5830922,949
215590,11,7,7400823,2021,9,16,5,2,2,6,0,0,1,0,1,0,0,0,796831,1342,5822168,314
215589,11,6,6400844,2021,9,11,7,3,5,7,0,0,1,0,1,0,0,0,791289,575,5821860,182
215588,11,1,1100312,2021,8,21,7,3,5,2,2,1,1,0,0,0,0,0,798859,618,5826649,156
215587,11,3,3300413,2021,9,15,5,3,2,6,0,0,1,0,0,0,0,0,803369,3463,5838258,66
215586,11,2,2300419,2021,9,17,5,3,4,6,0,1,0,0,0,0,0,0,801614,4788,5826002,796
215585,11,1,1100308,2021,9,8,4,3,3,2,0,1,1,0,0,0,0,1,796956,2731,5828907,607
215584,11,9,9401329,2021,9,12,4,3,5,3,0,1,1,0,0,0,0,1,812185,3578,5818669,319