OBJECTID,LAND,BEZ,LOR_ab_2021,UJAHR,UMONAT,USTUNDE,UWOCHENTAG,UKATEGORIE,UART,UTYP1,ULICHTVERH,IstRad,IstPKW,IstFuss,IstKrad,IstGkfz,IstSonstige,USTRZUSTAND,LINREFX,LINREFY,XGCSWGS84,YGCSWGS84
215070,11,4,4200310,2021,9,12,2,3,5,3,0,0,1,0,1,0,0,0,789139,4364,5826088,845
215069,11,2,2500830,2021,8,4,1,2,0,1,2,1,0,0,0,0,0,1,802602,634,5827381,222
215068,11,5,5100316,2021,9,17,3,2,0,1,1,0,0,0,0,0,1,1,784937,8763,5828794,37
215067,11,1,1200624,2021,9,6,3,3,4,6,2,1,0,0,0,0,0,0,795555,943,5829643,522
215066,11,8,8100206,2021,8,13,2,3,5,2,0,0,1,0,1,0,0,0,800515,2834,5823750,344
215065,11,3,3200206,2021,9,9,6,3,5,2,0,1,1,0,0,0,0,0,798346,168,5834831,38
215064,11,9,9200510,2021,9,15,7,3,3,6,0,0,1,0,1,0,0,0,806360,838,5822231,723
215063,11,4,4501045,2021,9,11,5,3,5,3,0,1,1,0,0,0,0,0,793967,5361,5824934,109
215062,11,7,7501134,2021,8,6,2,2,5,3,0,0,1,0,0,0,0,1,798957,4995,5817281,906
215061,11,1,1100310,2021,10,10,6,3,5,3,0,1,0,0,0,1,0,0,798754,73,5828193,145
215060,11,1,1300733,2021,8,10,7,3,6,2,0,0,1,1,0,0,0,0,797519,5392,5831860,299
215059,11,5,5100101,2021,9,16,2,3,5,3,0,1,0,0,1,0,0,0,782790,2538,5831583,23
215058,11,8,8100103,2021,9,15,7,3,1,5,0,0,1,0,0,0,0,0,800676,8175,5822975,465
215057,11,4,4400835,2021,8,13,3,3,2,6,0,0,1,0,1,0,0,1,793358,1983,5822279,89
215056,11,1,1100101,2021,9,10,6,3,5,2,0,1,0,0,0,0,1,0,795231,8624,5826626,236
215055,11,2,2100104,2021,10,8,6,3,5,3,0,0,1,0,1,0,0,0,799024,604,5826070,775
215054,11,1,1401045,2021,9,19,3,3,0,6,2,0,1,0,1,0,0,0,797048,6114,5831893,248
215053,11,2,2200212,2021,9,7,3,3,5,2,0,1,1,0,0,0,0,0,799079,7007,5824615,114
215052,11,4,4501044,2021,9,10,4,3,6,2,0,0,0,1,0,0,1,1,793363,2249,5824941,261
215051,11,4,4300412,2021,8,14,3,3,5,7,0,1,1,0,0,0,0,0,791404,9084,5827495,745
215050,11,2,2500835,2021,9,15,6,3,5,7,0,1,1,0,0,0,0,0,803100,9842,5825692,732
215049,11,2,2300316,2021,9,19,3,3,2,7,2,0,1,0,1,0,0,0,801450,5616,5826070,25
215048,11,5,5300736,2021,9,10,7,3,2,2,0,0,1,0,0,0,0,1,786281,7714,5829136,483
215047,11,11,11401032,2021,9,15,4,2,6,2,0,0,0,1,0,0,1,0,806600,5042,5827768,672
215046,11,6,6200313,2021,9,19,5,3,0,6,0,0,1,0,0,0,1,0,795321,8533,5818499,647
215045,11,4,4200207,2021,9,10,7,3,1,7,0,0,1,0,0,0,0,0,789572,3728,5824958,74
215044,11,5,5200423,2021,8,12,7,3,0,7,0,0,0,0,1,0,0,1,781973,2412,5828453,685
215043,11,4,4300623,2021,9,18,5,3,5,2,0,1,1,0,0,0,0,0,792636,7331,5826112,626
215042,11,5,5100211,2021,9,13,6,3,5,3,0,0,1,0,0,0,0,0,783157,398,5830296,67
215041,11,2,2400625,2021,9,15,4,3,5,3,0,1,1,0,0,0,0,1,801176,7761,5827298,212
215040,11,10,10100311,2021,8,9,3,3,5,2,0,0,1,0,0,0,1,0,806311,6408,5830190,924
215039,11,2,2400625,2021,9,23,6,2,2,6,2,0,1,0,0,0,0,0,801424,348,5826406,163
215038,11,4,4501042,2021,10,0,6,3,5,2,2,0,1,0,0,1,0,0,794480,593,5825855,663
215037,11,7,7300516,2021,9,18,3,3,6,7,0,0,0,1,1,0,0,0,794005,6472,5821605,68
215036,11,9,9200510,2021,9,9,4,3,5,3,0,1,1,0,0,0,0,0,806129,6525,5822119,665
215035,11,9,9200715,2021,9,10,4,3,2,6,0,0,1,0,0,0,0,0,809078,4387,5818203,839
215034,11,1,1100310,2021,8,15,2,3,6,2,0,0,1,1,0,0,0,0,799236,5282,5828467,839
215033,11,1,1300835,2021,9,8,6,3,5,3,0,0,1,0,0,0,0,0,797403,7388,5830013,41
215032,11,10,10400836,2021,8,11,2,3,5,3,0,0,1,0,0,0,0,1,811406,1105,5827578,791
215031,11,10,10400941,2021,8,16,5,3,5,2,0,1,1,0,0,0,0,0,812575,5261,5824278,59
215030,11,2,2500835,2021,9,20,2,3,0,3,2,1,0,0,1,0,0,0,802608,5125,5826135,187
215029,11,9,9200716,2021,9,17,6,3,5,3,0,0,1,0,0,0,0,1,809455,5843,5819067,56
215028,11,10,10300734,2021,8,14,3,3,2,7,0,1,1,0,0,0,0,0,809722,4895,5826858,319
215027,11,4,4500939,2021,9,18,7,2,5,2,0,0,1,0,1,0,0,0,792438,992,5824112,558
215026,11,4,4100101,2021,8,8,6,3,5,2,0,0,1,0,0,0,0,1,793353,5301,5829677,588
215025,11,3,3601452,2021,9,17,5,3,2,6,0,0,1,0,0,0,0,0,802129,6741,5829110,1
215024,11,3,3701555,2021,9,11,6,3,5,2,0,1,0,0,0,0,1,0,799965,4389,5830114,34
215023,11,2,2500726,2021,9,19,3,1,5,3,1,0,0,1,0,0,1,0,801970,6424,5829037,737
215022,11,12,12500824,2021,9,10,4,3,5,7,0,1,1,0,0,0,0,1,790974,772,5835855,137
215021,11,2,2100105,2021,8,12,5,2,6,7,0,0,1,1,0,0,0,0,799245,5622,5825751,517
215020,11,1,1100206,2021,8,19,3,3,2,2,0,0,1,0,1,0,0,0,797735,4297,5827609,244
215019,11,1,1100308,2021,9,14,7,2,0,1,0,1,0,0,0,0,0,0,797559,7585,5828665,233
215018,11,8,8100105,2021,9,4,5,3,2,2,2,0,1,1,0,0,0,0,801005,58,5822157,954
215017,11,6,6400735,2021,9,16,3,2,5,2,0,1,1,0,0,0,0,0,783324,2525,5815986,224
215016,11,7,7100205,2021,9,19,7,3,5,2,1,1,1,0,0,0,0,0,796058,9973,5825370,418
215015,11,4,4501146,2021,9,13,5,3,5,3,0,0,0,0,1,0,1,0,792859,1182,5823644,134
215014,11,11,11300620,2021,9,2,1,2,0,1,2,0,0,0,0,0,1,0,803747,5883,5829319,399
215013,11,1,1200522,2021,9,9,5,2,5,3,0,0,1,0,0,0,0,0,793684,3104,5828105,484
215012,11,5,5100315,2021,9,11,2,2,2,6,0,0,1,0,0,0,0,0,784695,6767,5829688,5
215011,11,8,8100206,2021,8,18,7,3,5,3,0,1,0,0,1,0,0,0,800456,6127,5823730,158
215010,11,3,3601141,2021,9,13,5,3,2,6,0,0,1,0,0,0,0,0,799233,588,5831685,908
215009,11,9,9100306,2021,9,17,6,3,6,7,1,0,1,1,0,0,0,0,803873,1452,5820445,546
215008,11,7,7601236,2021,9,11,5,2,5,3,0,0,1,0,1,0,0,0,796981,1936,5816616,685
215007,11,1,1401046,2021,9,15,5,2,5,3,0,0,1,0,0,0,1,0,794914,364,5830236,649
215006,11,4,4200205,2021,8,8,6,3,2,6,0,0,1,0,0,0,0,1,788126,8146,5826665,541
215005,11,6,6100101,2021,8,22,4,3,6,4,2,0,0,1,1,0,0,1,793513,237,5820617,686
215004,11,9,9501737,2021,9,14,1,3,2,6,0,0,1,0,0,0,0,0,813737,4522,5821733,434
215003,11,1,1200628,2021,9,9,6,3,5,3,0,1,0,0,0,0,1,0,796124,6936,5828430,881
215002,11,6,6100207,2021,9,16,4,3,8,1,0,0,1,0,0,0,0,0,794162,257,5820048,133
215001,11,2,2300316,2021,9,9,3,2,5,3,0,0,0,0,0,0,1,0,800625,69,5826274,691
215000,11,12,12601236,2021,8,20,1,3,2,6,2,0,1,0,0,0,0,1,793877,7344,5836161,478
214999,11,6,6100103,2021,9,0,3,2,0,1,2,1,0,0,0,0,0,0,793780,2985,5821141,554
214998,11,2,2100104,2021,9,16,3,3,6,2,0,0,1,1,0,0,0,0,799216,4361,5825992,659
214997,11,3,3601451,2021,8,15,2,3,5,2,0,1,1,0,0,0,0,0,801198,381,5829478,245
214996,11,11,11300724,2021,9,14,6,3,2,2,0,0,1,0,1,0,0,0,804840,1275,5827755,63
214995,11,9,9200715,2021,9,11,5,3,5,2,0,1,1,0,0,0,0,0,809054,4362,5818195,552
214994,11,9,9501838,2021,8,7,2,3,5,3,0,1,1,0,0,0,0,1,819383,86,5819917,483
214993,11,1,1100312,2021,8,22,1,3,5,2,2,0,1,0,0,0,1,1,799636,605,5827052,717
214992,11,8,8100520,2021,9,12,2,3,5,2,0,1,1,0,0,0,0,0,803179,6749,5822712,627
214991,11,1,1100101,2021,9,13,1,3,8,1,0,0,1,0,0,0,0,0,794609,88,5826166,731
214990,11,11,11300724,2021,8,20,3,3,5,3,2,0,1,0,0,0,0,0,804747,2744,5827955,785
214989,11,10,10200526,2021,9,11,6,3,6,7,0,0,0,1,0,0,1,0,812188,8451,5830000,3
214988,11,4,4500939,2021,10,18,6,3,2,5,2,0,1,0,1,0,0,0,792706,2406,5824242,853
214987,11,11,11300724,2021,9,12,3,3,5,3,0,0,1,0,0,0,0,0,804489,4884,5828170,502
214986,11,4,4501044,2021,9,6,3,2,3,6,1,1,0,0,0,0,1,0,793071,5964,5824462,123
214985,11,4,4500937,2021,9,7,3,3,5,2,0,1,1,0,0,0,0,0,791425,3674,5825046,835
214984,11,10,10200421,2021,8,9,5,3,5,3,0,0,1,0,0,0,0,0,812073,4169,5830620,568
214983,11,8,8200726,2021,8,10,3,3,5,2,0,1,1,0,0,0,0,0,801588,8948,5820150,782
214982,11,12,12100102,2021,9,17,6,3,1,5,0,0,1,0,0,0,0,0,796185,7709,5833376,505
214981,11,1,1400942,2021,9,14,4,3,1,5,0,0,1,0,0,0,1,0,794656,477,5830531,112
214980,11,7,7400822,2021,9,22,2,3,5,3,2,1,0,0,0,0,1,0,796603,987,5821970,164
214979,11,4,4200206,2021,9,14,6,3,5,2,0,1,1,0,0,0,0,0,786241,2159,5826006,144
214978,11,1,1100206,2021,9,13,4,3,2,6,0,0,1,0,0,0,0,0,798554,677,5827797,544
214977,11,4,4501042,2021,9,15,7,3,3,6,0,1,0,0,0,0,1,0,794055,2054,5826457,394
214976,11,1,1300834,2021,8,21,7,2,5,3,2,1,1,0,0,0,0,0,797971,6518,5830863,604
214975,11,11,3601450,2021,9,12,5,3,5,2,0,0,1,0,0,1,0,0,802542,6622,5829312,906
214974,11,1,1100309,2021,9,10,6,3,6,7,0,0,1,1,0,0,0,0,798455,671,5829049,32
214973,11,4,4501148,2021,9,15,4,3,0,1,0,0,0,0,1,0,0,1,792900,4788,5823306,844
214972,11,7,7100206,2021,9,17,4,3,5,2,0,1,0,0,0,0,1,1,796683,1096,5824820,59
214971,11,3,3400619,2021,8,7,5,3,0,3,0,0,1,0,1,0,0,1,795645,7847,5835071,295
214970,11,3,3601142,2021,8,16,4,2,5,2,0,1,1,0,0,0,0,0,798646,2824,5830287,526
214969,11,9,9100409,2021,9,15,7,3,0,1,0,0,0,0,1,0,0,0,806397,329,5821062,411
214968,11,7,7601544,2021,9,20,5,3,5,2,2,0,1,0,0,0,0,1,799790,5461,5813977,33
214967,11,8,8100419,2021,9,9,3,3,1,5,0,0,1,0,0,0,0,0,801841,1117,5824217,386
214966,11,6,6200316,2021,9,9,7,2,2,6,0,0,1,0,0,0,0,1,795984,9298,5817796,252
214965,11,12,12200310,2021,9,17,4,3,5,2,0,1,1,0,0,0,0,0,792186,5067,5832963,279
214964,11,6,6200313,2021,9,16,1,3,5,2,0,1,1,0,0,0,0,0,795725,5402,5818907,613
214963,11,6,6200315,2021,9,18,1,3,1,5,1,0,1,0,1,0,0,1,795151,5169,5817647,618
214962,11,7,7100103,2021,8,14,1,3,1,5,0,1,1,0,0,0,0,1,795727,2379,5825538,66
214961,11,1,1100416,2021,9,8,5,3,5,7,0,1,1,0,0,0,0,0,798800,5,5829238,534
214960,11,9,9200511,2021,9,9,7,3,5,3,0,0,1,0,1,0,0,1,807239,4944,5821907,34
214959,11,6,6200312,2021,9,12,5,3,3,6,0,1,1,0,0,0,0,0,795084,4842,5818978,9
214958,11,9,9100305,2021,9,20,5,3,5,2,2,0,0,0,0,1,1,0,805014,7278,5822700,54
214957,11,11,11300725,2021,8,18,7,3,5,3,0,0,1,0,0,0,0,0,805049,9906,5827915,931
214956,11,8,8100521,2021,8,16,4,3,5,3,0,1,1,0,0,0,0,0,802496,1083,5822117,219
214955,11,3,3100103,2021,9,8,2,3,5,3,0,0,1,0,0,0,1,0,804966,9366,5840471,901
214954,11,8,8100102,2021,9,18,6,3,5,2,0,1,1,0,0,0,0,0,800549,7075,5823370,172
214953,11,1,1400940,2021,9,12,4,3,5,7,0,0,1,0,0,0,0,1,795385,6331,5831872,961
214952,11,9,9100203,2021,8,17,5,3,0,4,0,0,0,1,0,0,1,0,804698,5809,5823421,644
214951,11,4,4501042,2021,8,12,3,3,0,4,0,0,0,1,0,0,1,0,793997,5819,5826180,13
214950,11,1,1100102,2021,9,23,6,3,0,1,2,1,0,0,0,0,0,0,796740,8116,5826915,68
214949,11,2,2500836,2021,9,16,5,3,5,2,0,1,1,0,0,0,0,0,803362,6412,5825446,208
214948,11,1,1100206,2021,9,14,3,3,5,3,0,1,1,0,0,0,0,0,797172,6538,5827699,978
214947,11,2,2500833,2021,9,2,1,3,1,5,2,0,1,0,0,0,1,0,802757,6879,5827225,933
214946,11,8,8100314,2021,9,15,5,3,5,3,0,1,1,0,0,0,0,0,801163,5511,5823916,593
214945,11,4,4501045,2021,9,15,2,3,2,2,0,1,1,0,0,0,0,0,793476,4499,5824898,818
214944,11,9,9200511,2021,9,15,5,3,5,2,0,0,1,0,0,0,0,0,806812,6237,5822631,465
214943,11,4,4501040,2021,9,19,1,2,1,5,2,0,1,0,0,0,1,0,792710,8473,5825592,913
214942,11,3,3400723,2021,8,12,2,3,0,5,0,1,1,0,0,0,0,1,798899,9003,5833268,7
214941,11,1,1100207,2021,9,5,5,3,5,3,1,1,1,0,0,0,0,0,798481,3109,5826666,178
214940,11,12,12200515,2021,9,9,6,3,6,4,0,0,1,1,0,0,0,0,790376,8848,5835169,3
214939,11,3,3601141,2021,9,18,4,3,5,3,1,0,1,0,0,0,1,1,798823,1666,5831622,511
214938,11,8,8100209,2021,9,21,5,3,2,6,2,0,1,0,0,0,0,0,801745,512,5822063,949
214937,11,5,5100211,2021,8,10,6,3,5,2,0,0,1,0,0,0,0,1,781907,8355,5829572,155
214936,11,4,4300623,2021,8,17,4,3,1,5,0,1,1,0,0,0,0,0,792313,6468,5826016,92
214935,11,12,12200515,2021,9,15,7,3,5,2,0,0,1,0,0,0,0,0,790135,382,5835786,8
214934,11,1,1100205,2021,9,6,6,3,2,6,1,0,1,0,1,0,0,0,797100,2811,5827156,794
214933,11,10,10100210,2021,9,7,4,3,0,6,0,0,1,0,1,0,0,0,809083,2837,5831736,927
214932,11,11,11200512,2021,9,7,3,3,0,1,0,1,0,0,0,0,0,0,804712,3394,5831259,287
214931,11,5,5100207,2021,9,8,3,3,5,3,0,1,1,0,0,0,0,0,780168,3525,5830151,945
214930,11,11,11300617,2021,9,13,3,3,2,6,0,0,1,0,0,0,0,0,803521,409,5829724,447
214929,11,9,9100304,2021,8,8,3,3,3,6,0,0,1,0,1,0,1,0,804411,4312,5821768,495
214928,11,9,9401329,2021,9,15,6,2,3,6,0,1,1,0,0,0,0,0,812324,5747,5818399,532
214927,11,8,8100312,2021,9,18,4,2,1,5,0,0,1,0,0,0,0,0,801372,5457,5823958,285
214926,11,2,2500726,2021,8,8,2,3,3,6,0,0,1,0,0,1,0,1,801961,158,5829032,932
214925,11,4,4500936,2021,8,23,6,3,0,7,2,0,0,0,0,0,1,0,792208,8596,5825357,465
214924,11,12,12400723,2021,9,10,2,3,5,2,0,1,1,0,0,0,0,0,791512,2026,5838832,675
214923,11,1,1200522,2021,9,17,7,3,6,4,1,0,1,1,0,0,0,0,794566,1127,5828409,486
214922,11,2,2400522,2021,9,12,7,3,2,6,0,0,1,0,1,0,0,0,801409,304,5828752,605
214921,11,10,10400837,2021,10,9,6,3,5,3,0,1,1,0,0,0,0,0,810232,5501,5825015,473
214920,11,3,3601243,2021,9,7,3,3,5,2,0,0,1,0,1,0,0,0,799498,2062,5831776,148
214919,11,5,5100316,2021,9,21,4,2,6,4,2,0,1,1,0,0,0,0,784802,7755,5828816,372
214918,11,3,3500934,2021,9,22,3,2,6,4,2,0,1,1,0,0,0,0,800582,9281,5831846,747
214917,11,7,7601442,2021,8,10,5,2,5,2,0,0,1,0,0,0,0,0,798708,726,5816017,768
214916,11,11,11300721,2021,8,10,3,3,2,6,0,0,1,0,0,0,0,0,804621,3507,5829927,766
214915,11,4,4300624,2021,9,9,6,3,0,2,0,0,1,0,1,0,0,0,792971,768,5826022,35
214914,11,9,9200512,2021,9,13,5,3,2,6,0,0,1,0,0,1,0,0,809365,269,5821509,894
214913,11,2,2300418,2021,9,12,2,3,6,7,0,0,0,1,1,0,0,0,801231,1194,5825169,155
214912,11,4,4100101,2021,9,16,2,3,5,2,0,0,1,0,0,0,1,0,791217,3213,5829730,95
214911,11,5,5300840,2021,9,16,4,3,5,3,0,0,1,0,1,0,0,0,789288,2097,5829084,115
214910,11,6,6100103,2021,9,21,7,3,2,6,2,0,1,0,0,0,0,0,793598,405,5821258,429
214909,11,4,4501043,2021,8,14,7,3,2,6,0,0,1,0,0,0,0,0,792375,638,5825090,1
214908,11,2,2500831,2021,9,19,5,3,6,4,1,0,1,1,0,0,0,0,803019,5757,5827018,748
214907,11,4,4501146,2021,9,22,5,3,1,5,2,0,1,0,0,0,1,0,792860,1833,5823583,314
214906,11,7,7400825,2021,9,8,4,3,7,7,0,1,0,0,0,0,0,0,797287,4011,5820741,613
214905,11,2,2300418,2021,9,19,4,3,2,7,1,1,1,0,0,0,0,1,801270,558,5825371,105
214904,11,3,3400721,2021,8,8,6,3,6,2,0,0,1,1,0,0,0,1,798383,9753,5832742,205
214903,11,1,1100102,2021,8,14,4,3,0,2,0,1,1,0,0,0,0,0,794307,432,5827036,337
214902,11,5,5300736,2021,9,13,7,3,2,6,0,0,1,0,0,0,0,0,785755,1167,5829284,624
214901,11,4,4400835,2021,9,14,5,2,6,3,0,1,0,1,0,0,0,0,793356,8531,5822659,553
214900,11,5,5100103,2021,9,16,3,2,1,5,0,0,1,0,0,0,0,0,785421,8458,5832223,213
214899,11,2,2100105,2021,9,11,2,3,5,3,0,0,1,0,0,0,0,0,799595,2354,5825833,793
214898,11,1,1200522,2021,9,21,4,3,0,7,2,1,0,0,0,0,0,0,794285,9057,5827927,134
214897,11,12,12100103,2021,9,8,2,2,6,4,0,1,0,1,0,0,0,0,795729,7395,5833606,516
214896,11,1,1100102,2021,9,15,2,2,5,2,0,1,1,0,0,0,0,0,796641,6493,5826646,555
214895,11,1,1400938,2021,8,18,2,3,1,5,0,0,1,0,0,0,1,0,793776,7918,5830655,73
214894,11,3,3500936,2021,9,23,5,3,0,1,2,1,0,0,0,0,0,0,802751,644,5831642,73
214893,11,1,1100103,2021,9,22,6,3,5,3,2,0,1,0,0,0,0,0,795327,6188,5826172,777
214892,11,6,6100102,2021,9,12,5,3,1,5,0,0,1,0,0,0,0,1,793439,77,5821031,532
214891,11,10,10100312,2021,9,19,5,3,5,3,2,0,1,0,0,0,0,0,807830,1537,5829086,274
214890,11,4,4300518,2021,8,22,6,3,5,3,2,0,1,0,0,0,0,0,791989,6316,5829154,108
214889,11,10,10100312,2021,8,9,4,3,3,6,0,1,0,0,0,0,0,0,808336,3879,5829269,521
214888,11,6,6400737,2021,9,12,1,3,5,3,0,0,1,0,0,0,0,0,785882,34,5816569,939
214887,11,1,1100102,2021,9,18,5,3,2,6,0,0,1,0,0,0,0,0,795229,7547,5826723,73
214886,11,4,4200308,2021,9,17,6,3,2,6,0,0,1,0,0,0,0,1,790400,3609,5827309,419
214885,11,6,6200420,2021,9,17,3,3,2,6,0,0,1,0,1,0,0,0,792785,294,5816407,168
214884,11,1,1100309,2021,9,10,3,3,3,6,0,1,1,0,0,0,0,0,798534,4131,5829058,16
214883,11,4,4200310,2021,9,16,2,3,3,6,0,0,1,0,1,0,0,0,789473,5061,5826653,691
214882,11,4,4501042,2021,8,14,3,3,0,3,0,0,0,0,0,0,1,0,794001,4091,5826161,736
214881,11,1,1100313,2021,9,17,6,3,1,5,0,0,1,0,1,0,0,1,799563,3619,5826663,94
214880,11,2,2100101,2021,9,7,4,3,3,6,0,1,0,0,1,0,0,0,797346,1547,5825744,753
214879,11,4,4501042,2021,8,12,2,3,5,2,0,1,0,0,0,0,1,1,793967,1922,5826165,538
214878,11,6,6400841,2021,8,16,6,3,4,6,0,0,1,0,0,0,0,0,789662,6072,5818733,888
214877,11,6,6100204,2021,9,11,2,3,0,7,0,0,0,0,1,0,0,0,795408,9498,5820882,519
214876,11,12,12200309,2021,9,20,6,2,6,4,2,0,1,1,0,0,0,1,793274,6009,5832570,725
214875,11,12,12400618,2021,8,15,3,3,2,6,0,1,0,0,0,0,0,0,786255,941,5838962,304
214874,11,2,2300316,2021,9,22,5,3,5,7,2,1,1,0,0,0,0,0,801640,3257,5826064,616
214873,11,11,11300620,2021,9,12,7,2,6,4,0,0,1,1,0,0,0,1,803816,2545,5829074,115
214872,11,8,8100208,2021,8,7,6,3,2,2,0,0,1,0,1,0,0,1,801256,324,5822416,887
214871,11,7,7200307,2021,9,12,4,3,5,3,0,1,1,0,0,0,0,0,794486,7191,5824815,88
214870,11,3,3400620,2021,9,11,6,3,2,6,0,0,1,0,1,0,0,0,796584,103,5833988,873
214869,11,2,3601452,2021,9,12,4,3,3,6,0,0,1,0,1,0,0,0,801979,3753,5829063,77
214868,11,2,2500836,2021,9,7,4,3,5,3,0,1,1,0,0,0,0,0,803120,1279,5825688,378
214867,11,2,2200213,2021,8,12,5,3,5,3,0,1,1,0,0,0,0,0,799522,9691,5824927,98
214866,11,2,2100101,2021,8,15,3,3,2,2,0,1,1,0,0,0,0,0,797693,8061,5825817,705
214865,11,2,2200211,2021,9,15,6,3,6,4,0,1,0,1,0,0,0,0,798078,3717,5824551,469
214864,11,9,9200511,2021,8,10,6,3,1,5,0,1,1,0,0,0,0,0,807171,6738,5822033,979
214863,11,7,7400823,2021,8,6,2,2,5,2,0,1,1,0,0,0,0,0,796846,9437,5822343,485
214862,11,5,5300737,2021,8,8,5,2,5,2,0,1,1,0,0,0,0,0,787974,983,5830384,863
214861,11,8,8100105,2021,7,15,2,3,1,1,0,0,1,0,0,0,0,0,800480,4069,5822022,113
214860,11,3,3200204,2021,8,14,4,3,2,6,0,0,1,0,0,0,0,0,796995,173,5838822,625
214859,11,2,2100104,2021,7,22,4,3,5,3,2,1,1,0,0,0,0,0,799282,4992,5826219,381
214858,11,3,3601346,2021,7,23,5,3,1,5,2,1,1,0,0,0,0,0,799548,438,5831035,335
214857,11,2,2100104,2021,8,15,4,3,5,3,0,1,1,0,0,0,0,0,799282,395,5826219,419
214856,11,5,5100317,2021,8,19,3,2,1,5,1,0,1,0,0,0,1,0,787253,5669,5828102,618
214855,11,4,4500937,2021,7,10,2,3,2,2,0,0,1,0,0,0,0,0,791017,4689,5824870,57
214854,11,5,5100316,2021,8,10,2,3,0,5,0,1,1,0,0,0,0,0,784947,4729,5829186,614
214853,11,11,11501238,2021,8,18,7,3,3,6,0,1,0,0,0,0,0,0,805509,4692,5824399,62
214852,11,12,12200309,2021,7,11,2,3,5,2,0,1,1,0,0,0,0,0,793270,2092,5832583,48
214851,11,7,7400720,2021,8,6,2,3,5,3,0,1,1,0,0,0,0,0,796927,1002,5823749,218
214850,11,8,8200623,2021,8,7,6,3,6,7,0,1,0,1,0,0,0,0,801733,9536,5821224,942
214849,11,7,7200308,2021,7,15,6,2,5,3,0,1,1,0,0,0,0,0,794901,3196,5823938,149
214848,11,6,6200312,2021,7,18,6,3,5,2,0,0,1,0,0,0,0,0,794829,2968,5819322,546
214847,11,2,2300418,2021,8,13,4,3,4,6,0,1,0,0,0,0,0,0,801052,9692,5825475,431
214846,11,4,4200309,2021,7,15,4,3,5,2,0,0,1,0,0,1,0,0,789023,186,5827022,89
214845,11,4,4501045,2021,8,19,5,3,0,7,1,0,1,0,0,0,0,0,794291,2747,5824927,876
214844,11,11,11100309,2021,8,13,5,3,5,2,0,1,1,0,0,0,0,0,805454,2007,5833347,162
214843,11,7,7601442,2021,8,15,3,3,2,5,0,0,1,0,1,0,0,0,799255,705,5816320,206
214842,11,9,9200819,2021,8,10,1,3,2,6,0,0,1,0,0,0,1,0,810232,3683,5819649,947
214841,11,5,5100313,2021,7,15,3,3,2,6,0,0,1,0,0,0,0,0,785395,6018,5830543,584
214840,11,8,8200624,2021,8,17,3,3,4,6,0,0,1,0,0,0,0,0,800751,7749,5821324,497
214839,11,3,3400725,2021,8,8,7,3,0,7,0,0,1,0,0,0,0,0,798561,221,5834880,988
214838,11,4,4400833,2021,7,18,6,3,0,5,0,0,0,0,1,0,0,0,792591,1368,5821941,98
214837,11,11,11401034,2021,7,15,5,3,4,6,0,0,1,0,0,0,1,0,806783,1686,5826963,391
214836,11,7,7400823,2021,8,11,6,3,5,2,0,0,1,0,0,1,0,0,796922,4814,5822282,776
214835,11,3,3501037,2021,8,12,2,3,0,7,0,0,1,0,0,0,1,0,802624,844,5832968,603
214834,11,3,3601243,2021,8,20,6,2,9,1,1,0,1,1,0,0,0,1,799882,5164,5831727,81
214833,11,11,11401032,2021,8,11,3,2,6,7,0,1,0,1,0,0,0,0,806600,4583,5827769,559
214832,11,12,12500930,2021,8,9,2,2,2,6,0,0,1,0,1,0,0,0,793302,4772,5835187,92
214831,11,9,9301025,2021,7,8,5,3,5,2,0,0,0,0,1,0,1,0,809104,26,5815179,113
214830,11,4,4100101,2021,7,22,5,3,5,2,2,0,1,0,0,0,0,0,793340,975,5829718,481
214829,11,4,4400832,2021,8,11,3,3,1,5,0,1,1,0,0,0,0,0,791351,4385,5822468,686
214828,11,1,1300836,2021,7,14,3,3,5,2,0,1,1,0,0,0,0,0,796634,7004,5831062,69
214827,11,2,2500835,2021,7,12,7,3,2,6,0,0,1,0,0,0,0,0,802963,4107,5826072,872
214826,11,5,5100104,2021,8,14,6,3,2,6,0,0,1,0,0,0,0,0,785217,2239,5831693,916
214825,11,2,2200208,2021,8,15,2,3,1,5,0,1,1,0,0,0,0,0,797606,4449,5825468,817
214824,11,7,7400720,2021,7,8,3,3,5,3,0,0,1,0,0,0,0,0,797027,4848,5823564,218
214823,11,3,3100103,2021,8,10,6,3,5,3,0,0,1,0,1,0,0,0,804032,8217,5841261,513
214822,11,9,9200613,2021,7,18,3,3,5,2,0,1,1,0,0,0,0,0,807019,3687,5821152,938
214821,11,8,8200832,2021,8,16,4,2,2,2,0,1,1,0,0,0,0,0,800304,2035,5816752,992
214820,11,10,10100311,2021,7,22,5,3,5,3,2,1,1,0,0,0,0,0,806466,7141,5830187,254
214819,11,6,6300631,2021,7,19,6,3,2,7,0,0,1,0,1,0,0,0,792557,2729,5816965,21
214818,11,12,12400619,2021,8,11,4,3,5,3,0,0,1,0,0,0,0,0,786947,237,5836345,141
214817,11,1,1100206,2021,8,9,4,3,5,3,0,1,1,0,0,0,0,0,797146,9243,5827764,823
214816,11,8,8100102,2021,7,15,4,3,5,2,0,1,1,0,0,0,0,0,800485,6611,5823552,391
214815,11,11,11200410,2021,8,14,4,2,5,3,0,0,1,0,1,0,0,0,805109,243,5832643,36
214814,11,9,9501941,2021,8,13,4,3,2,3,0,1,1,0,0,0,0,0,812053,7818,5821340,552