OBJECTID,LAND,BEZ,LOR_ab_2021,UJAHR,UMONAT,USTUNDE,UWOCHENTAG,UKATEGORIE,UART,UTYP1,ULICHTVERH,IstRad,IstPKW,IstFuss,IstKrad,IstGkfz,IstSonstige,USTRZUSTAND,LINREFX,LINREFY,XGCSWGS84,YGCSWGS84
214813,11,12,12100101,2021,8,13,2,3,6,2,0,0,0,1,0,0,1,0,796379,9224,5832783,61
214812,11,9,9502043,2021,8,13,7,3,2,6,0,0,1,0,1,0,1,0,809221,8288,5822867,88
214811,11,11,11300725,2021,7,17,3,3,5,3,0,1,1,0,0,0,0,0,805770,5876,5827900,358
214810,11,1,1401045,2021,8,8,3,3,2,6,0,0,1,0,0,0,0,0,796496,3713,5831965,246
214809,11,1,1300733,2021,8,22,1,3,6,2,2,0,1,1,0,0,0,1,796984,4965,5831506,948
214808,11,3,3601244,2021,7,17,7,3,5,3,0,0,1,0,1,0,0,0,800119,6248,5831394,776
214807,11,4,4300622,2021,7,20,7,2,3,6,0,0,1,0,1,0,0,0,793162,61,5826887,28
214806,11,8,8100415,2021,8,13,5,3,2,6,0,0,1,0,1,0,0,0,801863,7619,5823608,12
214805,11,4,4500937,2021,7,14,6,3,5,2,0,1,1,0,0,0,0,0,791455,5803,5825075,93
214804,11,11,11200410,2021,7,5,6,3,5,3,0,1,1,0,0,0,0,0,805138,8363,5832559,169
214803,11,8,8100313,2021,8,18,5,3,6,7,0,0,0,1,0,0,1,0,801799,3524,5824371,778
214802,11,4,4300518,2021,8,18,4,2,5,7,0,0,1,0,1,0,0,0,792056,6002,5828689,146
214801,11,8,8100310,2021,8,12,3,3,5,2,0,1,0,0,0,0,1,0,800982,3482,5824769,19
214800,11,1,1100313,2021,8,14,1,3,0,1,0,0,0,0,1,0,0,0,799974,5795,5826920,745
214799,11,7,7400824,2021,7,14,4,2,0,2,0,0,1,0,0,0,1,0,797633,2155,5821349,71
214798,11,5,5100104,2021,8,18,1,2,5,3,0,0,1,0,0,0,0,0,785812,3965,5831736,12
214797,11,5,5300736,2021,7,9,3,2,2,6,0,0,1,0,0,0,1,0,785994,1468,5829208,49
214796,11,5,5100103,2021,7,13,1,3,2,5,0,0,1,0,0,0,0,0,785631,7344,5832198,92
214795,11,1,1100103,2021,8,21,3,2,5,3,1,1,1,0,0,0,0,0,795408,2282,5825817,631
214794,11,1,1100416,2021,8,22,7,3,5,2,2,1,1,0,0,0,0,1,798586,4258,5829511,122
214793,11,4,4300622,2021,7,21,5,3,7,7,1,0,0,0,1,0,0,0,793802,3693,5826075,27
214792,11,8,8100102,2021,7,21,6,3,5,2,2,1,1,0,0,0,0,0,800392,847,5823330,56
214791,11,9,9200715,2021,8,13,4,3,0,2,0,1,1,0,0,0,0,0,809337,736,5818509,287
214790,11,12,12100103,2021,7,5,4,3,5,3,1,1,1,0,0,0,0,0,795574,225,5833235,859
214789,11,4,4300415,2021,7,18,6,3,5,3,0,1,1,0,0,0,0,0,791187,2685,5826044,288
214788,11,4,4200311,2021,8,18,5,3,5,2,0,0,1,0,0,0,1,0,790164,1868,5825420,246
214787,11,2,2200209,2021,8,15,5,3,5,2,0,0,1,0,0,0,1,0,797518,931,5824029,373
214786,11,12,12200309,2021,8,9,3,3,2,6,0,0,1,0,0,0,0,0,793296,5749,5832608,966
214785,11,9,9501940,2021,8,12,1,2,3,6,0,1,1,0,0,0,0,0,811993,4113,5821531,453
214784,11,2,2100101,2021,7,10,4,3,5,3,0,1,0,0,1,0,0,0,797353,618,5825743,723
214783,11,11,11501341,2021,8,15,2,2,5,2,0,1,1,0,0,0,0,0,807180,434,5823769,567
214782,11,8,8100206,2021,7,0,6,2,1,6,2,1,1,1,0,0,0,0,800373,783,5824153,99
214781,11,11,11400928,2021,7,17,6,3,0,2,0,1,1,0,0,0,0,0,804460,8961,5826383,59
214780,11,2,2300314,2021,7,19,2,3,1,5,0,1,1,0,0,0,0,0,799931,1208,5825970,203
214779,11,9,9100203,2021,8,6,6,3,5,2,1,1,1,0,0,0,0,0,803786,4292,5823284,969
214778,11,8,8401244,2021,8,11,2,3,5,3,0,0,1,0,0,0,0,0,806244,1903,5816361,202
214777,11,4,4100101,2021,7,17,3,3,1,5,0,0,1,0,0,1,0,0,791581,2906,5830689,292
214776,11,1,1100309,2021,8,19,6,3,0,3,0,1,1,0,0,0,0,0,798651,3968,5828813,734
214775,11,4,4300622,2021,7,4,2,3,1,5,0,0,1,0,1,0,0,0,793438,8942,5827293,208
214774,11,4,4501045,2021,8,16,4,3,2,6,0,0,1,0,0,0,0,0,794178,4094,5825442,434
214773,11,3,3300412,2021,7,16,4,3,0,3,0,1,1,0,0,0,0,0,802758,3297,5839056,652
214772,11,1,1100102,2021,7,17,6,3,0,1,0,0,0,0,0,0,1,0,796702,4336,5827823,952
214771,11,3,3601450,2021,8,10,3,3,3,6,0,0,1,0,1,0,0,0,801744,4265,5830054,654
214770,11,1,1401045,2021,7,23,3,3,6,7,2,0,1,1,0,0,0,0,796846,5576,5831561,13
214769,11,4,4300621,2021,7,19,7,3,5,3,0,1,1,0,0,0,0,0,792382,7152,5826902,768
214768,11,1,1100310,2021,8,21,6,3,0,1,2,1,0,0,0,0,0,0,799202,5751,5828255,35
214767,11,5,5200632,2021,8,7,2,3,4,6,1,0,1,0,1,0,0,0,786162,1362,5827762,9
214766,11,4,4501042,2021,8,8,6,3,0,6,0,0,0,0,1,0,1,0,793986,9281,5826152,329
214765,11,1,1100308,2021,7,17,2,3,1,5,0,1,1,0,0,0,0,0,797534,5084,5828334,467
214764,11,11,11300620,2021,7,16,5,3,5,2,0,1,1,0,0,0,0,1,803556,2679,5829757,193
214763,11,11,2500729,2021,7,12,7,3,2,6,0,0,1,0,0,0,0,0,803768,8878,5827709,515
214762,11,1,1400942,2021,8,21,4,2,1,5,2,1,1,0,0,0,0,0,794693,229,5830792,712
214761,11,1,1100309,2021,8,17,3,3,6,4,0,0,0,1,0,0,1,0,798694,6447,5828339,634
214760,11,8,8100313,2021,7,20,4,3,1,5,0,1,1,0,0,0,0,0,801834,6903,5824422,394
214759,11,6,6300633,2021,8,16,5,3,0,1,0,0,1,0,1,0,0,0,792723,6184,5818228,134
214758,11,2,2400625,2021,8,12,4,3,3,6,0,1,0,0,0,0,0,0,801530,7417,5827226,335
214757,11,11,11100204,2021,8,7,2,3,3,6,0,1,1,0,0,0,0,0,806883,7981,5832600,773
214756,11,12,12100102,2021,8,10,7,3,2,7,0,0,1,0,1,0,0,0,796492,3744,5833299,165
214755,11,1,1200520,2021,7,13,3,2,5,3,0,0,1,0,1,0,0,0,794347,7034,5828631,398
214754,11,8,8401243,2021,8,8,3,3,1,5,0,0,1,0,0,0,0,0,806453,5906,5818000,38
214753,11,9,9200819,2021,8,20,1,3,5,3,0,0,1,0,0,0,0,0,810304,46,5819728,742
214752,11,9,9401329,2021,7,10,6,3,5,3,0,0,1,0,0,0,1,0,816420,1844,5817596,669
214751,11,6,6300527,2021,7,20,7,3,1,5,0,0,1,0,1,0,0,0,790861,291,5818171,543
214750,11,4,4400728,2021,8,13,5,3,5,3,0,0,1,0,0,0,0,0,790030,6216,5823219,601
214749,11,8,8200622,2021,7,17,5,3,5,7,0,0,1,0,1,0,0,0,801285,2321,5821453,533
214748,11,6,6300528,2021,8,11,6,3,2,2,0,0,1,0,0,0,0,0,790157,9492,5815456,87
214747,11,9,9200510,2021,7,15,3,3,5,2,0,1,1,0,0,0,0,0,806229,3141,5822177,306
214746,11,5,5200630,2021,8,13,5,3,5,2,0,1,1,0,0,0,0,0,783351,623,5827673,65
214745,11,6,6200313,2021,8,13,3,3,5,2,0,0,1,0,1,0,0,1,795190,949,5818762,52
214744,11,2,2500833,2021,8,19,2,2,0,1,0,1,0,0,0,0,0,1,802385,489,5827081,402
214743,11,7,7100206,2021,7,1,5,3,0,1,2,0,0,0,0,0,1,0,796494,3385,5824318,799
214742,11,12,12400617,2021,8,14,1,3,5,2,0,0,1,0,1,0,0,0,785040,5175,5836438,763
214741,11,3,3501037,2021,7,9,3,3,5,2,0,0,1,0,0,0,1,0,802826,21,5832948,798
214740,11,1,1200628,2021,7,15,2,3,0,1,0,1,0,0,0,0,0,0,796322,2394,5828075,798
214739,11,1,1100308,2021,7,11,2,3,2,6,0,1,1,0,0,0,0,0,797574,1935,5828584,204
214738,11,9,9200614,2021,8,17,6,3,7,7,0,1,0,0,0,0,0,0,807396,8215,5820682,829
214737,11,12,12200411,2021,8,17,1,2,0,7,0,1,0,0,0,0,0,1,793044,6888,5832193,79
214736,11,9,9300920,2021,8,15,5,3,5,2,0,0,1,0,0,0,0,0,807685,7156,5817728,977
214735,11,4,4300622,2021,8,14,3,3,3,6,0,0,1,0,0,0,0,0,793331,8257,5826657,961
214734,11,10,10200420,2021,7,12,4,2,8,1,0,0,1,0,0,0,1,0,811398,8818,5830686,479
214733,11,10,10400940,2021,7,11,5,2,5,3,0,0,1,0,1,0,0,0,811995,8325,5826854,346
214732,11,8,8100314,2021,8,23,3,3,5,3,2,0,1,0,0,0,0,0,801081,7988,5823993,529
214731,11,2,2400625,2021,8,16,2,3,0,1,0,0,0,0,1,0,0,0,801266,743,5827425,264
214730,11,1,1100313,2021,7,22,4,2,5,2,2,1,1,0,0,0,0,0,799884,1766,5826481,38
214729,11,8,8401244,2021,7,12,6,1,5,2,0,0,0,0,1,0,1,0,806240,7892,5816372,873
214728,11,5,5100104,2021,7,16,2,3,2,6,0,0,1,0,1,0,0,0,785196,4927,5831543,843
214727,11,12,12200412,2021,8,23,2,3,1,1,2,0,1,0,0,0,0,0,791076,9592,5833586,377
214726,11,1,1300834,2021,8,18,7,3,5,3,0,0,1,0,0,0,0,0,797835,9966,5830459,337
214725,11,7,7200409,2021,8,15,3,2,6,4,0,0,1,1,0,0,0,0,795160,984,5823907,931
214724,11,8,8200726,2021,8,22,6,2,5,3,2,1,0,0,0,0,1,1,801403,868,5820237,134
214723,11,12,12601032,2021,7,11,2,2,2,6,0,0,1,0,1,0,0,0,792976,2593,5837569,68
214722,11,2,2200210,2021,8,9,6,3,5,3,0,1,1,0,0,0,0,0,798538,411,5825351,279
214721,11,5,5300736,2021,8,7,2,3,2,6,0,0,1,0,0,0,0,0,785457,2455,5829266,716
214720,11,8,8401246,2021,8,9,6,3,5,3,0,0,1,0,1,0,0,0,807340,167,5816536,62
214719,11,4,4300622,2021,7,15,2,3,2,6,0,0,1,0,0,0,0,0,793834,6215,5826258,87
214718,11,3,3701554,2021,8,19,4,3,5,3,0,0,1,0,0,0,1,0,798829,8516,5830177,351
214717,11,8,8401244,2021,7,12,4,3,3,2,0,0,1,0,0,0,1,0,805757,3043,5816789,902
214716,11,8,8100102,2021,7,17,5,3,2,1,0,0,1,0,0,0,1,0,799917,6958,5823635,933
214715,11,9,9401432,2021,8,11,2,3,0,3,0,1,1,0,0,0,0,0,812357,3913,5820086,344
214714,11,9,9200715,2021,7,15,2,3,5,2,0,0,1,0,0,0,0,0,808643,2432,5819165,427
214713,11,1,1100309,2021,8,14,6,3,5,3,0,1,1,0,0,0,0,0,798252,4922,5829020,169
214712,11,12,12400722,2021,8,19,3,3,5,2,0,0,1,0,0,0,0,0,790411,71,5839296,422
214711,11,1,1400937,2021,8,18,6,3,3,6,0,1,0,0,0,0,0,0,792149,993,5831134,843
214710,11,6,6400844,2021,7,13,5,3,2,6,0,0,1,0,0,0,0,0,792378,5798,5821172,98
214709,11,12,12100101,2021,7,17,6,3,5,3,0,1,1,0,0,0,0,0,796683,4053,5833002,302
214708,11,2,2500833,2021,8,9,4,2,5,2,0,1,1,0,0,0,0,0,802469,1577,5827053,415
214707,11,2,2100102,2021,7,15,4,3,5,2,0,0,1,0,0,0,1,0,798346,9791,5825558,204
214706,11,3,3300516,2021,7,15,7,3,6,4,0,1,0,1,0,0,0,0,800475,1117,5832369,901
214705,11,7,7300516,2021,8,14,5,3,6,7,0,0,0,1,0,0,1,0,793976,1161,5821701,911
214704,11,12,12200515,2021,8,17,3,3,1,5,0,1,1,0,0,0,0,0,789676,2529,5835211,762
214703,11,6,6100208,2021,8,11,2,3,1,5,0,0,1,0,1,0,0,0,794393,5577,5820220,85
214702,11,2,2200213,2021,8,16,7,3,5,2,0,1,1,0,0,0,0,0,799514,9924,5824907,613
214701,11,6,6100209,2021,7,19,3,2,0,1,0,1,0,0,0,0,0,0,794735,172,5821357,251
214700,11,2,2200210,2021,8,16,3,3,0,1,0,0,0,0,0,0,1,0,798102,9311,5824829,94
214699,11,6,6400844,2021,8,21,7,3,5,2,2,1,1,0,0,0,0,1,791444,979,5820645,556
214698,11,2,2500830,2021,7,15,7,3,5,2,0,1,1,0,0,0,0,0,802145,725,5827550,494
214697,11,8,8301036,2021,7,19,7,2,2,4,1,0,1,1,0,0,0,0,803860,374,5817893,873
214696,11,2,2400522,2021,8,9,5,3,5,2,0,1,1,0,0,0,0,0,801632,1305,5827909,542
214695,11,2,2100106,2021,7,15,5,3,0,7,0,1,0,0,0,0,0,0,798922,7265,5825587,141
214694,11,5,5400942,2021,8,12,6,3,5,3,0,1,1,0,0,0,0,0,782489,483,5820626,738
214693,11,10,10200629,2021,8,18,4,3,3,6,0,1,0,0,1,0,0,0,810808,5758,5828827,65
214692,11,8,8100206,2021,8,18,4,3,5,2,0,1,1,0,0,0,0,0,800436,4689,5823707,391
214691,11,6,6100210,2021,7,17,7,3,5,2,0,1,0,0,0,0,1,0,795063,4096,5821308,554
214690,11,3,3500933,2021,8,16,2,3,2,1,0,1,1,0,0,0,0,0,801620,1672,5831816,38
214689,11,6,6100209,2021,7,18,5,2,3,6,0,1,0,0,0,0,0,0,794256,4767,5821459,696
214688,11,3,3400618,2021,8,0,1,3,8,1,2,0,1,0,0,0,0,0,796324,2622,5836460,774
214687,11,12,12200310,2021,7,13,7,3,5,2,0,0,1,0,1,0,0,0,792318,421,5833773,429
214686,11,5,5100206,2021,7,12,1,3,5,3,0,1,1,0,0,0,0,0,781900,4016,5831955,904
214685,11,1,1100205,2021,8,20,6,3,6,4,1,0,0,1,0,0,1,0,797465,3648,5826813,251
214684,11,11,11400929,2021,8,16,2,3,6,4,0,1,0,1,0,0,0,0,805121,662,5826992,37
214683,11,2,2200209,2021,8,14,6,3,5,2,0,1,1,0,0,0,0,0,797016,7033,5823990,284
214682,11,12,12601236,2021,7,12,2,2,5,3,0,1,1,0,0,0,0,0,794169,2838,5836201,28
214681,11,4,4300517,2021,8,8,5,3,5,3,0,0,1,0,0,0,0,0,791910,5598,5828199,156
214680,11,1,1100205,2021,7,11,4,3,5,2,0,1,1,0,0,0,0,0,796957,709,5826730,693
214679,11,4,4300619,2021,7,15,5,3,1,5,0,1,1,0,0,0,0,0,792862,8166,5827403,97
214678,11,1,1100309,2021,8,13,4,3,3,6,0,1,1,0,0,0,0,0,797808,7788,5828429,484
214677,11,3,3100103,2021,8,23,2,2,5,2,2,0,1,0,1,0,0,0,804450,9924,5840748,543
214676,11,5,5300736,2021,7,14,3,3,3,6,0,0,1,0,0,0,0,0,785741,6011,5829269,586
214675,11,12,12400618,2021,7,9,3,3,0,2,0,0,0,0,0,0,1,0,786593,9024,5838640,156
214674,11,7,7400823,2021,8,6,2,3,5,2,0,0,1,0,1,0,0,0,797273,5778,5822176,321
214673,11,4,4501040,2021,8,14,7,3,5,2,0,0,1,0,1,0,0,0,792314,8787,5825780,293
214672,11,4,4300619,2021,7,18,2,2,5,3,0,0,1,0,0,0,0,0,792430,3504,5827178,2
214671,11,5,5100209,2021,8,13,2,2,5,3,0,0,1,0,0,0,1,0,782817,23,5830409,292
214670,11,12,12500928,2021,8,10,7,3,2,6,0,0,1,0,0,0,0,0,792060,2383,5837093,241
214669,11,12,12200310,2021,7,11,5,3,0,2,0,1,1,0,0,0,0,0,792192,4199,5832949,413
214668,11,4,4501042,2021,7,13,6,2,2,6,0,1,1,0,0,0,0,0,794148,592,5825851,471
214667,11,3,3400830,2021,8,7,4,3,1,5,0,1,1,0,0,0,0,0,799541,3954,5833247,183
214666,11,2,2400521,2021,7,12,4,3,5,3,0,1,0,0,0,0,0,0,800770,287,5828490,77
214665,11,4,4400727,2021,8,11,5,3,2,6,0,0,1,0,0,0,0,0,790956,4464,5823002,247
214664,11,6,6400841,2021,8,12,4,3,5,3,0,1,1,0,0,0,0,0,790010,4401,5819155,33
214663,11,7,7400721,2021,8,8,3,2,0,7,0,0,0,0,1,0,0,1,798326,4089,5823948,609
214662,11,12,12500927,2021,8,19,1,2,1,6,1,0,1,0,0,0,0,0,792686,8444,5835989,498
214661,11,1,1100207,2021,7,14,3,3,5,3,0,0,1,0,0,0,0,0,798524,8271,5826770,808
214660,11,9,9501941,2021,8,8,3,3,2,2,0,0,1,0,0,0,0,0,812053,6326,5821204,13
214659,11,1,1300733,2021,8,16,1,3,5,3,0,1,0,0,0,0,1,0,797652,551,5831689,994
214658,11,1,1300834,2021,7,21,6,3,3,6,2,0,0,0,1,0,1,1,798220,2043,5830068,423
214657,11,1,1200517,2021,7,14,5,2,6,4,0,0,1,1,0,1,0,0,793520,45,5829273,704
214656,11,5,5100315,2021,8,18,6,2,2,6,0,0,1,0,0,0,0,0,784200,359,5830054,64
214655,11,7,7501029,2021,7,14,6,3,5,3,0,0,1,0,0,0,0,0,797568,25,5818731,722
214654,11,1,1100207,2021,7,19,6,2,5,3,0,0,1,0,0,0,0,0,797865,6633,5826764,596
214653,11,5,5300737,2021,8,8,5,3,1,7,0,0,1,0,0,0,0,0,787204,4819,5829405,277
214652,11,9,9200715,2021,7,14,5,3,5,2,0,1,1,0,0,0,0,0,808983,2062,5818111,209
214651,11,1,1100207,2021,8,13,5,3,5,3,0,1,1,0,0,0,0,0,798898,209,5827349,37
214650,11,6,6200421,2021,8,18,3,3,2,6,0,0,1,0,0,0,0,0,793450,3865,5817171,502
214649,11,7,7200411,2021,8,16,3,2,5,3,0,0,1,0,1,0,0,1,795974,3739,5824530,565
214648,11,8,8100208,2021,8,20,1,3,5,3,1,0,1,0,0,0,1,0,801244,86,5822462,394
214647,11,4,4500937,2021,7,19,4,3,2,6,0,0,1,0,0,0,0,0,790917,9548,5824785,743
214646,11,5,5100211,2021,8,16,3,2,0,7,0,1,1,0,0,0,0,0,781900,9682,5829548,242
214645,11,1,1100206,2021,8,18,7,3,1,5,0,0,1,0,1,0,0,0,797870,1602,5828174,704
214644,11,5,5200423,2021,7,12,6,3,5,7,0,0,1,0,0,0,0,0,781831,5822,5828436,51
214643,11,4,4300518,2021,8,9,5,3,5,7,0,1,1,0,0,0,0,0,792671,2954,5827808,767
214642,11,1,1400937,2021,7,10,6,3,5,2,0,0,1,0,0,0,0,0,793970,2564,5832017,357
214641,11,4,4300517,2021,8,15,5,3,5,2,0,0,1,0,0,0,0,0,791470,1404,5828283,692
214640,11,1,1100205,2021,8,17,4,3,5,2,0,1,1,0,0,0,0,0,797050,7992,5826550,944
214639,11,2,2200213,2021,8,18,3,3,5,7,0,1,0,0,0,0,1,0,800300,1887,5824577,491
214638,11,1,1401045,2021,8,20,2,3,2,6,2,0,1,0,0,1,0,1,796701,7839,5831920,282
214637,11,4,4501040,2021,7,10,4,2,5,2,0,0,1,0,1,0,0,0,792713,2066,5825479,109
214636,11,10,10100311,2021,8,12,1,3,0,6,0,0,1,0,1,0,0,0,806341,2919,5830125,879
214635,11,2,2500835,2021,7,20,7,3,5,2,0,1,1,0,0,0,0,0,802473,508,5826374,695
214634,11,6,6100204,2021,8,16,6,3,2,6,0,0,1,0,0,0,0,0,795424,2798,5820707,819
214633,11,8,8100415,2021,8,9,2,3,1,5,0,1,1,0,0,0,0,0,801246,3099,5823693,87
214632,11,4,4300623,2021,8,16,6,3,5,3,0,0,1,0,0,0,0,0,792270,5892,5826005,539
214631,11,8,8100209,2021,7,18,3,3,1,5,0,0,0,0,0,1,1,0,801431,7695,5822268,8
214630,11,10,10100315,2021,8,18,5,3,2,2,0,0,1,0,1,0,0,0,809842,9995,5830997,392
214629,11,11,11300722,2021,7,10,4,3,5,2,0,1,0,0,0,1,0,0,803811,7858,5827754,484
214628,11,4,4501042,2021,7,13,5,3,1,5,0,0,1,0,0,0,0,0,794303,7172,5825806,498
214627,11,6,6300528,2021,8,19,4,3,8,1,1,0,1,0,0,0,0,0,790516,8093,5815559,318
214626,11,2,2100104,2021,8,8,3,3,2,6,0,0,1,0,0,0,0,0,799283,4469,5825964,919
214625,11,5,5100208,2021,7,11,4,3,5,2,0,0,1,0,0,0,0,0,782367,195,5830503,443
214624,11,6,6400737,2021,8,7,4,3,5,3,0,1,0,0,0,0,0,0,784241,8703,5815910,34
214623,11,3,3400828,2021,7,8,2,3,5,2,0,1,1,0,0,0,0,0,799722,881,5832510,41
214622,11,2,2100103,2021,8,21,2,3,5,3,2,0,1,0,0,0,0,1,798549,3843,5826264,219
214621,11,2,2300314,2021,8,2,7,3,0,1,2,0,0,0,1,0,0,0,799955,3867,5826087,372
214620,11,1,1100313,2021,7,21,3,3,0,2,2,1,1,0,0,0,0,0,800472,6856,5826682,945
214619,11,7,7601544,2021,8,16,3,3,6,4,0,0,1,1,0,0,0,0,799883,4008,5813190,846
214618,11,3,3400620,2021,8,14,7,3,0,7,0,0,1,0,0,0,0,0,797727,776,5833788,402
214617,11,12,12601235,2021,7,18,5,3,1,5,0,0,1,0,1,0,0,1,794659,9501,5836273,579
214616,11,7,7501135,2021,7,15,6,3,1,7,0,0,1,0,0,0,0,0,798651,9687,5816979,958
214615,11,6,6400844,2021,8,8,4,2,5,2,0,1,1,0,0,0,0,0,791835,2215,5821376,206
214614,11,8,8100103,2021,7,20,5,2,5,7,0,0,1,0,1,0,0,0,800682,607,5822960,961
214613,11,1,1100102,2021,8,11,5,3,1,6,0,1,1,0,0,0,0,0,796111,109,5826639,456
214612,11,1,1100309,2021,8,13,5,3,5,2,0,1,1,0,0,0,0,0,798867,767,5828555,395
214611,11,1,1200517,2021,8,12,3,3,2,6,0,0,1,0,0,0,0,1,793520,6146,5829272,243
214610,11,1,1100311,2021,7,20,7,3,5,2,1,0,1,0,0,0,1,0,800053,3457,5828509,404
214609,11,9,9200819,2021,8,0,1,2,9,1,2,0,0,0,1,0,0,0,810476,9524,5820285,15
214608,11,3,3300516,2021,7,15,4,3,1,5,0,0,1,0,0,0,1,0,800278,1392,5832681,426
214607,11,10,10100311,2021,8,13,2,3,2,6,0,0,0,0,1,1,0,0,806357,2975,5830199,88
214606,11,11,11200411,2021,7,14,7,3,5,3,0,0,1,0,0,0,1,0,805621,2581,5831683,431
214605,11,1,1100205,2021,7,18,5,2,5,2,1,0,1,0,1,0,0,0,797300,228,5827233,905
214604,11,12,12200515,2021,8,7,6,3,0,7,0,1,0,0,0,0,0,0,790609,8927,5834443,477
214603,11,1,1300834,2021,8,11,2,3,0,3,0,0,1,0,1,0,0,0,797832,7177,5830453,39
214602,11,1,1100311,2021,8,9,6,3,0,7,0,0,1,0,1,0,0,0,800058,342,5827408,941
214601,11,7,7501029,2021,8,14,3,3,2,6,0,0,1,0,0,0,0,0,797755,79,5819064,478
214600,11,9,9401534,2021,7,9,5,3,2,2,0,0,1,0,0,0,1,0,811005,34,5820318,651
214599,11,3,3601245,2021,7,14,5,3,0,7,0,0,0,0,0,0,1,0,800465,7551,5831498,673
214598,11,4,4400727,2021,8,13,3,2,5,2,0,1,1,0,0,0,0,0,791122,5998,5823173,218
214597,11,12,12100102,2021,7,13,4,3,0,5,0,0,1,0,0,0,1,0,796613,3477,5833524,179
214596,11,2,2100102,2021,7,14,7,3,2,6,0,0,1,0,0,0,1,0,798329,7314,5825557,894
214595,11,8,8100314,2021,8,13,6,3,2,6,0,0,1,0,0,0,0,0,800666,8152,5824322,328
214594,11,3,3601243,2021,8,20,2,3,0,1,0,1,0,0,0,0,0,0,799862,895,5831584,993
214593,11,10,10100208,2021,8,13,7,3,5,3,0,1,1,0,0,0,0,0,809230,8588,5831992,501
214592,11,4,4200311,2021,7,18,3,3,2,7,0,0,1,0,1,0,0,0,790364,2497,5827256,362
214591,11,4,4300620,2021,8,10,4,3,5,2,0,0,1,0,0,0,0,0,793410,4781,5827392,602
214590,11,12,12500825,2021,7,17,5,3,5,2,0,1,1,0,0,0,0,1,792156,3111,5834913,11
214589,11,4,4501148,2021,7,8,6,3,0,2,0,1,1,0,0,0,0,0,793328,4986,5823397,967
214588,11,9,9100306,2021,8,13,4,3,2,6,0,0,1,0,1,0,0,0,803836,935,5820977,637
214587,11,9,9200715,2021,8,15,2,3,5,2,0,0,1,0,0,0,0,0,808469,3995,5819056,425
214586,11,10,10300734,2021,8,12,6,3,5,3,0,1,1,0,0,0,0,0,809576,8768,5825608,93
214585,11,5,5300736,2021,8,17,4,2,0,3,0,0,1,0,1,0,0,0,786320,9982,5829463,475
214584,11,5,5200528,2021,8,18,2,3,5,2,0,0,1,0,0,0,0,1,783895,4082,5826614,63
214583,11,7,7200413,2021,7,16,4,3,0,3,0,1,1,0,0,0,0,0,795942,8561,5823774,308
214582,11,4,4300619,2021,8,23,1,3,0,1,2,0,0,0,0,0,1,0,792407,646,5827207,506
214581,11,4,4300517,2021,7,18,7,3,5,2,0,0,1,0,0,0,0,0,791792,1853,5828226,49
214580,11,8,8200623,2021,8,15,6,3,5,2,0,1,1,0,0,0,0,0,802800,5922,5820810,83
214579,11,5,5100208,2021,8,16,3,2,6,4,0,0,1,1,0,0,0,0,781278,5792,5830763,763
214578,11,11,11200512,2021,8,6,7,3,5,2,0,0,1,0,0,0,0,0,802881,4656,5831209,155
214577,11,12,12500927,2021,7,12,2,3,5,3,0,1,0,0,0,0,0,0,792754,1405,5836274,443
214576,11,5,5100316,2021,8,13,4,3,5,2,0,0,1,0,1,0,0,0,784843,3103,5829239,898
214575,11,9,9501939,2021,7,5,4,3,0,6,0,0,1,0,0,0,1,1,811026,5788,5821822,297
214574,11,5,5100208,2021,7,14,5,2,2,2,0,0,1,0,1,0,0,0,781686,361,5830662,778
214573,11,10,10100102,2021,8,17,4,3,5,3,0,0,1,0,0,0,1,0,809450,9369,5834611,829
214572,11,1,1100309,2021,8,16,2,3,5,2,0,1,0,0,0,0,1,0,798680,7464,5828664,115
214571,11,4,4300412,2021,7,20,5,3,1,5,0,1,1,0,0,0,0,0,791622,9054,5827530,844
214570,11,4,4500936,2021,8,16,4,2,5,3,0,1,1,0,0,0,0,0,792086,7129,5825777,3
214569,11,2,2100104,2021,8,21,3,3,5,3,2,1,1,0,0,0,0,0,799284,2209,5826218,753
214568,11,1,1300836,2021,8,14,2,3,5,3,0,1,1,0,0,0,0,0,796541,812,5830342,351
214567,11,1,1100102,2021,8,9,7,3,5,3,0,1,1,0,0,0,0,0,796560,4901,5826867,607
214566,11,4,4300517,2021,7,14,3,3,2,6,0,0,1,0,1,0,0,0,791702,1456,5827824,303
214565,11,4,4300412,2021,8,10,3,3,5,2,0,1,1,0,0,0,0,0,791666,43,5827509,944
214564,11,8,8100312,2021,8,12,1,3,1,5,0,1,1,0,0,0,0,0,801522,2144,5823981,407
214563,11,5,5100104,2021,7,12,5,3,5,2,0,1,1,0,0,0,0,0,785669,4179,5831760,654
214562,11,10,10400938,2021,7,20,6,3,2,2,1,0,1,0,0,0,0,0,813228,1847,5828956,591
214561,11,12,12100204,2021,8,8,5,2,5,3,0,0,1,0,1,0,0,0,794906,7752,5832890,901
214560,11,7,7200410,2021,7,15,5,3,0,2,0,0,1,0,0,0,1,0,795715,2343,5824029,317
214559,11,1,1100309,2021,8,17,5,3,1,5,0,1,1,0,0,0,0,0,798904,9961,5828632,617
214558,11,2,2400624,2021,7,22,7,2,1,5,2,1,1,0,0,0,0,0,802004,979,5827175,473
214557,11,5,5100210,2021,8,9,5,3,1,5,0,0,1,0,0,0,1,0,784127,5183,5830399,275