OBJECTID,LAND,BEZ,LOR_ab_2021,UJAHR,UMONAT,USTUNDE,UWOCHENTAG,UKATEGORIE,UART,UTYP1,ULICHTVERH,IstRad,IstPKW,IstFuss,IstKrad,IstGkfz,IstSonstige,USTRZUSTAND,LINREFX,LINREFY,XGCSWGS84,YGCSWGS84
214042,11,7,7601341,2021,7,16,6,3,5,3,0,1,1,0,0,0,0,0,798071,7948,5814227,608
214041,11,5,5200418,2021,7,17,7,3,0,5,0,0,1,0,0,0,0,0,780689,6329,5829143,35
214040,11,5,5300735,2021,8,7,4,3,0,1,0,0,1,0,1,0,0,0,786442,3675,5830474,722
214039,11,6,6100101,2021,7,17,5,3,1,1,0,0,1,0,1,0,0,1,792653,5584,5821314,192
214038,11,2,2300418,2021,8,12,6,3,5,7,0,0,1,0,0,0,1,0,801131,8076,5825069,786
214037,11,4,4300517,2021,8,17,5,3,0,6,0,0,1,0,1,0,0,1,791453,932,5828302,94
214036,11,9,9200716,2021,8,15,3,3,0,1,0,0,0,0,1,0,0,0,809049,4155,5819175,753
214035,11,6,6100103,2021,8,16,1,3,6,7,0,1,0,1,0,0,0,0,793804,8092,5821022,576
214034,11,6,6100101,2021,7,10,4,2,1,7,0,0,1,0,0,0,0,0,793286,4234,5820759,306
214033,11,4,4200203,2021,8,16,1,2,8,1,0,1,0,0,0,0,0,1,788286,669,5826920,484
214032,11,12,12100204,2021,7,11,3,3,5,2,0,0,1,0,0,0,1,0,795065,4169,5832467,607
214031,11,10,10100311,2021,7,6,6,3,8,1,0,0,0,0,1,0,0,0,806736,5248,5830280,929
214030,11,5,5200633,2021,7,5,2,2,5,2,0,0,1,0,1,0,0,0,783949,9326,5826591,51
214029,11,9,9100304,2021,7,11,1,3,5,2,0,0,1,0,0,0,0,0,804385,7086,5821738,33
214028,11,10,10100311,2021,8,22,6,2,5,7,2,1,0,0,0,0,1,0,806792,5108,5830324,581
214027,11,8,8401243,2021,8,10,2,3,8,1,0,0,0,0,1,0,0,0,805426,682,5817272,818
214026,11,1,1100309,2021,8,19,6,3,0,1,0,1,0,0,1,0,0,1,798987,1716,5828832,112
214025,11,1,1200520,2021,7,0,1,2,0,7,2,0,0,0,0,0,1,0,794253,87,5829270,563
214024,11,7,7601340,2021,7,11,6,3,5,2,0,1,1,0,0,0,0,0,796134,2938,5815933,292
214023,11,2,2500830,2021,8,18,5,2,0,7,0,1,0,0,0,0,0,0,802563,704,5827389,369
214022,11,3,3100103,2021,8,8,5,3,0,3,0,1,0,0,1,0,0,0,804063,3094,5839912,313
214021,11,1,1100313,2021,8,6,3,3,5,3,0,0,1,0,1,0,0,0,800473,1898,5826684,246
214020,11,10,10100311,2021,8,14,7,3,5,2,0,1,1,0,0,0,0,0,807500,9481,5829177,511
214019,11,11,11501340,2021,7,11,4,2,5,7,0,0,1,0,0,0,1,0,807259,2956,5824366,744
214018,11,1,1100308,2021,8,4,1,3,1,5,2,0,1,0,0,0,1,0,797032,2374,5828919,783
214017,11,7,7300619,2021,7,8,1,3,5,2,0,1,1,0,0,0,0,0,795243,269,5822270,82
214016,11,5,5200633,2021,7,11,2,3,2,6,0,0,1,0,0,0,0,0,784053,4997,5827184,802
214015,11,12,12400720,2021,8,8,6,3,2,6,0,1,1,0,0,0,0,0,789100,8885,5840188,662
214014,11,9,9501737,2021,8,13,2,3,5,2,0,1,1,0,0,0,0,0,813766,4822,5821746,257
214013,11,1,1100205,2021,8,13,6,3,3,2,0,0,1,0,0,0,0,0,796974,44,5827042,638
214012,11,7,7100102,2021,7,18,2,2,5,7,0,1,1,0,0,0,0,0,795282,4422,5825402,331
214011,11,5,5300737,2021,8,1,4,3,0,1,2,0,0,0,0,0,1,1,786993,1211,5830135,176
214010,11,3,3601245,2021,7,10,4,3,4,5,0,1,1,0,0,0,0,0,800655,4435,5831074,772
214009,11,7,7200308,2021,7,8,5,3,2,2,0,1,1,0,0,0,0,0,795216,2091,5823199,434
214008,11,11,11200514,2021,8,17,2,3,5,3,0,1,1,0,0,0,0,0,805035,3975,5830436,264
214007,11,4,4300518,2021,7,12,3,3,5,2,0,0,0,0,1,0,1,1,792208,8334,5828619,337
214006,11,11,11200410,2021,7,14,2,3,6,4,0,0,0,1,0,0,1,0,805820,2516,5832299,696
214005,11,3,3400831,2021,8,23,6,2,9,1,2,0,1,0,0,0,0,0,799760,4202,5833788,45
214004,11,2,2300316,2021,8,19,3,3,3,6,0,0,1,0,1,0,0,0,801453,2412,5826046,53
214003,11,1,1100416,2021,8,21,6,3,0,1,2,1,0,0,0,0,0,1,798679,7307,5829463,114
214002,11,5,5300737,2021,7,15,5,3,5,3,0,0,1,0,0,0,0,0,787940,4067,5830041,989
214001,11,2,2400623,2021,7,17,6,3,2,1,0,0,1,0,0,0,0,0,800560,8188,5827024,98
214000,11,2,2100106,2021,8,3,5,3,5,2,2,0,1,0,0,0,0,0,798598,3849,5825578,664
213999,11,11,11300722,2021,7,12,5,3,1,5,0,1,1,0,0,0,0,0,803806,5179,5827751,317
213998,11,4,4100101,2021,7,15,7,3,1,5,0,1,0,0,0,0,1,0,790183,7014,5829822,631
213997,11,1,1100308,2021,8,15,5,3,2,6,0,0,1,0,0,0,0,0,796775,6115,5828816,313
213996,11,6,6300528,2021,8,16,4,3,5,3,0,0,1,0,0,0,0,0,789298,2011,5816083,361
213995,11,1,1100308,2021,8,17,3,3,5,2,0,1,0,0,0,0,1,0,796939,8385,5828909,33
213994,11,3,3400618,2021,8,10,1,3,0,1,0,1,1,0,0,0,0,0,796127,3753,5836570,617
213993,11,9,9401534,2021,7,12,4,3,3,6,0,0,1,0,1,0,0,0,811419,3436,5820140,284
213992,11,1,1200626,2021,8,18,3,3,3,6,0,1,1,0,0,0,0,0,795498,4946,5828219,487
213991,11,12,12100205,2021,8,12,1,2,0,1,0,0,0,0,1,0,0,0,793957,7597,5835301,516
213990,11,9,9501737,2021,7,12,7,3,6,4,0,0,1,1,0,0,0,0,814274,7015,5821931,971
213989,11,5,5100316,2021,7,14,1,2,9,1,0,1,0,0,0,0,0,0,785082,3084,5829425,398
213988,11,1,1200629,2021,8,14,5,3,5,7,0,0,1,0,0,0,0,0,794558,2689,5827507,997
213987,11,7,7501030,2021,7,14,6,2,6,4,0,0,1,1,0,0,0,0,797980,96,5819783,295
213986,11,7,7100101,2021,8,19,5,3,0,1,0,0,0,0,1,0,0,0,794763,2558,5825631,203
213985,11,9,9401635,2021,8,16,5,3,5,3,0,1,1,0,0,0,0,0,816646,7761,5817431,712
213984,11,2,2200209,2021,8,16,4,2,5,2,0,1,1,0,0,0,0,0,796813,2806,5823979,519
213983,11,6,6100206,2021,8,20,2,3,2,6,2,0,1,0,0,0,0,1,794097,9248,5819501,8
213982,11,9,9100304,2021,7,14,4,2,6,4,0,0,1,1,0,0,0,0,804554,5438,5822498,96
213981,11,2,2300316,2021,8,20,1,3,1,7,1,0,1,1,0,0,0,0,801245,4069,5825972,867
213980,11,10,10400940,2021,7,15,1,3,4,1,0,1,0,0,0,0,0,0,812379,3956,5824090,429
213979,11,4,4501148,2021,8,22,6,3,5,2,2,1,1,0,0,0,0,0,793346,8252,5823084,35
213978,11,4,4300416,2021,8,15,2,2,5,2,0,1,1,0,0,0,0,0,791789,6026,5826098,99
213977,11,2,2300316,2021,8,15,6,3,5,2,0,1,1,0,0,0,0,0,801470,7316,5826044,79
213976,11,6,6400838,2021,7,16,2,3,1,5,0,0,1,0,0,0,1,0,788743,5143,5820142,69
213975,11,6,6100210,2021,8,9,5,3,1,5,0,1,1,0,0,0,0,0,794800,7346,5821009,597
213974,11,11,11200513,2021,7,22,4,3,5,3,2,0,1,0,0,0,0,0,804575,1476,5831042,677
213973,11,4,1200522,2021,7,14,5,2,0,6,0,0,1,0,1,0,0,0,793642,6589,5827967,82
213972,11,1,1100101,2021,8,0,4,3,0,1,2,1,0,0,0,0,0,0,794655,3333,5826066,733
213971,11,1,1401045,2021,8,17,2,3,6,7,0,1,0,1,0,0,0,0,796703,4795,5831647,904
213970,11,6,6200315,2021,7,12,6,3,0,6,0,0,1,0,1,0,0,0,795251,1361,5817502,282
213969,11,4,4300415,2021,7,15,2,3,3,6,0,0,1,0,1,0,0,0,791005,3102,5826324,579
213968,11,2,2300314,2021,8,8,2,3,5,3,0,0,1,0,0,0,1,0,800280,9176,5826091,469
213967,11,1,1100312,2021,8,20,7,3,5,2,1,1,1,0,0,0,0,0,799651,2417,5827045,792
213966,11,10,10200418,2021,7,11,2,3,5,2,0,0,1,0,0,0,0,0,811288,6004,5831560,788
213965,11,8,8100105,2021,8,18,2,3,5,2,0,1,1,0,0,0,0,0,800944,4966,5822300,867
213964,11,4,4300623,2021,8,15,6,3,5,7,0,1,1,0,0,0,0,0,792725,1,5826102,48
213963,11,12,12601031,2021,7,0,6,3,8,1,2,0,1,0,0,0,0,0,793547,4123,5836903,72
213962,11,2,2400625,2021,7,20,6,3,5,2,1,1,1,0,0,0,0,0,801765,3262,5826249,693
213961,11,6,6200421,2021,8,12,5,3,3,6,0,0,1,0,1,0,0,0,793149,187,5817665,558
213960,11,4,4200308,2021,7,17,4,2,1,1,0,0,1,0,1,0,0,0,788328,3027,5827899,799
213959,11,5,5100315,2021,8,15,5,3,2,2,0,0,1,0,0,0,1,0,784560,1971,5829789,936
213958,11,12,12500824,2021,8,14,3,3,5,3,0,1,1,0,0,0,0,0,790625,4505,5835955,499
213957,11,1,1100310,2021,7,6,4,3,5,2,0,0,1,0,0,0,0,0,799246,9565,5828469,31
213956,11,3,3300516,2021,7,13,5,3,5,2,0,0,1,0,0,0,0,0,800101,7154,5833875,534
213955,11,2,2100102,2021,8,20,3,3,5,2,1,1,1,0,0,0,0,1,797958,5536,5826222,137
213954,11,1,1100310,2021,8,20,2,3,3,6,0,0,1,0,0,0,0,0,799277,6377,5828512,442
213953,11,1,1200628,2021,7,8,4,2,5,2,0,1,1,0,0,0,0,0,795468,3867,5827765,588
213952,11,8,8100206,2021,7,19,6,3,5,3,0,1,1,0,0,0,0,0,801107,8493,5823533,917
213951,11,5,5200423,2021,7,18,2,2,5,2,0,0,1,0,0,0,0,0,780865,8489,5828328,661
213950,11,1,1100308,2021,8,9,2,3,3,6,0,0,1,0,1,0,0,0,796900,441,5828886,852
213949,11,12,12400619,2021,8,15,7,3,0,2,0,0,1,0,1,0,0,0,787914,1391,5836258,344
213948,11,12,12500929,2021,8,19,2,3,8,1,0,0,1,0,0,0,0,0,794957,4637,5839058,364
213947,11,11,11401136,2021,8,15,6,3,6,7,0,0,0,1,0,0,1,0,805986,49,5826310,68
213946,11,12,12500824,2021,7,9,6,3,2,2,0,0,1,0,0,0,0,0,790625,9,5835958,367
213945,11,7,7501135,2021,7,8,6,3,1,5,0,0,1,0,0,0,0,0,798445,7757,5816906,725
213944,11,11,11300721,2021,8,5,4,3,0,7,0,0,0,0,1,0,0,0,805519,7022,5830054,868
213943,11,12,12100205,2021,7,14,5,3,2,6,0,0,1,0,0,0,0,0,794175,3141,5835403,446
213942,11,9,9501941,2021,7,16,7,3,5,2,0,1,1,0,0,0,0,0,811456,9733,5821168,832
213941,11,8,8100102,2021,8,10,5,3,5,3,0,1,1,0,0,0,0,0,800393,8504,5823322,784
213940,11,4,4100101,2021,8,17,3,3,0,3,0,0,1,0,1,0,0,0,792256,3024,5830681,918
213939,11,5,5100210,2021,8,14,3,3,5,2,0,1,1,0,0,0,0,1,783979,1491,5830107,246
213938,11,3,3400721,2021,8,16,7,3,1,5,0,0,1,0,0,0,0,0,797995,1948,5833054,935
213937,11,4,4300518,2021,7,16,3,3,1,5,0,1,1,0,0,0,0,0,792107,7281,5827787,65
213936,11,5,5100209,2021,8,6,3,3,5,3,0,0,1,0,0,0,1,0,782816,7465,5830408,383
213935,11,8,8100103,2021,8,14,7,3,2,6,0,0,1,0,0,0,0,0,800698,2152,5822922,714
213934,11,6,6300631,2021,7,15,6,3,1,1,0,1,1,0,0,0,0,0,792080,3235,5816497,153
213933,11,1,1100310,2021,7,23,5,3,5,2,2,0,1,0,0,0,0,0,799248,351,5828469,191
213932,11,1,1100309,2021,8,21,5,3,6,2,1,0,1,1,0,0,0,0,798658,55,5828820,48
213931,11,8,8401139,2021,8,16,5,3,5,3,0,0,1,0,1,0,0,1,803032,5161,5818606,981
213930,11,1,1100206,2021,8,18,4,3,3,6,0,1,0,0,0,0,0,0,797155,7471,5827713,407
213929,11,10,10200524,2021,8,18,2,3,6,4,0,0,1,1,0,0,0,0,812605,2084,5830464,949
213928,11,9,9501939,2021,7,16,4,3,6,7,0,1,0,1,0,0,0,0,811025,9991,5821821,89
213927,11,10,10300734,2021,8,13,1,3,0,1,0,0,0,0,1,0,0,0,809586,27,5824135,781
213926,11,9,9200717,2021,7,7,6,3,5,3,0,0,1,0,0,0,1,0,809469,2927,5819066,753
213925,11,9,9200715,2021,7,22,1,3,8,1,2,0,1,0,0,0,0,0,807861,9538,5818113,761
213924,11,7,7200409,2021,8,15,6,3,1,5,0,1,1,0,0,0,0,0,795798,8778,5824312,3
213923,11,1,1200628,2021,8,20,2,3,5,2,1,1,1,0,0,0,0,1,795541,821,5828196,459
213922,11,9,9501941,2021,8,15,7,3,5,2,0,1,1,0,0,0,0,0,811395,6627,5821164,189
213921,11,2,2200210,2021,7,13,2,3,0,3,0,0,1,0,0,0,1,0,797965,4261,5824895,725
213920,11,4,4300412,2021,8,16,4,3,5,2,0,1,1,0,0,0,0,0,790797,6792,5827378,319
213919,11,1,1100311,2021,7,13,4,3,5,2,0,1,1,0,0,0,0,0,799606,792,5827991,155
213918,11,11,11300620,2021,7,21,5,3,5,2,0,1,1,0,0,0,0,0,803744,3482,5829272,426
213917,11,3,3300411,2021,8,15,4,2,6,4,0,0,1,1,0,0,0,0,803672,703,5839096,993
213916,11,4,4500939,2021,8,11,3,2,2,6,0,0,1,0,1,0,0,0,792020,7834,5824050,829
213915,11,4,4300624,2021,7,12,4,3,5,3,0,0,1,0,0,0,1,0,793308,5822,5826154,555
213914,11,1,1100308,2021,7,22,6,3,5,3,2,1,1,0,0,0,0,0,797044,6328,5829327,236
213913,11,1,1400942,2021,8,14,4,3,3,6,0,1,0,0,0,0,0,0,794758,7343,5830894,641
213912,11,4,4200311,2021,7,9,3,3,3,6,0,0,1,0,0,0,0,0,790277,4871,5826014,14
213911,11,3,3601450,2021,8,7,2,3,2,6,0,1,1,0,0,0,0,0,802323,667,5829859,76
213910,11,5,5100315,2021,8,17,7,3,5,2,0,0,1,0,0,0,1,0,784663,843,5829704,516
213909,11,8,8200624,2021,7,17,3,3,5,3,0,0,1,0,0,0,0,0,801179,7485,5820596,796
213908,11,1,1100415,2021,8,10,3,3,5,2,0,1,0,0,0,0,1,0,797396,384,5829170,384
213907,11,9,9200510,2021,8,19,1,3,2,6,0,0,1,0,0,0,0,0,806402,4756,5823015,152
213906,11,1,1401047,2021,7,8,6,3,1,5,0,1,1,0,0,0,0,0,795657,6208,5830628,824
213905,11,7,7501032,2021,7,15,6,3,5,3,0,1,1,0,0,0,0,0,799319,467,5819602,931
213904,11,3,3200205,2021,8,8,4,3,2,6,0,1,1,0,0,1,0,0,797867,2739,5836017,608
213903,11,6,6300634,2021,7,8,5,3,5,2,0,1,1,0,0,0,0,0,791394,5449,5817818,159
213902,11,4,4501148,2021,8,13,5,3,5,3,0,0,1,0,0,0,0,0,793020,9868,5823393,322
213901,11,10,10100205,2021,8,12,5,3,5,2,0,1,1,0,0,0,0,0,807991,5945,5832316,71
213900,11,1,1200628,2021,8,17,3,3,5,3,0,1,1,0,0,0,0,0,795530,4836,5828225,788
213899,11,2,2500727,2021,8,12,1,3,1,5,0,0,1,0,0,0,1,0,802368,1161,5828302,797
213898,11,3,3701554,2021,7,22,4,3,1,5,2,1,1,0,0,0,0,0,799065,9578,5830190,53
213897,11,4,4300624,2021,8,19,2,3,0,2,0,0,1,0,1,0,0,0,793314,861,5826006,57
213896,11,2,2100102,2021,7,9,6,3,2,6,0,1,0,0,0,0,0,0,798250,6802,5825811,637
213895,11,2,2400623,2021,7,19,6,3,0,1,1,0,0,0,0,0,1,0,800694,8014,5827711,451
213894,11,5,5200632,2021,7,19,5,3,5,3,0,1,0,0,0,0,0,0,785148,9102,5828325,392
213893,11,10,10400837,2021,8,18,6,3,1,5,0,1,1,0,0,0,0,0,810011,235,5824747,516
213892,11,12,12100103,2021,8,13,2,3,6,7,0,0,1,1,0,0,0,0,795576,6869,5833237,808
213891,11,11,11200512,2021,8,16,6,3,0,3,0,1,1,0,0,0,0,0,803227,5961,5830239,613
213890,11,4,4501044,2021,8,17,3,3,0,2,0,1,1,0,0,0,0,0,793202,2246,5824545,857
213889,11,2,2500833,2021,7,6,5,3,5,3,0,1,1,0,0,0,0,0,802517,8379,5827266,908
213888,11,2,2500832,2021,7,14,5,3,2,6,0,0,1,0,0,0,0,0,803650,7885,5827406,436
213887,11,5,5200526,2021,8,5,4,3,2,6,1,0,1,0,0,0,0,1,782349,2269,5827040,8
213886,11,12,12400723,2021,8,11,3,3,6,7,0,0,0,1,0,0,1,0,791630,392,5838486,762
213885,11,4,4501150,2021,8,19,1,3,0,1,0,1,0,0,0,0,0,0,793404,6673,5823926,637
213884,11,11,11200514,2021,7,16,3,3,2,7,0,1,0,0,0,0,1,0,803650,6054,5830098,651
213883,11,4,4200310,2021,8,11,3,3,5,7,0,1,1,0,0,0,0,0,789908,422,5826703,83
213882,11,4,4400830,2021,8,10,1,3,5,2,0,0,1,0,1,0,0,0,791992,2329,5823184,74
213881,11,8,8100104,2021,7,22,6,3,2,6,2,0,1,0,0,0,0,1,800767,5212,5822742,78
213880,11,2,2100102,2021,7,18,5,3,5,3,0,0,1,0,0,0,1,0,798346,1573,5825564,155
213879,11,2,2500830,2021,8,18,6,3,1,5,0,1,1,0,0,0,0,0,802465,357,5827411,254
213878,11,4,4400726,2021,8,10,2,3,2,6,0,0,1,0,0,0,0,0,790858,5535,5824640,174
213877,11,8,8401243,2021,8,13,6,3,5,3,0,0,1,0,1,0,0,0,805345,2704,5817327,629
213876,11,4,4300412,2021,8,14,3,2,0,7,0,1,0,0,0,0,0,0,791408,797,5827478,343
213875,11,4,4500939,2021,8,19,2,3,5,3,0,0,1,0,0,0,0,1,791968,5986,5824746,139
213874,11,12,12500927,2021,7,20,4,3,1,1,0,1,0,0,0,0,1,0,791638,992,5835050,788
213873,11,8,8200623,2021,8,23,1,3,1,5,2,0,1,0,0,0,0,1,801803,1797,5821111,17
213872,11,10,10100313,2021,7,12,4,2,9,1,0,0,1,0,0,0,0,0,808508,3799,5831158,717
213871,11,12,12400618,2021,7,16,2,3,5,2,0,1,1,0,0,0,0,0,787285,743,5837905,432
213870,11,3,3200308,2021,8,13,6,2,5,2,0,1,1,0,0,0,0,0,799873,238,5836930,401
213869,11,1,1300730,2021,8,14,2,3,2,6,0,1,1,0,0,0,0,0,796217,9461,5832202,364
213868,11,1,1401047,2021,8,13,7,3,1,5,0,1,1,0,0,0,0,0,795555,9475,5830712,304
213867,11,3,3601142,2021,7,19,3,2,2,6,0,0,1,0,1,0,0,0,798770,79,5830341,315
213866,11,1,1100310,2021,8,13,4,3,3,6,0,0,1,0,1,0,0,0,799554,4431,5827578,321
213865,11,4,4501043,2021,7,16,4,3,5,3,0,1,1,0,0,0,0,0,792912,1243,5824395,826
213864,11,4,4500937,2021,7,11,5,3,0,6,0,0,1,0,0,0,1,0,791663,9424,5825126,78
213863,11,4,4400729,2021,8,10,4,2,3,6,0,0,0,0,1,0,1,0,789366,3444,5822911,491
213862,11,6,6200311,2021,8,16,2,3,2,3,0,1,1,0,0,0,0,0,796241,3386,5818273,471
213861,11,4,4100101,2021,7,19,5,3,5,3,0,0,1,0,0,0,1,0,790679,5539,5829741,196
213860,11,7,7300619,2021,7,9,6,3,5,2,0,0,1,0,0,0,0,0,795415,2093,5820992,572
213859,11,6,6300630,2021,8,7,4,3,1,5,0,0,1,0,1,0,0,0,793196,3177,5818204,143
213858,11,5,5200421,2021,8,0,4,2,1,5,2,0,1,0,0,0,1,0,780986,3949,5828559,604
213857,11,1,1100207,2021,8,6,2,3,5,3,0,1,0,0,0,0,1,0,797909,1064,5826571,917
213856,11,8,8100209,2021,8,11,7,3,5,7,0,0,0,0,1,0,1,0,801924,5405,5821930,548
213855,11,8,8100206,2021,7,12,3,3,2,6,0,0,1,0,0,0,1,0,800851,5796,5823834,976
213854,11,4,4501153,2021,8,18,3,3,5,2,0,1,0,0,0,0,0,0,794187,39,5823237,94
213853,11,1,1100310,2021,8,13,1,3,2,6,0,0,1,0,0,0,0,0,799097,112,5827598,914
213852,11,4,4500936,2021,7,13,7,3,5,2,0,1,1,0,0,0,0,0,792091,135,5825297,824
213851,11,6,6200315,2021,7,11,7,3,0,7,0,0,1,0,0,0,0,0,794996,1721,5817317,679
213850,11,11,11300620,2021,8,7,5,3,1,5,0,0,1,0,0,0,0,0,804205,1628,5829318,724
213849,11,1,1400942,2021,7,16,5,3,1,6,0,0,1,0,0,0,1,0,794778,8521,5830356,26
213848,11,4,4300415,2021,8,14,5,2,1,7,0,0,1,0,0,0,0,0,791262,6563,5825878,632
213847,11,8,8401243,2021,8,12,5,3,2,2,0,1,1,0,0,0,0,0,805564,8917,5817120,783
213846,11,1,1300836,2021,8,11,3,3,5,3,0,0,1,0,0,0,0,0,796438,174,5830101,742
213845,11,8,8100521,2021,8,13,1,3,5,3,0,1,1,0,0,0,0,0,803954,9449,5822026,434
213844,11,1,1200520,2021,7,12,4,3,2,3,0,0,0,0,1,0,0,0,794333,6514,5828947,538
213843,11,5,5100316,2021,8,5,2,3,6,4,0,0,1,1,0,0,0,1,784035,6121,5829035,851
213842,11,5,5100206,2021,7,18,2,3,5,3,0,1,0,0,0,0,1,0,781952,6562,5830973,192
213841,11,7,7400721,2021,7,21,1,3,0,1,2,1,0,0,0,0,0,1,798737,9702,5823956,308
213840,11,9,9200510,2021,8,7,6,3,2,2,0,1,1,0,0,0,0,0,806067,3297,5823415,202
213839,11,4,4501042,2021,8,12,2,3,3,6,0,0,1,0,0,0,0,0,794037,7215,5826118,2
213838,11,10,10300734,2021,8,10,5,3,0,3,0,0,1,0,0,0,1,0,809552,3064,5827024,341
213837,11,8,8100102,2021,7,17,1,3,5,2,0,1,1,0,0,0,0,0,800176,9878,5823657,656
213836,11,1,1401045,2021,8,18,4,3,2,6,0,0,1,0,0,0,0,0,796491,937,5831909,744
213835,11,9,9501838,2021,7,10,4,2,0,3,0,1,0,0,0,0,1,1,821559,9261,5819111,681
213834,11,4,4200310,2021,7,16,5,3,3,6,0,1,0,0,0,0,1,0,789698,2176,5826433,437
213833,11,4,4500937,2021,8,14,3,3,5,2,0,0,1,0,0,0,0,0,790957,6668,5824827,808
213832,11,12,12200412,2021,7,12,3,3,5,3,0,0,1,0,1,0,0,0,791133,4903,5833990,532
213831,11,8,8200725,2021,7,9,2,3,5,3,0,0,1,0,0,0,0,0,800421,727,5819269,435
213830,11,2,2500727,2021,8,19,6,3,5,3,0,1,0,0,0,0,0,0,802686,4931,5828097,246
213829,11,5,5200631,2021,8,19,2,3,5,3,0,0,1,0,0,0,0,1,785105,774,5827527,563
213828,11,8,8100415,2021,8,18,6,2,0,3,0,1,0,0,0,0,0,0,801850,981,5823335,358
213827,11,4,4501045,2021,7,19,5,3,6,7,0,0,0,1,0,0,1,1,793920,2156,5825284,958
213826,11,8,8200622,2021,7,15,6,2,1,5,0,1,1,0,0,0,0,0,801332,9523,5821307,541
213825,11,12,12100101,2021,8,21,3,3,5,3,2,0,1,1,0,0,0,0,796641,4958,5832413,406
213824,11,9,9501838,2021,8,15,4,3,6,7,0,1,0,1,0,0,0,0,820240,6256,5819599,265
213823,11,1,1100310,2021,7,15,4,3,0,7,0,1,0,0,0,0,0,0,799678,2428,5828722,299
213822,11,9,9502043,2021,7,10,7,3,2,6,0,0,1,0,0,0,0,0,809740,1907,5822045,41
213821,11,8,8200622,2021,8,12,5,3,5,3,0,1,1,0,0,0,0,0,801230,5256,5821683,794
213820,11,2,2200208,2021,8,13,4,2,5,3,0,1,1,0,0,0,0,0,797542,2168,5824998,87
213819,11,10,10400837,2021,8,22,2,2,4,1,2,0,1,0,0,0,0,0,810218,5054,5824206,643
213818,11,4,4200311,2021,7,18,4,3,5,2,0,1,1,0,0,0,0,0,790515,2979,5826208,741
213817,11,7,7100206,2021,7,19,1,3,2,6,0,0,1,0,1,0,0,0,796897,95,5824764,424
213816,11,3,3200309,2021,8,14,6,2,5,3,0,0,1,0,1,0,0,0,800089,2842,5837540,295
213815,11,9,9200819,2021,8,17,2,3,2,6,1,0,1,0,0,0,0,1,810528,178,5820315,65
213814,11,2,2100101,2021,8,12,6,3,5,2,0,0,1,0,0,0,1,0,797323,1764,5826240,534
213813,11,10,10200418,2021,7,6,3,3,4,5,0,1,1,0,0,0,0,0,810815,959,5831042,384
213812,11,1,1300732,2021,8,8,5,3,0,1,0,1,0,0,0,0,0,0,797684,2261,5832852,215
213811,11,4,4300518,2021,7,17,5,3,2,6,0,0,1,0,0,0,0,1,792208,7892,5828619,323
213810,11,7,7601341,2021,7,11,7,3,6,4,0,0,1,1,0,0,0,0,796654,6029,5815850,49
213809,11,8,8200832,2021,8,1,4,3,1,5,2,0,1,0,0,0,0,0,800386,3716,5816767,35
213808,11,5,5200423,2021,8,13,4,2,5,3,0,0,1,0,1,0,0,0,781750,1683,5828440,382
213807,11,1,1200520,2021,7,19,5,2,0,1,0,1,0,0,0,0,0,0,794574,3345,5828704,155
213806,11,7,7100204,2021,8,8,4,3,4,6,0,1,0,0,0,0,0,0,795620,2329,5824501,44
213805,11,11,11300725,2021,8,9,4,3,5,3,0,1,1,0,0,0,0,0,805261,6503,5827711,334
213804,11,11,11200513,2021,8,14,2,3,5,2,0,1,1,0,0,0,0,0,804193,4886,5830672,751
213803,11,7,7400721,2021,8,11,7,3,3,6,0,0,1,0,1,0,0,0,798225,6896,5823979,492
213802,11,12,12601032,2021,7,11,4,3,0,3,0,0,1,0,1,0,0,0,793545,3591,5837395,444
213801,11,3,3400831,2021,8,17,3,3,5,2,0,0,0,0,1,0,0,0,800063,2766,5833885,816
213800,11,8,8100206,2021,8,21,7,3,2,2,2,0,1,0,0,0,0,1,800725,2016,5823801,521
213799,11,8,8100521,2021,7,15,6,3,5,3,0,0,1,0,0,0,0,0,802371,3847,5822703,547
213798,11,6,6100205,2021,7,4,7,3,0,1,2,0,1,0,1,0,0,0,795821,3109,5819717,801
213797,11,8,8200725,2021,8,11,4,3,0,6,0,1,1,0,0,0,0,0,800442,999,5819482,205
213796,11,3,3300516,2021,7,17,6,3,0,1,0,0,0,0,1,0,0,0,801327,2499,5833164,998
213795,11,3,3601141,2021,7,0,6,3,5,2,2,1,1,0,0,0,0,0,799243,5467,5831771,416
213794,11,3,3200309,2021,8,10,5,3,1,5,0,1,1,0,0,0,1,0,800508,1141,5837965,429
213793,11,8,8401242,2021,8,16,5,3,5,7,0,0,1,0,0,0,0,0,805209,214,5817320,637
213792,11,4,4100101,2021,8,15,3,3,5,2,0,0,1,0,0,0,0,1,793341,4146,5829716,24
213791,11,8,8301036,2021,8,23,1,2,5,2,2,0,1,0,0,0,0,0,803734,396,5818004,535
213790,11,3,3300516,2021,7,10,4,3,0,1,0,0,0,0,1,0,0,0,801135,5109,5833554,526
213789,11,2,2400623,2021,8,14,1,3,5,3,0,1,1,0,0,0,0,0,800465,8266,5827611,906
213788,11,10,10100315,2021,7,15,2,3,6,2,0,0,1,1,0,0,0,0,809861,8342,5831140,809
213787,11,9,9200717,2021,7,12,2,3,0,1,0,1,1,0,0,0,0,0,809268,4329,5819602,638
213786,11,2,2100101,2021,8,14,6,3,5,2,0,1,1,0,0,0,0,0,797389,4403,5826181,767