OBJECTID,LAND,BEZ,LOR_ab_2021,UJAHR,UMONAT,USTUNDE,UWOCHENTAG,UKATEGORIE,UART,UTYP1,ULICHTVERH,IstRad,IstPKW,IstFuss,IstKrad,IstGkfz,IstSonstige,USTRZUSTAND,LINREFX,LINREFY,XGCSWGS84,YGCSWGS84
213785,11,4,4501152,2021,8,12,2,3,0,1,0,0,0,0,1,0,0,0,793994,1197,5824221,246
213784,11,10,10200629,2021,8,14,6,3,5,7,0,1,1,0,0,0,0,0,811123,1119,5828638,372
213783,11,2,2500832,2021,7,14,1,3,2,6,0,0,1,0,0,0,0,0,803653,823,5827412,532
213782,11,12,12100205,2021,8,17,4,3,0,1,0,1,1,0,0,0,0,0,794958,233,5833112,53
213781,11,7,7300515,2021,7,12,4,3,5,2,0,1,1,0,0,0,0,0,793898,6713,5822405,714
213780,11,2,2300419,2021,7,10,5,3,3,6,0,1,1,0,0,0,0,0,801367,2517,5825876,977
213779,11,2,2500836,2021,8,10,3,3,5,2,0,1,1,0,0,0,0,0,803615,3134,5825610,68
213778,11,11,11200410,2021,8,20,2,2,3,6,0,0,1,0,1,0,0,0,804631,224,5832794,487
213777,11,8,8100209,2021,7,12,3,3,5,3,0,0,1,0,0,0,0,0,801367,4181,5821958,636
213776,11,8,8401244,2021,7,8,3,3,5,3,0,1,1,0,0,0,0,0,806093,9948,5816589,358
213775,11,1,1100205,2021,8,8,2,3,1,5,0,1,1,0,0,0,0,0,797421,1114,5826919,789
213774,11,11,11400929,2021,8,12,7,2,5,3,0,0,1,0,1,0,0,0,804871,4407,5826264,843
213773,11,2,2100101,2021,8,14,2,3,5,2,0,1,0,0,0,0,1,0,797763,85,5826046,3
213772,11,1,1300834,2021,8,18,7,3,5,2,0,1,1,0,0,0,0,0,797904,744,5831002,94
213771,11,1,1100206,2021,7,15,6,3,5,3,0,0,1,0,1,0,0,0,797717,7343,5828156,265
213770,11,1,1401046,2021,7,13,6,3,2,6,0,0,1,0,0,0,0,0,794698,2018,5829992,13
213769,11,2,2200210,2021,8,9,5,3,5,3,0,0,1,0,0,0,1,0,798318,9359,5824984,689
213768,11,4,4200203,2021,7,10,5,3,5,3,0,0,1,0,0,0,1,0,787588,3555,5827969,734
213767,11,1,1100310,2021,8,23,5,3,0,1,2,1,0,0,0,0,0,0,799719,9207,5828660,88
213766,11,5,5200629,2021,8,17,4,2,0,6,0,0,1,0,0,0,1,0,783905,6144,5828701,123
213765,11,3,3701556,2021,8,14,3,3,5,3,0,1,1,0,0,0,0,0,799695,6264,5829224,722
213764,11,4,4300518,2021,8,18,1,3,6,7,0,0,1,1,0,0,0,0,792574,5559,5828074,223
213763,11,2,2200210,2021,7,18,4,3,3,6,0,0,1,0,1,0,0,0,797968,1037,5824895,48
213762,11,1,1100308,2021,8,12,3,3,1,5,0,1,1,0,0,0,0,0,797114,8487,5829245,328
213761,11,7,7100101,2021,8,21,7,3,6,2,2,0,1,1,0,0,0,1,794965,962,5824893,375
213760,11,9,9401329,2021,7,14,7,3,0,3,0,0,1,0,0,0,1,0,811976,401,5819352,768
213759,11,2,2200211,2021,8,12,5,3,0,3,0,0,1,0,1,0,0,0,797812,3793,5824588,546
213758,11,4,4500938,2021,7,16,6,3,5,3,0,1,1,0,0,0,0,0,791591,1519,5825066,576
213757,11,2,2500728,2021,8,19,5,3,6,7,0,1,0,1,0,0,0,0,803101,245,5827718,9
213756,11,1,1100310,2021,8,20,4,2,0,1,1,0,0,0,1,0,0,0,798819,234,5828245,443
213755,11,11,11200513,2021,8,17,4,3,5,3,0,0,1,0,0,0,0,0,804670,6005,5830738,263
213754,11,4,4300622,2021,8,16,2,3,0,6,0,0,1,0,0,0,1,0,793782,4144,5826063,116
213753,11,3,3300514,2021,7,10,4,3,2,6,0,1,1,0,0,0,0,0,801614,2393,5836183,221
213752,11,2,2100101,2021,8,11,2,3,5,3,0,0,1,0,0,0,1,0,797393,2599,5826189,305
213751,11,4,4300517,2021,8,13,2,3,5,2,0,0,1,0,0,0,0,0,791469,7196,5828283,586
213750,11,3,3601245,2021,8,16,7,3,5,2,0,0,1,0,0,0,1,0,800565,9422,5831408,389
213749,11,11,11300721,2021,7,15,3,3,3,6,0,0,1,0,0,0,0,0,804350,7906,5829884,669
213748,11,7,7300619,2021,8,1,3,3,0,1,2,0,0,0,1,0,0,0,796075,4265,5822848,696
213747,11,11,11100206,2021,8,12,1,2,6,4,0,1,0,1,0,0,0,0,805214,3315,5834352,82
213746,11,12,12500825,2021,7,16,6,3,0,1,0,0,0,0,1,0,0,1,792079,6122,5834850,602
213745,11,4,4500937,2021,7,19,1,3,6,4,0,0,1,1,0,0,0,1,791272,6516,5824998,497
213744,11,3,3200206,2021,8,13,5,2,5,2,0,1,0,0,0,1,0,0,798470,157,5834860,83
213743,11,2,2400521,2021,7,11,5,3,5,3,0,1,1,0,0,0,0,0,801251,6609,5827850,98
213742,11,10,10200423,2021,7,19,6,3,6,4,0,0,1,1,0,0,0,0,813222,866,5831123,279
213741,11,6,6200421,2021,8,19,5,3,3,6,0,0,1,0,1,0,0,0,793289,1002,5817691,731
213740,11,8,8200727,2021,8,15,5,2,5,3,0,0,1,0,1,0,0,1,802556,2014,5819114,577
213739,11,1,1100103,2021,8,17,3,3,5,2,0,1,1,0,0,0,0,1,795335,9489,5826147,945
213738,11,2,2500830,2021,8,14,7,3,5,3,0,0,1,0,1,0,0,0,802435,6013,5827419,305
213737,11,6,6100204,2021,7,20,5,3,3,6,1,0,1,0,1,0,0,0,795433,159,5820396,679
213736,11,3,3601141,2021,8,20,1,3,0,7,1,1,1,0,0,0,0,1,798990,5676,5831815,793
213735,11,5,5100316,2021,7,18,7,2,2,6,0,0,1,0,1,0,0,0,785317,8676,5829279,614
213734,11,8,8200623,2021,8,11,5,2,5,3,0,0,1,0,0,0,0,0,802673,7243,5820767,607
213733,11,1,1300836,2021,8,12,6,3,5,3,0,1,0,0,0,0,1,0,797150,8611,5831087,345
213732,11,5,5200629,2021,8,12,2,3,2,6,0,0,1,0,0,0,0,0,784727,238,5828635,305
213731,11,7,7601442,2021,8,12,6,3,6,2,0,0,1,1,0,0,0,0,798697,6529,5816021,247
213730,11,7,7200307,2021,7,15,1,3,5,2,0,1,1,0,0,0,0,0,794961,5179,5824328,87
213729,11,1,1200626,2021,8,17,4,3,0,1,0,1,0,0,0,0,0,0,794971,323,5827987,175
213728,11,1,1200517,2021,7,13,4,3,0,7,0,0,1,0,0,0,0,0,794876,2039,5829526,906
213727,11,8,8100311,2021,7,9,5,3,3,6,0,1,0,0,0,0,0,0,800504,242,5824471,695
213726,11,10,10100102,2021,8,14,4,3,5,2,0,0,1,0,0,0,0,0,809346,536,5834284,202
213725,11,7,7400823,2021,8,11,3,3,0,1,0,0,0,0,1,0,0,0,797326,6603,5821848,255
213724,11,9,9200819,2021,7,11,2,3,5,3,0,0,1,0,1,0,0,0,810044,494,5819412,893
213723,11,11,11501339,2021,8,11,2,3,2,6,0,0,1,0,0,1,0,0,807291,7999,5825401,491
213722,11,4,4501042,2021,8,13,7,2,0,1,0,1,0,0,0,0,0,0,793980,235,5825547,147
213721,11,12,12100101,2021,7,8,2,3,1,5,0,0,1,0,0,0,1,0,796217,7288,5832374,705
213720,11,1,1300733,2021,8,19,3,3,3,3,0,0,1,0,0,0,1,0,797506,7139,5831285,862
213719,11,3,3400618,2021,8,22,6,3,5,2,2,1,1,0,0,0,0,1,795812,466,5836444,331
213718,11,2,2500832,2021,7,17,5,2,2,6,0,0,1,0,1,0,0,1,803653,823,5827412,532
213717,11,2,2200212,2021,7,10,6,3,0,5,0,0,1,0,0,0,0,0,799570,8214,5824507,749
213716,11,1,1100308,2021,8,10,5,3,0,1,0,1,0,0,0,0,0,0,796852,2878,5828107,478
213715,11,1,1401046,2021,7,6,5,3,0,1,1,1,0,0,0,0,0,0,795331,964,5830378,769
213714,11,6,6300629,2021,8,12,5,3,6,4,0,0,1,1,0,0,0,0,792556,4171,5819602,683
213713,11,9,9200511,2021,8,17,5,3,5,7,0,0,1,0,0,0,1,0,807285,1328,5821795,389
213712,11,1,1300732,2021,8,18,3,3,0,1,0,1,0,0,0,0,0,1,797232,5877,5832076,241
213711,11,1,3601142,2021,8,18,1,3,2,6,0,0,1,0,0,0,0,0,798574,661,5830259,339
213710,11,8,8200727,2021,7,12,4,3,5,7,0,0,1,0,1,0,0,0,801308,1311,5819536,81
213709,11,10,10100209,2021,8,7,3,3,6,4,0,0,1,1,0,0,0,0,810009,8144,5832292,469
213708,11,1,1401049,2021,8,3,1,3,0,7,2,0,0,0,0,0,1,1,796204,1594,5831951,515
213707,11,5,5200631,2021,7,13,6,3,3,6,0,0,1,0,1,0,0,0,784769,1151,5827082,931
213706,11,6,6400844,2021,8,14,5,3,0,5,0,0,1,0,0,0,0,0,791483,2297,5821624,838
213705,11,4,4200311,2021,7,10,6,3,5,3,0,1,1,0,0,0,0,0,790492,367,5826123,116
213704,11,4,4400728,2021,8,7,6,3,5,2,0,1,1,0,0,0,0,0,790732,5704,5823473,786
213703,11,9,9200715,2021,8,11,2,3,2,6,0,0,1,0,1,0,0,0,807714,1472,5818297,934
213702,11,2,2500726,2021,8,16,6,2,5,3,0,1,1,0,0,0,0,0,801889,867,5828454,222
213701,11,8,8100311,2021,8,12,4,3,1,5,0,1,1,0,0,0,0,0,800569,9648,5824655,6
213700,11,6,6300528,2021,8,9,2,3,2,6,0,0,1,0,0,0,0,0,790837,1026,5817587,579
213699,11,1,1200626,2021,7,15,4,3,0,5,0,1,0,0,0,0,1,0,795063,4678,5828274,87
213698,11,1,1100308,2021,8,13,2,3,5,2,0,1,1,0,0,0,0,0,796781,7288,5828830,452
213697,11,8,8100105,2021,7,21,6,2,6,2,2,0,1,1,0,0,0,0,800996,199,5822155,497
213696,11,1,1100309,2021,7,18,1,3,0,4,0,0,0,1,1,0,0,1,798233,6733,5828407,135
213695,11,2,2200210,2021,8,7,6,3,5,3,0,1,1,0,0,0,0,0,797990,6562,5825270,6
213694,11,5,5300839,2021,8,15,3,3,2,6,0,0,1,0,1,0,0,0,788780,2614,5830379,209
213693,11,3,3601141,2021,8,22,6,3,9,1,2,0,1,0,0,0,0,1,799234,99,5831772,365
213692,11,1,1100308,2021,7,16,3,3,0,7,0,1,0,0,0,0,0,0,796869,321,5828791,451
213691,11,9,9401534,2021,8,7,4,3,1,5,0,1,1,0,0,0,0,0,810864,527,5820557,859
213690,11,2,2200210,2021,7,1,5,3,5,3,2,1,1,0,0,0,0,0,798851,7004,5825115,225
213689,11,9,9301025,2021,7,17,5,3,5,3,0,1,1,0,0,0,0,0,811154,7775,5814910,859
213688,11,11,11401136,2021,8,15,4,3,5,3,0,0,1,0,0,0,0,0,805819,4464,5825881,62
213687,11,1,1300732,2021,8,16,2,3,5,2,0,1,1,0,0,0,0,0,797310,1946,5832297,141
213686,11,11,11200410,2021,7,12,4,2,5,3,0,1,0,0,0,0,0,0,805562,4584,5832831,403
213685,11,1,1100415,2021,7,8,6,3,2,6,0,0,1,0,0,0,0,0,797446,3377,5829212,236
213684,11,7,7300515,2021,8,15,4,2,5,3,0,1,0,0,0,0,0,0,793778,4188,5822836,7
213683,11,12,12200309,2021,7,10,3,3,3,6,0,0,1,0,0,0,0,0,793545,4713,5832382,843
213682,11,5,5100312,2021,8,19,2,3,0,2,0,0,1,0,1,0,0,1,784621,8895,5830949,367
213681,11,7,7501029,2021,8,16,7,2,5,3,0,0,0,0,1,0,1,0,797105,7495,5819476,86
213680,11,1,1100312,2021,7,18,3,3,5,3,0,1,1,0,0,0,0,0,798916,6627,5826698,645
213679,11,1,1100309,2021,6,14,4,3,0,5,0,0,1,0,0,0,1,0,798931,2538,5828697,284
213678,11,5,5100208,2021,5,11,2,3,5,2,0,0,1,0,0,0,0,0,782365,917,5830499,132
213677,11,4,4300623,2021,6,14,2,3,2,7,0,0,1,0,1,0,0,0,792744,6672,5826609,582
213676,11,2,2400521,2021,7,17,2,3,3,6,0,0,0,0,1,0,1,0,800401,1672,5827979,524
213675,11,3,3500932,2021,7,19,6,3,5,2,0,1,1,0,0,0,0,0,802070,7717,5832780,481
213674,11,4,4400832,2021,7,13,6,3,6,7,0,0,1,1,0,0,0,1,791318,3472,5822359,719
213673,11,2,2200210,2021,6,9,5,3,0,1,0,0,0,0,1,0,0,0,798309,5014,5825284,981
213672,11,4,4200308,2021,6,12,5,3,3,6,0,1,0,0,0,0,1,0,790268,8486,5827913,453
213671,11,10,10200525,2021,6,12,2,3,5,3,0,1,1,0,0,0,0,0,812926,4104,5830027,661
213670,11,1,1100310,2021,5,13,2,3,3,6,0,1,0,0,0,0,0,0,799455,2567,5827562,255
213669,11,2,2300316,2021,6,19,6,3,5,2,0,1,0,0,0,0,0,0,800737,969,5826529,821
213668,11,10,10100102,2021,6,16,5,3,6,4,0,0,1,1,0,0,0,0,809480,9099,5834221,106
213667,11,1,1200522,2021,7,6,6,3,5,2,0,1,1,0,0,0,0,1,793684,327,5828104,47
213666,11,4,4501148,2021,6,8,4,3,3,6,0,1,0,0,0,0,1,0,792485,9072,5823597,66
213665,11,6,6400843,2021,5,17,6,3,6,4,0,0,1,1,0,0,0,0,791004,4574,5819297,381
213664,11,8,8100419,2021,6,19,4,3,5,3,0,1,1,0,0,0,0,0,802397,976,5824036,207
213663,11,12,12500926,2021,7,0,2,3,1,5,2,1,1,0,0,0,0,0,793686,7617,5836139,43
213662,11,1,1200517,2021,5,13,3,3,2,6,0,0,1,0,0,0,0,1,793660,3233,5828117,137
213661,11,1,1200520,2021,6,12,3,3,1,7,0,0,1,0,0,0,0,0,794562,2335,5828887,68
213660,11,5,5300736,2021,7,17,2,3,4,3,0,0,1,0,0,0,0,0,786103,6,5829154,931
213659,11,5,5100316,2021,7,14,3,3,2,7,0,0,1,0,0,0,0,0,784961,232,5829428,306
213658,11,10,10100312,2021,5,21,6,3,0,1,1,0,0,0,1,0,0,1,808580,5,5830116,67
213657,11,4,4501041,2021,6,11,4,3,0,6,0,0,0,0,0,0,1,0,793052,8352,5825586,897
213656,11,1,1100206,2021,7,17,7,3,5,2,0,1,1,0,0,0,0,0,797159,5286,5827691,301
213655,11,11,11300620,2021,6,13,3,3,5,7,0,0,1,0,0,0,1,0,803670,8885,5829504,272
213654,11,4,4501151,2021,6,16,6,3,2,6,0,0,1,0,0,0,0,0,793742,6111,5823088,66
213653,11,4,4200310,2021,6,9,3,3,5,3,0,0,1,0,0,0,0,0,789878,7223,5826218,88
213652,11,5,5300840,2021,6,4,3,3,0,7,1,0,0,0,1,0,0,1,788076,2685,5829041,51
213651,11,5,5100316,2021,6,18,7,3,2,6,0,0,1,0,0,0,0,0,785279,746,5829297,226
213650,11,4,4501045,2021,6,10,6,3,5,2,0,1,1,0,0,0,0,0,793967,5361,5824934,109
213649,11,4,4500936,2021,7,15,6,2,0,1,0,0,0,0,1,0,0,0,792253,2244,5825476,936
213648,11,9,9200715,2021,6,12,7,3,5,2,0,0,1,0,0,0,0,0,808643,2493,5819165,42
213647,11,10,10200524,2021,5,15,3,1,6,4,0,0,0,1,0,0,1,0,812608,8911,5830318,532
213646,11,8,8100311,2021,6,16,4,3,0,1,0,1,0,0,0,0,0,1,800548,1945,5824804,397
213645,11,3,3400828,2021,7,15,3,3,5,2,0,0,1,0,1,0,0,0,799829,1278,5831979,991
213644,11,10,10400837,2021,7,4,4,3,1,5,1,0,1,0,0,0,0,1,811236,7152,5826738,4
213643,11,9,9200715,2021,6,14,5,3,2,6,0,0,1,0,1,0,0,0,807860,2984,5818113,778
213642,11,2,2200210,2021,5,17,2,3,5,3,0,1,1,0,0,0,0,0,798427,5585,5824793,411
213641,11,1,1100309,2021,6,10,5,3,3,7,0,1,1,0,0,0,0,0,797803,8594,5828823,214
213640,11,9,9100407,2021,6,10,5,3,5,2,0,1,0,0,0,0,1,0,806320,4984,5820907,375
213639,11,1,1100309,2021,6,16,3,3,1,5,0,1,1,0,0,0,0,0,798351,2011,5828607,352
213638,11,4,4300619,2021,6,19,1,3,3,6,0,0,1,0,1,0,0,0,792036,832,5827372,961
213637,11,12,12500824,2021,6,7,4,2,5,3,0,1,1,0,0,0,0,0,790704,18,5835380,527
213636,11,10,10300731,2021,6,17,4,3,2,6,0,0,1,0,0,0,0,0,809258,8935,5829710,117
213635,11,3,3500934,2021,6,15,2,3,6,4,0,0,1,1,0,0,0,0,800634,4926,5832185,125
213634,11,7,7200412,2021,7,9,2,3,5,2,0,1,0,0,0,0,1,1,796269,261,5822956,827
213633,11,4,4501042,2021,6,23,7,3,5,3,2,0,1,0,0,0,1,0,793528,6141,5825739,717
213632,11,1,1300733,2021,6,23,4,2,5,3,2,0,1,0,0,0,1,1,797154,4119,5831919,72
213631,11,4,4100101,2021,7,6,5,2,5,2,0,0,1,0,0,0,1,0,791286,3327,5830682,758
213630,11,1,1100310,2021,6,13,6,3,6,4,0,0,0,1,1,0,0,0,799723,45,5827459,837
213629,11,4,4500937,2021,6,14,2,3,2,2,0,0,1,0,0,0,0,0,791253,2323,5824992,311
213628,11,5,5100210,2021,5,15,2,3,1,5,0,0,1,0,0,0,0,0,783997,1288,5830089,705
213627,11,7,7400928,2021,6,15,6,2,5,2,0,1,1,0,0,0,0,0,799817,8729,5821320,554
213626,11,6,6400839,2021,6,8,6,2,5,3,0,1,1,0,0,0,0,0,787511,329,5817717,569
213625,11,5,5100316,2021,6,15,3,3,2,2,0,0,1,0,0,0,0,0,784783,1673,5828813,39
213624,11,2,2300315,2021,6,19,6,2,4,6,0,0,1,0,0,0,0,0,800283,764,5825835,612
213623,11,2,2300316,2021,6,20,2,3,5,2,0,1,1,0,0,0,0,0,801471,2191,5826031,622
213622,11,1,1300835,2021,5,0,5,2,6,4,2,0,0,1,0,0,1,1,797356,9737,5829964,422
213621,11,11,11401136,2021,6,10,4,3,5,3,0,1,1,0,0,0,0,0,806163,6857,5826005,164
213620,11,1,1100310,2021,7,20,7,3,0,2,0,1,1,0,0,0,0,0,799326,5602,5828429,861
213619,11,4,4200311,2021,5,16,2,2,9,1,0,0,0,0,1,0,0,0,790260,4268,5825468,359
213618,11,2,2300419,2021,6,20,3,3,4,6,1,1,1,0,0,0,0,1,800873,739,5825772,368
213617,11,1,1200521,2021,7,12,3,2,6,7,0,1,0,1,0,0,0,0,793675,6609,5828321,967
213616,11,2,2200211,2021,7,16,6,3,0,1,0,0,0,0,1,0,0,1,798396,7343,5824510,813
213615,11,3,3601453,2021,6,14,2,3,5,3,0,1,0,0,0,0,0,0,802549,1396,5828594,179
213614,11,1,1100310,2021,6,19,5,3,0,1,0,0,0,0,1,0,0,0,799141,175,5828465,348
213613,11,10,10200629,2021,6,15,6,3,5,3,0,1,1,0,0,0,0,0,811035,2651,5829169,654
213612,11,7,7200414,2021,6,23,5,3,0,3,2,1,1,0,0,0,0,0,796540,775,5823965,152
213611,11,7,7601238,2021,6,10,2,3,5,2,0,1,1,0,0,0,0,0,798520,4745,5816819,941
213610,11,4,4400729,2021,6,15,3,3,2,6,0,0,1,0,1,0,0,0,790617,7987,5822588,28
213609,11,12,12200411,2021,6,3,1,3,8,1,2,0,1,0,0,0,0,0,792920,8071,5832158,75
213608,11,1,1100313,2021,6,6,7,3,8,1,0,0,1,0,0,0,0,0,800354,3697,5826498,569
213607,11,2,2300418,2021,7,19,7,3,5,5,0,1,1,0,0,0,0,0,800778,7114,5825137,367
213606,11,7,7400927,2021,6,7,4,3,1,5,0,1,1,0,0,0,0,0,798339,2214,5821789,876
213605,11,7,7100206,2021,6,13,6,3,2,6,0,0,1,0,0,0,1,0,796759,2175,5824801,475
213604,11,1,1100308,2021,6,11,4,3,2,6,0,1,1,0,0,0,0,0,797246,3924,5829091,845
213603,11,2,2100102,2021,5,16,2,3,2,6,0,0,1,0,0,0,0,0,798440,5839,5826525,607
213602,11,8,8100103,2021,6,7,4,3,5,2,0,0,1,0,1,0,0,1,800623,3436,5823112,984
213601,11,10,10400941,2021,7,8,2,3,5,3,0,1,0,0,0,0,1,1,812399,9044,5824300,548
213600,11,6,6300633,2021,7,16,4,3,1,5,0,1,1,0,0,0,0,0,792040,468,5818992,22
213599,11,1,1400937,2021,6,19,4,3,0,5,0,1,1,0,0,0,0,0,793733,892,5830080,696
213598,11,8,8100312,2021,5,17,7,3,0,5,0,0,1,0,1,0,0,0,801197,1369,5824083,926
213597,11,11,11400929,2021,6,16,5,3,0,1,0,1,0,0,0,0,0,0,805183,5979,5826239,779
213596,11,9,9100304,2021,6,7,4,3,3,6,0,0,1,0,0,1,0,0,804609,153,5822071,613
213595,11,1,1300834,2021,7,22,6,2,2,6,2,0,1,0,0,0,0,1,797925,2149,5830283,132
213594,11,6,6400838,2021,6,11,3,3,5,3,0,1,1,0,0,0,0,0,788377,465,5819115,497
213593,11,4,4300622,2021,6,21,1,3,2,6,1,0,0,0,0,0,1,0,793514,8244,5826493,34
213592,11,3,3701555,2021,6,6,3,2,1,5,0,1,1,0,0,0,0,0,799730,9682,5830115,354
213591,11,3,3601245,2021,6,0,4,3,8,1,2,0,1,0,0,0,0,0,800954,5466,5831228,635
213590,11,1,1100207,2021,6,17,2,3,5,3,0,1,1,0,0,0,0,0,798015,3,5826697,59
213589,11,5,5100317,2021,6,13,1,3,2,6,0,0,1,0,0,0,0,0,787003,3065,5828154,756
213588,11,8,8100417,2021,7,23,1,3,5,3,2,0,1,0,1,0,0,0,802484,542,5823140,332
213587,11,2,2200213,2021,6,17,7,3,5,2,0,0,1,0,0,0,1,0,800287,4348,5824794,559
213586,11,6,6300527,2021,6,12,1,3,5,3,0,1,1,0,0,0,0,0,790932,6776,5818162,939
213585,11,7,7400823,2021,5,13,4,3,6,2,0,0,1,1,0,0,0,0,797260,477,5820743,711
213584,11,6,6200313,2021,6,14,4,3,2,6,0,0,1,0,0,0,0,1,795435,4757,5818360,148
213583,11,3,3500935,2021,7,18,3,3,1,5,0,1,1,0,0,0,0,0,801500,7503,5831218,926
213582,11,6,6100206,2021,7,15,5,3,0,2,0,0,0,0,0,0,1,1,794558,1501,5820095,549
213581,11,2,1100102,2021,6,8,5,3,5,3,0,1,1,0,0,0,0,0,796823,1573,5826065,56
213580,11,2,2400624,2021,5,18,1,3,5,3,0,1,1,0,0,0,0,0,801744,3314,5827421,724
213579,11,11,11300617,2021,6,18,5,3,2,6,0,0,1,0,0,0,1,0,803522,2899,5829724,803
213578,11,10,10300734,2021,6,13,5,3,5,2,0,0,1,0,1,0,0,1,809653,7464,5826357,59
213577,11,1,1100310,2021,6,10,3,3,2,6,0,0,1,0,1,0,0,0,798948,2775,5827851,575
213576,11,11,11200513,2021,6,19,6,3,1,1,0,0,1,0,0,0,0,0,804656,5181,5830747,835
213575,11,7,7501029,2021,6,20,2,3,5,3,1,1,0,0,0,0,1,0,797139,3227,5819500,231
213574,11,1,1100101,2021,5,17,5,3,5,3,0,1,1,0,0,0,0,1,794805,3351,5826009,331
213573,11,9,9200715,2021,6,16,4,2,5,2,0,1,1,0,0,0,0,0,808654,316,5819175,127
213572,11,9,9501838,2021,5,19,1,3,0,1,0,1,0,0,0,0,0,0,818439,8444,5820578,161
213571,11,7,7100102,2021,6,16,2,3,1,5,0,0,1,0,0,0,1,0,795097,3857,5825610,848
213570,11,2,2300314,2021,7,21,2,2,2,6,1,1,0,0,0,0,1,0,799881,9783,5825903,753
213569,11,4,4501148,2021,7,1,7,3,8,1,2,0,1,0,0,0,0,1,793115,959,5822994,121
213568,11,4,4501044,2021,6,10,2,3,1,5,0,1,1,0,0,0,0,0,793149,7338,5825208,982
213567,11,3,3300517,2021,6,15,6,3,6,7,0,0,1,1,0,0,0,0,802090,534,5833648,329
213566,11,4,4501148,2021,6,14,3,3,6,2,0,0,1,1,0,0,0,0,793331,9056,5823074,445
213565,11,7,7100102,2021,6,8,3,2,5,3,0,1,1,0,0,0,0,0,795425,2837,5825488,2
213564,11,6,6200421,2021,6,17,7,3,1,5,0,1,1,0,0,0,0,0,793511,1408,5818067,234
213563,11,12,12400617,2021,6,13,1,3,5,3,0,1,1,0,0,0,0,0,786051,8279,5839054,137
213562,11,1,1100313,2021,7,13,1,3,0,1,0,0,0,0,1,0,0,0,799664,4967,5827043,52
213561,11,2,2400625,2021,6,17,6,3,5,2,0,0,1,0,1,0,0,0,801367,1032,5826761,873
213560,11,9,9301228,2021,6,11,1,3,5,2,0,1,1,0,0,0,0,0,817076,5957,5812818,33
213559,11,7,7100101,2021,5,19,4,3,6,7,0,0,1,1,0,0,0,0,794695,8932,5825759,44
213558,11,2,2100104,2021,6,10,4,3,5,2,0,1,1,0,0,0,0,1,798939,8616,5826349,843
213557,11,1,1400937,2021,7,14,3,3,5,7,0,1,1,0,0,0,0,0,793446,24,5830049,231
213556,11,3,3300514,2021,7,12,4,3,2,7,0,0,1,0,0,0,0,1,801744,906,5836326,14
213555,11,10,10400938,2021,6,12,5,3,3,6,0,1,0,0,0,0,1,0,814685,929,5829820,51
213554,11,4,4100102,2021,5,21,1,3,3,6,1,0,1,0,1,0,0,0,791136,601,5829164,372
213553,11,12,12500929,2021,6,10,5,3,8,1,0,0,1,0,0,0,0,0,795547,7503,5838790,75
213552,11,9,9401329,2021,6,17,4,3,5,2,0,1,1,0,0,0,0,0,811415,728,5819575,163
213551,11,4,4200310,2021,6,8,3,3,1,5,0,1,1,0,0,0,0,0,789378,6855,5826734,32
213550,11,1,1100310,2021,6,18,7,3,2,6,0,1,0,0,0,0,0,0,799402,4937,5828048,554
213549,11,11,11200512,2021,6,17,1,3,0,5,0,1,1,0,0,0,0,0,804099,2049,5831522,143
213548,11,6,6200421,2021,6,14,3,3,0,7,0,0,0,0,1,0,1,0,793633,7659,5817661,94
213547,11,1,1200522,2021,6,17,4,2,5,3,0,1,1,0,0,0,0,0,794221,5571,5828332,188
213546,11,4,4300623,2021,6,14,2,3,2,6,0,0,1,0,0,0,0,0,792447,155,5826117,96
213545,11,9,9501737,2021,7,20,2,3,8,1,1,0,1,0,0,0,0,0,813823,4832,5821771,285
213544,11,8,8100104,2021,6,19,4,2,2,6,0,0,1,0,1,0,0,0,800833,5501,5822568,37
213543,11,1,1300733,2021,7,14,5,3,3,6,0,1,1,0,0,0,0,0,797566,1981,5831857,264
213542,11,10,10100313,2021,7,16,5,3,5,2,0,0,1,0,0,0,0,1,808498,7597,5831153,223
213541,11,6,6100205,2021,6,10,5,3,2,6,0,0,1,0,0,0,0,0,795299,9455,5819938,598
213540,11,4,4400835,2021,6,18,5,3,0,3,0,0,1,0,1,0,0,0,793381,9556,5821960,303
213539,11,5,5100315,2021,6,15,5,3,3,6,0,0,1,0,0,1,0,0,784838,301,5829568,332
213538,11,7,7300516,2021,6,17,2,3,1,5,0,1,1,0,0,0,0,0,793697,5242,5822029,544
213537,11,2,2500835,2021,5,8,2,3,5,3,0,1,1,0,0,0,0,0,802888,258,5825965,147
213536,11,1,1401048,2021,6,16,6,3,6,4,0,0,1,1,0,0,0,0,795597,52,5830977,937
213535,11,4,4500937,2021,6,19,6,3,5,2,0,1,1,0,0,0,0,0,791015,5775,5824859,684
213534,11,1,1100309,2021,6,18,3,3,5,2,0,1,0,0,1,0,0,0,799028,1701,5828938,718
213533,11,9,9200715,2021,6,19,6,3,5,2,0,1,1,0,0,0,0,0,808471,1623,5819063,128
213532,11,2,2200208,2021,6,13,1,3,3,6,0,0,1,0,1,0,0,0,797541,3214,5824998,973
213531,11,3,3300412,2021,5,7,6,2,5,2,0,1,1,0,0,0,0,0,802349,5985,5838815,127
213530,11,11,11400931,2021,6,15,4,3,5,2,0,1,1,0,0,0,0,0,805731,9303,5827192,393