OBJECTID,LAND,BEZ,LOR_ab_2021,UJAHR,UMONAT,USTUNDE,UWOCHENTAG,UKATEGORIE,UART,UTYP1,ULICHTVERH,IstRad,IstPKW,IstFuss,IstKrad,IstGkfz,IstSonstige,USTRZUSTAND,LINREFX,LINREFY,XGCSWGS84,YGCSWGS84
213529,11,11,11501238,2021,7,15,7,3,5,3,0,1,1,0,0,0,0,0,805885,1899,5824478,251
213528,11,5,5100316,2021,5,16,3,3,5,7,0,0,1,0,0,0,0,0,784347,4334,5828913,644
213527,11,12,12500824,2021,6,9,3,3,1,5,0,1,1,0,0,0,0,0,790733,3498,5835392,312
213526,11,4,4501041,2021,7,14,3,3,2,2,0,0,1,0,0,0,1,0,793126,2816,5825381,926
213525,11,6,6200423,2021,7,10,7,2,5,3,0,0,1,0,1,0,0,0,795221,1494,5816182,131
213524,11,1,3400721,2021,6,13,2,3,2,2,0,0,1,0,0,0,0,0,797716,728,5832896,218
213523,11,9,9501939,2021,6,11,6,3,2,6,0,0,1,0,0,0,1,0,810652,5549,5821072,908
213522,11,7,7400721,2021,6,18,5,3,5,2,0,1,0,0,1,0,0,0,797208,3892,5823085,974
213521,11,7,7501030,2021,6,14,2,3,5,3,0,0,1,0,1,0,0,0,797765,9232,5819760,572
213520,11,6,6400737,2021,6,12,3,2,5,3,0,1,1,0,0,0,0,0,784242,7139,5815863,812
213519,11,1,1100310,2021,6,23,7,3,6,7,2,0,1,1,0,0,0,0,798519,2382,5828098,227
213518,11,1,1100206,2021,6,12,7,3,0,1,0,1,0,0,0,0,0,0,798107,5212,5827876,886
213517,11,2,2500726,2021,7,11,7,3,6,4,0,0,1,1,0,0,0,0,802006,9919,5828946,174
213516,11,3,3300413,2021,6,17,4,3,9,1,0,0,0,0,1,0,0,0,802910,881,5837579,15
213515,11,2,2100102,2021,6,23,6,3,1,5,2,1,1,0,0,0,0,0,798087,1618,5826490,629
213514,11,10,10400940,2021,5,9,4,3,5,3,0,0,1,0,0,0,0,0,811989,1927,5826852,55
213513,11,1,1300836,2021,6,14,4,3,1,5,0,1,1,0,0,0,0,1,796935,5628,5831408,683
213512,11,9,9200510,2021,7,12,2,2,1,7,0,0,1,0,0,0,0,0,806023,9627,5822295,882
213511,11,6,6100205,2021,7,19,4,3,5,3,1,0,1,0,0,0,0,0,796061,807,5819859,232
213510,11,4,4500938,2021,6,13,4,2,0,1,0,1,0,0,0,0,0,0,792304,5744,5825238,19
213509,11,11,11501339,2021,5,13,7,3,5,3,0,1,1,0,0,0,0,0,806810,1807,5824857,249
213508,11,12,12100205,2021,6,11,5,3,9,1,0,1,0,0,0,0,0,0,794246,7362,5835450,475
213507,11,9,9401635,2021,6,15,4,3,5,2,0,1,1,0,0,0,0,0,816644,8554,5817429,358
213506,11,11,11200514,2021,6,17,4,3,5,2,0,1,1,0,0,0,0,0,805028,6925,5830429,662
213505,11,12,12200310,2021,6,13,7,3,5,2,0,1,1,0,0,0,0,0,792080,1366,5832942,465
213504,11,6,6100208,2021,6,8,4,3,6,3,0,0,1,1,0,0,0,0,794767,7897,5820487,976
213503,11,1,1300835,2021,6,16,3,3,5,3,0,1,1,0,0,0,0,0,796971,373,5830138,873
213502,11,6,6400841,2021,6,8,2,3,5,3,0,0,1,0,1,0,0,0,789712,5508,5818427,581
213501,11,4,4300622,2021,6,20,1,3,1,5,0,1,1,0,0,0,0,0,793681,9095,5826206,469
213500,11,4,4501045,2021,7,12,1,3,1,5,0,0,1,0,0,0,1,0,794330,8376,5825263,844
213499,11,10,10100103,2021,6,17,1,3,5,3,0,1,1,0,0,0,0,0,809866,7994,5833923,537
213498,11,8,8100314,2021,7,20,5,2,5,3,1,1,1,0,0,0,0,0,801285,3405,5823825,85
213497,11,3,3500934,2021,7,21,4,3,6,4,1,1,0,1,0,0,0,0,800370,72,5831673,981
213496,11,11,11100309,2021,7,8,4,3,2,6,0,0,1,0,0,0,0,1,805190,5183,5833165,291
213495,11,10,10100312,2021,6,13,5,3,9,6,0,0,1,0,0,0,0,0,808496,299,5829483,192
213494,11,3,3601243,2021,6,13,5,2,5,2,0,1,0,0,0,0,1,0,799673,444,5831253,871
213493,11,1,1100205,2021,5,18,1,3,5,3,0,1,1,0,0,0,0,0,797158,6735,5826452,631
213492,11,2,2200207,2021,6,9,6,3,0,3,0,1,1,0,0,0,0,0,797101,2089,5824720,984
213491,11,6,6100102,2021,6,15,5,3,2,6,0,0,1,0,0,0,0,0,793681,1313,5820597,27
213490,11,9,9100407,2021,6,18,3,3,6,4,0,0,0,1,0,0,1,0,805855,547,5819481,74
213489,11,2,2200209,2021,6,10,6,2,3,6,0,0,1,0,1,0,0,0,797736,1056,5824024,47
213488,11,4,4300517,2021,6,15,2,3,5,3,0,0,1,0,1,0,0,0,791913,6987,5828214,923
213487,11,3,3300514,2021,5,19,5,3,5,3,0,1,1,0,0,0,0,1,801614,7901,5836179,875
213486,11,3,3601142,2021,6,17,4,3,3,6,0,1,0,0,0,0,0,0,798581,6263,5830262,945
213485,11,1,1100415,2021,5,21,1,3,0,1,1,1,0,0,0,0,0,0,798289,3275,5829368,325
213484,11,8,8200832,2021,6,11,2,3,2,6,0,0,1,0,0,0,0,0,801389,8772,5817262,127
213483,11,11,11100203,2021,7,7,2,2,5,2,0,0,1,0,1,0,0,0,807655,433,5833603,323
213482,11,2,2200210,2021,6,17,5,3,3,6,0,1,1,0,0,0,0,0,798491,247,5824759,411
213481,11,7,7601442,2021,7,17,6,3,5,3,0,0,1,0,0,0,0,0,798805,7292,5815847,476
213480,11,1,1100206,2021,7,14,6,3,2,6,0,1,1,0,0,0,0,1,797504,2745,5827546,81
213479,11,2,2400623,2021,6,7,5,3,1,5,0,0,1,0,0,0,0,0,800694,9532,5827712,415
213478,11,3,3701554,2021,6,20,2,3,3,6,0,0,1,0,1,0,0,0,799209,2779,5829255,745
213477,11,5,5200629,2021,5,13,2,3,5,2,0,1,1,0,0,0,0,0,783859,3498,5828695,659
213476,11,7,7601546,2021,6,15,6,3,6,7,0,1,0,1,0,0,0,0,799203,1635,5812420,969
213475,11,9,9501736,2021,6,13,6,2,0,7,0,1,0,0,0,0,0,0,813668,2383,5820769,669
213474,11,12,12500825,2021,7,11,6,2,5,3,0,0,1,0,1,0,0,0,792347,8706,5835049,568
213473,11,5,5100314,2021,6,5,4,3,0,7,0,0,0,0,1,0,0,0,785262,8084,5829819,612
213472,11,5,5300736,2021,6,13,6,3,5,7,0,1,1,0,0,0,0,0,785711,7396,5829289,678
213471,11,2,2500727,2021,6,12,2,3,1,5,0,1,1,0,0,0,0,0,802623,227,5827855,929
213470,11,4,4501042,2021,5,5,6,3,0,2,0,0,0,0,0,0,1,0,793967,6878,5826143,512
213469,11,7,7501133,2021,6,14,4,3,0,7,0,0,1,0,1,0,0,0,797939,9452,5818020,154
213468,11,1,1200628,2021,7,11,1,3,6,7,0,0,1,1,0,0,0,0,796294,566,5828296,474
213467,11,7,7200308,2021,5,15,3,3,5,3,0,1,1,0,0,0,0,0,794823,9411,5823579,788
213466,11,1,1100102,2021,6,20,3,3,2,2,1,1,0,0,0,0,0,0,795136,996,5827076,76
213465,11,5,5100313,2021,7,15,2,3,2,6,0,0,1,0,0,0,1,0,785380,524,5830642,59
213464,11,3,3300413,2021,7,7,3,3,5,3,0,1,1,0,0,0,0,0,803485,5723,5838540,317
213463,11,1,1100310,2021,7,17,7,3,2,6,0,1,1,0,0,0,0,0,799124,8789,5828465,585
213462,11,1,1100207,2021,6,15,3,2,5,3,0,1,1,0,0,0,0,0,797897,1001,5826570,37
213461,11,6,6400735,2021,6,8,6,2,5,2,0,1,1,0,0,0,0,0,781105,7205,5812640,3
213460,11,6,6100204,2021,6,11,4,2,0,5,0,1,1,0,0,0,0,0,795392,7249,5820057,343
213459,11,1,1300733,2021,7,0,6,3,5,2,2,0,1,0,0,0,0,1,797356,4809,5831199,2
213458,11,4,4100102,2021,7,15,6,3,2,6,0,0,1,0,0,0,0,0,791214,6214,5829143,609
213457,11,1,1100309,2021,6,12,5,3,0,5,0,1,1,0,0,0,0,0,798628,3236,5828830,764
213456,11,4,4500939,2021,6,2,5,2,9,1,2,0,0,0,1,0,0,0,792428,5844,5824110,18
213455,11,2,2400623,2021,6,17,2,3,1,5,0,1,1,0,0,0,0,0,800606,2012,5827130,678
213454,11,1,1200520,2021,5,13,2,3,2,7,0,0,1,0,1,0,0,0,794549,3136,5828933,183
213453,11,8,8401242,2021,6,17,6,3,5,3,0,0,1,0,0,0,0,0,805267,1383,5817251,942
213452,11,7,7400823,2021,6,16,6,2,0,2,0,0,1,0,1,0,0,0,797356,965,5822008,998
213451,11,3,3701660,2021,6,7,4,3,5,3,0,1,1,0,0,0,0,0,800509,1509,5829712,318
213450,11,10,10200629,2021,5,7,6,3,5,3,0,1,1,0,0,0,0,0,810356,852,5827951,529
213449,11,1,1100311,2021,6,18,4,3,5,2,0,1,1,0,0,0,0,0,799607,8496,5827989,668
213448,11,5,5100313,2021,7,13,1,3,2,6,0,0,1,0,0,0,0,0,785418,635,5830400,616
213447,11,5,5200528,2021,5,19,3,2,5,2,0,0,1,0,0,0,0,0,783793,9409,5826303,25
213446,11,4,4400835,2021,6,12,3,3,1,5,0,1,0,0,0,0,1,0,793047,4241,5822299,206
213445,11,11,11100205,2021,7,14,3,3,5,3,0,1,1,0,0,0,0,0,805772,7795,5834046,32
213444,11,8,8100417,2021,7,13,6,3,5,3,0,0,1,0,0,0,0,1,802048,7696,5822746,56
213443,11,12,12400721,2021,6,16,2,3,5,3,0,1,1,0,0,0,0,0,790285,469,5840139,228
213442,11,11,11100308,2021,6,18,6,3,0,6,0,0,0,0,1,0,1,0,804522,4819,5833372,471
213441,11,3,3601244,2021,6,10,3,3,5,2,0,0,1,0,0,0,0,0,800104,2265,5831694,818
213440,11,5,5100316,2021,6,13,3,3,0,3,0,0,1,0,1,0,0,0,784796,5899,5828787,655
213439,11,8,8100418,2021,6,10,7,2,5,3,0,0,1,0,0,0,0,0,801661,237,5823962,764
213438,11,8,8100313,2021,6,19,7,3,0,1,0,1,0,0,0,0,1,0,801842,5642,5824433,672
213437,11,2,2400521,2021,7,10,7,3,5,3,0,1,0,0,0,0,0,0,800906,6774,5828049,569
213436,11,6,4400835,2021,6,16,6,3,5,3,0,1,1,0,0,0,0,0,792762,237,5821724,11
213435,11,6,6400841,2021,6,12,2,3,2,6,0,0,1,0,0,0,0,0,789711,4972,5818424,957
213434,11,11,11200515,2021,5,14,4,3,5,3,0,1,1,0,0,0,0,0,806015,1108,5830619,868
213433,11,4,4300623,2021,6,12,4,3,5,2,0,1,1,0,0,0,0,1,792534,705,5826113,583
213432,11,1,1200624,2021,7,6,2,3,5,2,0,0,1,0,0,1,0,0,795666,1742,5829736,196
213431,11,1,1300732,2021,7,11,4,2,6,2,0,0,1,1,0,0,0,1,797707,645,5832885,547
213430,11,2,2400623,2021,6,12,4,3,5,3,0,1,0,0,0,0,1,0,800611,6146,5827117,893
213429,11,11,11200513,2021,5,15,7,3,1,5,0,1,1,0,0,0,0,0,804760,5465,5831081,46
213428,11,8,8100105,2021,6,16,5,3,4,6,0,0,1,0,0,0,1,0,800490,29,5821803,456
213427,11,7,7100205,2021,6,8,4,3,5,3,0,1,0,0,0,0,1,0,796014,7606,5824976,449
213426,11,8,8200831,2021,6,10,3,3,5,7,0,0,1,0,0,0,1,0,800018,1937,5817056,753
213425,11,9,9200510,2021,6,15,7,3,5,2,0,1,1,0,0,0,0,0,806092,1043,5823415,922
213424,11,5,5300841,2021,6,6,3,2,3,6,0,0,1,0,1,0,0,0,789527,2606,5829288,78
213423,11,10,10200420,2021,6,14,4,2,6,4,0,0,1,1,0,0,0,0,811155,3681,5830750,82
213422,11,3,3400828,2021,6,13,2,3,5,3,0,1,0,0,0,0,0,0,800065,4693,5832610,364
213421,11,1,1100207,2021,6,18,1,3,5,3,0,0,1,0,0,0,0,0,797892,6009,5826671,194
213420,11,11,11400927,2021,7,1,1,2,0,1,2,1,0,0,0,0,0,0,803862,5353,5826809,165
213419,11,6,6400841,2021,6,14,7,3,1,5,0,0,1,0,0,0,0,0,789463,7293,5818435,327
213418,11,8,8300935,2021,7,17,5,3,2,6,0,0,1,0,0,0,0,1,803152,7489,5817381,97
213417,11,2,2200209,2021,7,17,5,3,3,6,0,1,0,0,0,0,0,0,797149,7765,5823997,444
213416,11,8,8100312,2021,6,10,5,3,2,6,0,0,1,0,0,0,0,0,801101,7952,5824131,865
213415,11,2,2400521,2021,6,7,2,3,0,1,0,1,0,0,0,0,1,0,800930,2089,5828517,694
213414,11,3,3200310,2021,5,18,1,2,5,2,0,0,1,0,1,0,0,0,799646,4324,5837827,91
213413,11,8,8100314,2021,6,12,6,3,1,5,0,1,1,0,0,0,0,0,800666,1062,5824338,381
213412,11,8,8401241,2021,6,17,4,3,2,6,0,1,1,0,0,0,0,0,803810,7813,5818820,413
213411,11,3,3100103,2021,6,9,3,3,6,2,0,0,1,1,0,0,0,0,804233,9505,5841124,908
213410,11,5,5100105,2021,6,20,2,3,5,3,0,0,1,0,0,0,0,0,785095,1565,5831659,59
213409,11,9,9501737,2021,6,20,2,3,5,3,0,1,0,0,0,0,0,0,815026,707,5821287,114
213408,11,1,1400937,2021,5,16,5,2,0,7,0,0,1,0,0,0,0,1,793704,8339,5832236,47
213407,11,1,1100309,2021,6,17,4,3,0,6,0,1,1,0,0,0,0,0,798691,8415,5828663,988
213406,11,8,8100208,2021,5,14,2,3,5,3,0,1,0,0,0,0,1,0,801509,6203,5823004,358
213405,11,1,1300733,2021,6,15,2,3,0,7,0,1,0,1,0,0,0,0,797821,6849,5831789,246
213404,11,4,4501042,2021,7,16,2,3,5,3,0,1,0,0,0,0,1,0,794006,7194,5826190,592
213403,11,5,5100211,2021,7,19,6,3,5,2,0,0,1,0,1,0,0,0,783241,408,5830279,425
213402,11,8,8100415,2021,7,20,6,3,1,5,0,1,1,0,0,0,0,0,801379,1772,5823737,951
213401,11,7,7601544,2021,6,10,6,3,5,2,0,0,1,0,0,0,0,0,799793,7792,5813977,341
213400,11,9,9200715,2021,6,1,5,2,0,1,2,1,0,0,0,0,0,0,807674,319,5819370,407
213399,11,6,6300631,2021,6,13,2,2,0,1,0,1,0,0,0,0,0,0,792382,422,5816558,923
213398,11,2,2500832,2021,5,8,2,3,5,2,0,1,1,0,0,0,0,0,803645,5551,5827395,421
213397,11,3,3400828,2021,6,13,6,3,6,7,0,0,0,1,0,0,1,0,799855,951,5831851,349
213396,11,9,9200716,2021,6,13,6,3,5,2,0,1,1,0,0,0,0,0,808885,6676,5819338,969
213395,11,4,4400727,2021,7,7,6,3,5,2,0,1,1,0,0,0,0,1,791122,541,5823173,159
213394,11,1,1100310,2021,6,7,4,2,5,7,0,0,1,0,1,0,0,0,799316,441,5827569,3
213393,11,10,10100311,2021,6,12,6,2,6,4,0,0,0,1,0,0,1,0,806503,1616,5829455,706
213392,11,6,6200316,2021,5,19,6,3,0,7,0,1,0,1,0,0,0,0,796120,6057,5817652,688
213391,11,10,10300731,2021,6,6,5,3,5,3,0,1,1,0,0,0,0,0,809121,3125,5829722,373
213390,11,9,9100304,2021,7,3,1,2,9,1,2,0,1,0,0,0,0,0,804322,4083,5821631,48
213389,11,2,2400623,2021,5,7,3,3,5,3,0,1,0,0,0,0,0,1,800619,4752,5827307,668
213388,11,1,1100207,2021,6,15,3,3,5,3,0,0,1,0,0,0,0,0,797903,8802,5826568,723
213387,11,2,2500726,2021,7,18,2,3,5,2,0,1,0,0,0,0,1,0,801863,613,5828981,949
213386,11,1,1200518,2021,7,10,3,3,1,5,0,0,1,0,0,0,0,0,793537,5826,5828226,124
213385,11,5,5200629,2021,5,6,6,3,6,4,0,0,1,1,0,0,0,1,784404,8984,5828664,885
213384,11,7,7200308,2021,6,14,4,3,2,6,0,1,1,0,0,0,0,0,794992,879,5823538,837
213383,11,4,4300518,2021,7,13,7,2,0,1,0,1,0,0,0,0,0,0,792075,3272,5828590,112
213382,11,4,4100102,2021,6,21,2,2,5,2,1,0,1,0,0,0,0,0,791427,5798,5829179,889
213381,11,5,5100314,2021,6,15,6,2,6,4,0,0,0,1,1,0,0,0,785151,1808,5829587,507
213380,11,10,10100104,2021,6,13,3,3,6,4,0,0,1,1,0,0,0,0,810283,4164,5833624,57
213379,11,1,1200522,2021,6,10,3,3,1,5,0,1,1,0,0,0,0,0,794016,1089,5828226,488
213378,11,8,8100209,2021,6,0,1,3,5,3,2,0,1,0,0,0,0,0,801308,6054,5822235,722
213377,11,2,2200210,2021,6,16,6,3,2,6,0,1,1,0,0,0,0,0,798312,1219,5825014,49
213376,11,8,8200623,2021,7,11,7,3,5,2,0,0,1,0,0,0,0,0,802624,3185,5820751,19
213375,11,1,1400937,2021,6,16,7,3,1,5,0,1,1,0,0,0,0,0,793677,7824,5830072,848
213374,11,1,1100103,2021,5,11,4,3,2,6,0,0,1,0,0,1,0,0,795322,7908,5826145,76
213373,11,12,12500927,2021,6,20,3,3,5,3,0,1,1,0,0,0,0,1,792990,2973,5835646,467
213372,11,1,1200520,2021,7,13,3,3,0,6,0,0,1,0,1,0,0,0,794586,7177,5828474,398
213371,11,5,5200630,2021,7,9,4,3,2,6,0,0,1,0,0,0,0,1,784422,3508,5827252,905
213370,11,1,1200517,2021,6,10,5,2,5,3,0,0,1,0,1,0,0,0,792963,8631,5828578,309
213369,11,9,9300923,2021,5,14,1,3,5,3,0,0,1,0,0,0,0,0,808682,3345,5815212,685
213368,11,1,1100101,2021,6,17,5,2,5,2,0,1,0,0,1,0,0,0,795127,4324,5826490,258
213367,11,10,10400938,2021,6,20,5,2,5,3,0,0,0,0,1,0,1,0,813220,6622,5828941,283
213366,11,7,7100206,2021,6,9,3,3,0,1,0,0,0,0,1,0,0,0,796253,633,5824303,206
213365,11,5,5100315,2021,6,23,7,3,0,7,2,0,0,0,0,0,1,0,784338,838,5830013,88
213364,11,12,12100204,2021,6,15,3,3,1,5,0,1,1,0,0,0,0,0,795035,467,5832505,742
213363,11,1,1200519,2021,6,16,3,3,5,2,0,1,0,0,0,0,1,0,793702,5026,5828490,89
213362,11,6,6200313,2021,6,20,2,3,5,2,0,0,1,0,0,0,0,0,795726,7277,5818909,584
213361,11,1,1401047,2021,7,20,1,3,5,3,0,0,1,0,0,0,0,0,795525,4679,5830737,462
213360,11,8,8100208,2021,6,14,7,3,2,6,0,0,1,0,0,0,0,0,801633,5101,5822640,49
213359,11,9,9501838,2021,6,10,2,1,5,3,0,1,1,0,0,0,0,0,818785,631,5822133,61
213358,11,4,4501045,2021,6,8,3,3,5,2,0,1,1,0,0,0,0,0,793503,5078,5825308,52
213357,11,6,6300525,2021,6,18,1,3,6,7,0,0,1,1,0,0,0,0,789548,2478,5815505,298
213356,11,2,2200213,2021,6,14,6,3,6,7,0,0,0,1,1,0,0,0,799725,2896,5825280,267
213355,11,6,6100206,2021,7,17,6,3,2,6,0,0,1,0,0,0,0,0,794802,1281,5819824,77
213354,11,1,1100313,2021,6,16,7,3,5,2,0,1,1,0,0,0,0,0,800442,2356,5826721,489
213353,11,12,12400721,2021,5,16,4,3,0,1,0,0,0,0,1,0,0,1,791056,9761,5840133,637
213352,11,10,10200630,2021,6,20,3,3,5,3,0,1,1,0,0,0,0,1,811432,6681,5829132,522
213351,11,7,7501031,2021,7,15,3,3,2,6,0,0,1,0,0,0,0,0,798923,9789,5819498,42
213350,11,1,1401049,2021,7,8,4,3,5,3,0,1,1,0,0,0,0,1,795944,1978,5831560,644
213349,11,7,7100206,2021,6,11,4,3,5,2,0,1,0,0,0,1,0,0,796640,5965,5824832,842
213348,11,3,3701554,2021,5,16,7,3,3,6,0,1,0,0,0,0,1,0,799162,121,5829196,758
213347,11,5,5300840,2021,6,10,5,3,3,6,0,0,1,0,0,1,0,0,788795,8137,5829331,2
213346,11,2,2200210,2021,6,21,4,3,5,3,0,0,1,0,0,0,0,0,798711,4146,5824700,6
213345,11,8,8100103,2021,6,5,4,3,2,6,0,0,1,0,0,1,0,0,800664,191,5823007,32
213344,11,11,11300617,2021,6,16,7,3,2,6,0,0,1,0,0,0,0,0,803103,19,5829561,98
213343,11,11,11300617,2021,6,15,3,2,2,6,0,0,1,0,0,0,0,0,803313,281,5829635,209
213342,11,8,8100415,2021,6,16,4,2,5,3,0,0,1,0,0,0,0,0,801824,764,5823635,958
213341,11,7,7300618,2021,6,18,2,2,5,3,0,0,1,0,1,0,0,0,794931,2427,5822637,119
213340,11,2,2500832,2021,7,16,1,2,6,4,0,1,0,1,0,0,0,0,803469,2798,5827419,416
213339,11,11,11100204,2021,6,17,1,3,0,1,0,1,0,0,0,0,0,0,806891,355,5832640,361
213338,11,1,1200522,2021,6,19,4,3,2,6,0,1,1,0,0,0,0,1,794466,556,5828354,53
213337,11,12,12400616,2021,7,18,4,3,1,1,0,1,1,0,0,0,0,1,786871,8328,5832725,374
213336,11,6,6200315,2021,6,8,5,3,2,2,0,0,1,0,1,0,0,0,795446,431,5817843,542
213335,11,6,6400838,2021,5,9,1,2,0,1,0,1,0,0,0,0,0,0,787251,7455,5818338,114
213334,11,7,7601341,2021,6,11,6,3,5,2,0,0,1,0,0,0,0,0,797669,274,5815465,338
213333,11,5,5300737,2021,6,21,5,3,1,5,1,0,1,0,0,0,1,0,787558,7953,5829435,271
213332,11,1,1100313,2021,6,17,3,3,5,3,0,1,1,0,0,0,0,0,799769,3999,5826563,701
213331,11,4,4501045,2021,6,8,2,3,2,2,0,0,1,0,1,0,0,0,793472,7295,5824731,127
213330,11,2,2100104,2021,5,8,5,3,6,4,0,1,0,1,0,0,0,0,799293,63,5826154,942
213329,11,4,4200310,2021,6,16,4,3,0,5,0,1,1,0,0,0,0,0,789853,7251,5826346,789
213328,11,7,7300515,2021,5,17,1,3,0,2,0,1,1,0,0,0,0,1,793471,8653,5822275,99
213327,11,3,3500936,2021,6,22,2,3,2,6,2,0,1,0,1,0,0,0,802701,725,5831824,874
213326,11,1,1100101,2021,7,15,2,3,5,2,0,1,1,0,0,0,0,0,795256,9678,5826619,508
213325,11,4,4300619,2021,7,20,6,2,0,7,0,0,0,0,0,0,1,0,792143,9164,5827351,874
213324,11,1,1200623,2021,7,21,6,3,0,1,1,0,0,0,0,0,1,1,795220,2264,5829334,867
213323,11,6,6400843,2021,6,15,5,3,6,4,0,0,1,1,0,0,0,0,791114,4726,5819335,981
213322,11,7,7501030,2021,6,8,5,3,6,4,0,0,0,1,0,0,1,0,797810,6359,5820142,376
213321,11,1,1200627,2021,6,15,2,3,3,2,0,0,1,0,1,0,0,0,795989,3283,5828715,695
213320,11,7,8200725,2021,5,14,2,3,5,2,0,1,1,0,0,0,0,0,799812,8588,5819027,797
213319,11,7,7300619,2021,6,22,6,3,1,7,1,0,1,0,0,0,0,0,795332,4179,5821560,796
213318,11,4,4501045,2021,6,14,6,3,5,3,0,1,1,0,0,0,0,0,793904,4046,5825083,572
213317,11,4,4200309,2021,7,11,6,3,0,1,0,1,0,0,0,0,0,1,788706,608,5826802,149
213316,11,10,10200420,2021,6,16,4,3,5,2,0,1,1,0,0,0,0,0,811658,4158,5830632,915
213315,11,6,6200315,2021,6,19,6,3,0,1,0,1,1,0,0,0,0,0,795281,3526,5817885,697
213314,11,2,2400522,2021,5,17,6,3,5,2,0,1,1,0,0,0,0,1,801401,7603,5828748,368
213313,11,5,5100316,2021,6,7,5,3,0,7,0,0,0,0,1,0,0,0,783595,3376,5829131,584
213312,11,8,8100314,2021,7,4,1,3,5,2,1,0,1,0,0,0,1,0,800336,3636,5824351,88
213311,11,4,4300414,2021,5,15,3,3,1,5,0,1,1,0,0,0,0,1,791627,9854,5826840,254
213310,11,7,7601544,2021,6,10,3,2,6,4,0,0,1,1,0,0,0,0,798802,9906,5814424,802
213309,11,9,9501939,2021,7,12,2,3,5,3,0,1,1,0,0,0,0,0,810430,1764,5821228,297
213308,11,3,3601451,2021,7,17,3,3,5,2,0,0,1,0,0,0,0,0,801202,6857,5829483,692
213307,11,6,6400735,2021,5,10,7,3,5,2,0,1,1,0,0,0,0,0,782021,1637,5815651,112
213306,11,9,9100306,2021,6,13,5,3,0,1,0,1,0,0,0,0,0,0,804432,1411,5819876,133
213305,11,4,4300624,2021,6,12,4,3,5,2,0,0,1,0,1,0,0,0,792986,1475,5826420,277
213304,11,2,2400625,2021,7,22,7,3,6,4,2,0,0,1,1,0,0,0,801696,4951,5826145,16
213303,11,12,12500930,2021,6,10,3,3,5,2,0,0,1,0,0,0,0,0,792353,573,5834071,566
213302,11,7,7200307,2021,6,23,6,3,3,6,2,1,1,0,0,0,0,0,794951,5866,5824611,518
213301,11,6,6300525,2021,6,7,3,3,3,7,0,1,0,0,0,0,0,0,790218,3139,5815055,619
213300,11,9,9501941,2021,6,21,3,3,0,3,1,0,1,0,1,0,0,0,811074,8299,5821222,132
213299,11,3,3500935,2021,6,11,1,3,5,7,0,0,1,0,1,0,0,0,801435,7845,5831562,699
213298,11,1,1200628,2021,6,18,2,3,0,2,0,1,1,0,0,0,0,0,796264,3337,5828532,361
213297,11,1,1100309,2021,7,20,1,3,1,5,1,0,1,0,0,0,1,0,798626,475,5828428,22
213296,11,5,5100313,2021,6,13,7,3,2,6,0,0,1,0,0,0,0,0,785383,9294,5830587,734
213295,11,12,12100204,2021,5,15,4,3,0,6,0,0,1,0,0,0,1,1,795596,921,5833133,991
213294,11,9,9100408,2021,6,17,4,3,5,2,0,1,1,0,0,0,0,1,806650,1459,5820407,13
213293,11,7,7400927,2021,7,18,3,2,1,5,0,1,1,0,0,0,0,0,797903,7065,5820807,193
213292,11,9,9100409,2021,7,17,4,3,5,2,0,1,1,0,0,0,0,0,805890,717,5818968,406
213291,11,2,2100102,2021,6,16,5,2,0,7,0,1,1,0,0,0,0,0,797983,7,5826473,527
213290,11,9,9502043,2021,6,12,2,3,5,2,0,1,1,0,0,0,0,0,811459,9443,5822935,685
213289,11,3,3400725,2021,5,12,2,2,5,7,0,1,0,0,0,0,1,0,798769,4734,5834930,673
213288,11,1,1100311,2021,6,20,5,3,2,3,0,0,1,0,0,0,0,0,799856,2113,5827492,76
213287,11,3,3400721,2021,6,15,4,3,2,6,0,0,1,0,0,0,1,0,797858,1022,5833044,236
213286,11,6,6400737,2021,6,8,3,3,6,7,0,0,1,1,0,0,0,0,784781,1386,5816118,875
213285,11,5,5100104,2021,6,8,1,2,0,1,0,1,0,0,0,0,0,0,785197,293,5831566,947
213284,11,10,10400938,2021,6,7,4,3,5,3,0,0,1,0,0,0,0,0,814263,302,5829286,78
213283,11,4,4400726,2021,6,18,4,3,5,3,0,1,1,0,0,0,0,0,790095,5447,5824242,513
213282,11,1,1300732,2021,6,15,2,3,1,5,0,1,1,0,0,0,0,0,797346,8844,5832381,461
213281,11,7,7501031,2021,7,16,2,3,5,7,0,0,1,0,0,0,1,0,798747,8632,5819878,496
213280,11,1,1300730,2021,6,18,7,3,1,5,0,0,1,0,1,0,0,0,796257,258,5832159,118
213279,11,9,9401329,2021,7,11,5,3,5,2,0,1,1,0,0,0,0,1,811684,246,5819981,232
213278,11,1,1200628,2021,7,19,5,2,0,1,0,1,0,0,0,0,0,0,796576,1732,5828699,931
213277,11,3,3300517,2021,6,15,6,1,8,1,0,0,0,0,1,0,0,0,803121,6712,5835432,576
213276,11,8,8100105,2021,6,14,2,3,6,2,0,0,1,1,0,0,0,0,801002,169,5822166,22
213275,11,6,6300634,2021,6,9,3,3,5,2,0,1,1,0,0,0,0,0,792932,8953,5817762,457
213274,11,1,1100207,2021,6,11,6,3,5,7,0,0,1,0,1,0,0,0,798406,8132,5826902,929
213273,11,3,3400724,2021,6,17,6,2,6,4,0,0,1,1,0,0,0,0,799548,1392,5834703,435