OBJECTID,LAND,BEZ,LOR_ab_2021,UJAHR,UMONAT,USTUNDE,UWOCHENTAG,UKATEGORIE,UART,UTYP1,ULICHTVERH,IstRad,IstPKW,IstFuss,IstKrad,IstGkfz,IstSonstige,USTRZUSTAND,LINREFX,LINREFY,XGCSWGS84,YGCSWGS84
213272,11,9,9200717,2021,6,11,3,3,5,3,0,0,1,0,0,0,0,0,809448,4232,5818695,132
213271,11,1,1100103,2021,6,15,6,3,5,3,0,0,1,0,1,0,0,0,796166,7889,5825981,9
213270,11,4,4501045,2021,6,15,2,3,5,3,0,0,1,0,0,0,0,0,794367,5935,5825045,622
213269,11,1,1100416,2021,5,7,5,2,5,3,0,1,1,0,0,0,0,0,798678,4759,5829460,555
213268,11,11,11300619,2021,6,17,4,3,0,5,0,1,1,0,0,0,0,0,803270,9576,5828976,27
213267,11,4,4200310,2021,7,15,1,3,5,3,0,1,1,0,0,0,0,0,789326,2015,5826845,891
213266,11,5,5200632,2021,5,11,2,3,9,7,0,1,1,0,0,0,0,0,785651,819,5828023,702
213265,11,2,2200209,2021,6,22,3,3,0,7,2,1,0,0,0,0,0,1,796790,1129,5823978,84
213264,11,5,5200528,2021,7,6,3,2,5,3,0,0,1,0,1,0,0,0,783421,8775,5826740,831
213263,11,3,3200309,2021,7,8,5,3,5,3,0,1,1,0,0,0,0,0,800169,2621,5837955,588
213262,11,9,9100203,2021,6,7,2,3,5,2,0,0,0,0,0,0,1,0,804103,7984,5823592,715
213261,11,5,5200528,2021,6,17,6,2,0,7,0,1,0,0,0,0,0,0,783509,7682,5825922,432
213260,11,8,8301037,2021,6,17,5,3,5,3,0,0,1,0,0,0,0,0,804538,9504,5817826,703
213259,11,11,11501238,2021,6,13,2,3,0,6,0,1,0,0,1,0,0,0,805569,8231,5824320,826
213258,11,11,11100204,2021,6,12,3,3,2,1,0,0,1,0,0,0,0,0,805945,383,5833671,412
213257,11,12,12100205,2021,6,9,7,3,3,2,0,1,1,0,0,0,0,0,795575,5654,5834582,672
213256,11,2,2200210,2021,6,9,7,3,2,6,0,0,1,0,0,0,1,0,798812,4088,5824674,34
213255,11,11,11300721,2021,7,13,6,3,5,2,0,0,0,0,0,0,1,0,804646,5075,5829089,577
213254,11,6,6100209,2021,7,10,5,3,2,6,0,0,1,0,0,0,0,1,794767,5636,5821055,791
213253,11,1,1100101,2021,7,17,5,3,2,2,0,0,1,0,0,0,0,1,795256,6166,5826620,866
213252,11,9,9401534,2021,6,12,5,3,5,2,0,1,0,0,0,0,1,0,811355,4079,5820027,996
213251,11,4,4400833,2021,5,16,1,2,2,6,0,0,1,0,1,0,0,0,791955,674,5822382,15
213250,11,1,1300732,2021,6,19,5,3,5,2,0,1,1,0,0,0,0,0,797526,6528,5832704,906
213249,11,2,2500835,2021,6,4,6,3,5,3,1,0,1,0,0,0,0,0,802437,2574,5826259,507
213248,11,4,4300623,2021,6,19,2,3,6,7,0,0,0,1,0,0,1,0,792181,336,5826330,534
213247,11,7,7300619,2021,6,12,1,2,5,2,0,0,1,0,0,0,0,0,795231,5284,5822272,862
213246,11,2,2400624,2021,5,17,5,3,5,3,0,1,1,0,0,0,0,1,801850,9502,5827221,988
213245,11,1,1300835,2021,6,16,4,3,5,2,0,1,1,0,0,0,0,0,797774,241,5829745,811
213244,11,4,4501042,2021,5,2,2,3,5,5,2,0,1,0,0,0,0,0,793917,9855,5825618,59
213243,11,1,1200520,2021,6,12,2,2,6,2,0,0,1,1,0,0,0,0,794555,853,5829074,547
213242,11,10,10300731,2021,7,17,2,3,5,7,0,1,1,0,0,0,0,0,809649,3119,5829701,505
213241,11,11,2500729,2021,7,16,6,3,6,7,0,1,0,1,0,0,0,0,803775,6902,5827706,868
213240,11,11,11100206,2021,6,16,5,3,0,6,0,0,0,0,1,0,1,0,805322,1702,5834808,468
213239,11,4,4501151,2021,6,16,5,3,2,6,0,0,1,0,0,0,1,0,793368,448,5823071,396
213238,11,6,6300528,2021,6,18,2,3,0,1,0,1,0,0,0,0,0,0,789630,284,5817037,282
213237,11,5,5200632,2021,5,8,2,3,5,2,0,0,1,0,0,0,1,0,785328,1984,5828211,182
213236,11,3,3400620,2021,6,15,6,2,0,2,0,1,1,0,0,0,0,0,797398,2036,5833964,793
213235,11,12,12601032,2021,6,22,7,3,1,5,2,0,1,0,0,0,1,0,792924,3043,5837538,12
213234,11,1,1300836,2021,7,22,6,3,6,4,2,0,1,1,0,0,0,0,796576,7678,5830507,82
213233,11,6,6100208,2021,6,12,3,2,5,3,0,0,1,0,0,0,0,0,794767,7945,5820497,704
213232,11,2,2100104,2021,6,16,6,3,2,6,0,0,1,0,0,0,0,0,799345,6544,5826191,388
213231,11,2,2100105,2021,7,20,1,3,3,6,1,1,0,0,0,0,0,0,799868,28,5825755,587
213230,11,1,1100308,2021,5,17,3,3,0,1,0,0,0,0,1,0,0,1,796789,646,5828824,52
213229,11,2,2100103,2021,6,19,3,3,5,3,0,0,1,0,1,0,0,0,798647,5045,5826409,707
213228,11,7,7100102,2021,7,11,3,3,2,6,0,0,1,0,0,0,0,0,794962,8202,5825418,108
213227,11,9,9501737,2021,7,11,3,3,5,3,0,1,1,0,0,0,0,0,814121,3252,5821604,181
213226,11,1,1300836,2021,6,7,4,3,0,2,0,1,1,0,0,0,0,0,796936,277,5830145,192
213225,11,2,2400521,2021,5,15,7,3,5,2,0,1,1,0,0,0,0,0,800718,1496,5827874,435
213224,11,7,7300517,2021,6,9,5,3,2,6,0,0,0,0,1,0,1,0,794252,5954,5822056,134
213223,11,9,9301025,2021,6,15,4,3,1,5,0,0,1,0,0,0,0,1,811385,382,5815575,717
213222,11,4,4500937,2021,7,23,7,3,2,2,2,0,1,1,1,0,0,0,791583,3768,5825102,561
213221,11,6,6100206,2021,6,12,2,3,6,2,0,0,1,1,0,0,0,0,795053,1295,5819615,868
213220,11,11,11400930,2021,6,12,6,3,5,2,0,0,1,0,0,0,0,0,806141,8404,5826706,679
213219,11,7,7501029,2021,6,10,3,3,2,6,0,0,1,0,0,0,0,0,797625,6966,5818749,1
213218,11,5,5100317,2021,6,5,4,3,5,2,0,1,0,0,0,0,1,0,788108,8378,5827861,867
213217,11,8,8100520,2021,6,21,7,3,2,6,1,0,1,0,0,0,0,0,803139,3219,5822754,504
213216,11,11,11200410,2021,6,10,2,3,5,2,0,0,1,0,0,0,1,0,805003,1968,5833002,962
213215,11,5,5100316,2021,7,11,1,3,5,3,0,0,1,0,1,0,0,0,785296,971,5829281,679
213214,11,6,6400839,2021,6,14,1,3,5,2,0,1,0,0,1,0,0,0,788472,5219,5818500,42
213213,11,7,7200307,2021,5,9,3,3,6,2,0,1,0,1,0,0,0,0,794629,4716,5824340,192
213212,11,4,4501041,2021,7,15,5,3,6,2,0,0,1,1,0,0,0,1,792962,9038,5825751,888
213211,11,7,7501134,2021,7,14,3,2,0,1,0,0,0,0,1,0,0,0,798933,5474,5817270,546
213210,11,8,8200624,2021,7,11,5,3,2,2,0,0,1,0,0,0,0,0,801370,4156,5820954,183
213209,11,4,4300619,2021,6,15,2,3,5,2,0,0,1,0,1,0,0,0,792765,9541,5827046,568
213208,11,4,4500939,2021,6,7,5,3,5,2,0,1,1,0,0,0,0,0,792199,1744,5824076,207
213207,11,8,8100311,2021,5,22,1,2,5,2,0,0,1,0,1,0,0,0,800663,9041,5824385,225
213206,11,9,9200613,2021,6,7,6,3,1,5,0,0,1,0,0,0,1,0,807194,6493,5821019,549
213205,11,10,10300731,2021,6,8,5,3,1,5,0,1,1,0,0,0,0,1,808983,6975,5828974,162
213204,11,7,7501134,2021,6,16,3,3,5,2,0,1,1,0,0,0,0,0,799062,1667,5818675,905
213203,11,4,4400833,2021,6,7,2,3,5,2,0,1,1,0,0,0,0,0,791981,923,5822381,74
213202,11,1,1401048,2021,5,16,5,3,4,6,0,0,1,0,0,0,0,1,795416,9508,5831350,229
213201,11,4,4501045,2021,6,20,4,2,5,2,0,1,1,0,0,0,0,0,793478,214,5824755,853
213200,11,8,8100417,2021,5,22,1,3,0,1,2,0,0,0,0,0,1,0,801697,8677,5822576,452
213199,11,5,5100317,2021,6,11,2,2,3,2,0,1,1,0,0,0,0,0,786235,908,5828467,745
213198,11,6,6200311,2021,7,10,2,3,2,6,0,0,1,0,1,0,0,1,796795,935,5818449,766
213197,11,2,2100105,2021,6,10,5,3,0,7,0,0,1,0,1,1,0,0,799598,9205,5825843,777
213196,11,9,9200717,2021,7,17,6,3,5,3,0,0,1,0,0,0,1,0,809470,3866,5819067,536
213195,11,2,2500833,2021,7,14,6,3,5,2,0,1,1,0,0,0,0,1,802109,3748,5827355,567
213194,11,5,5200633,2021,6,20,5,3,2,2,0,0,1,0,0,0,0,0,784742,1828,5826400,266
213193,11,5,5100101,2021,6,19,5,2,6,4,0,0,1,1,0,0,0,0,785334,635,5833393,54
213192,11,9,9100304,2021,6,21,2,3,5,3,1,1,1,0,0,0,0,0,804405,6426,5821739,422
213191,11,7,7400824,2021,5,11,2,3,6,4,0,0,1,1,0,0,0,0,797451,115,5821871,784
213190,11,3,3400619,2021,6,12,6,3,5,3,0,1,1,0,0,0,0,0,796179,796,5835521,479
213189,11,1,1401047,2021,6,19,6,3,0,1,0,1,0,0,0,0,0,0,795261,5932,5830471,421
213188,11,9,9200511,2021,6,16,4,3,2,6,0,1,1,0,0,0,0,0,806581,771,5822317,622
213187,11,10,10200628,2021,6,12,2,3,2,7,0,1,0,0,0,0,1,0,811412,9707,5829815,198
213186,11,1,1400938,2021,5,7,6,3,1,5,0,1,1,0,0,1,0,0,793791,6507,5830422,276
213185,11,5,5200423,2021,6,14,4,3,2,6,0,0,1,0,1,0,0,0,781683,894,5828418,961
213184,11,3,3601449,2021,7,4,1,3,5,3,1,0,1,0,0,0,1,0,801445,1862,5830946,384
213183,11,10,10100316,2021,5,10,3,3,0,6,0,0,0,0,0,0,1,1,810174,3951,5831747,783
213182,11,6,6400841,2021,6,23,3,3,5,3,2,0,1,0,0,0,0,1,789866,6667,5818783,952
213181,11,1,1100310,2021,7,15,3,3,6,7,0,0,0,1,0,0,1,0,799196,2836,5828260,786
213180,11,2,2200212,2021,7,11,7,3,6,4,0,1,0,1,0,0,0,0,799853,7697,5824464,715
213179,11,3,3601449,2021,6,16,2,3,1,5,0,1,1,0,0,0,0,0,801364,8589,5830301,175
213178,11,6,6400737,2021,6,7,6,3,5,3,0,1,1,0,0,0,0,0,786609,9842,5817441,64
213177,11,4,4501042,2021,6,23,2,3,2,2,2,0,1,0,0,0,0,0,793986,2782,5826171,933
213176,11,12,12200515,2021,6,10,3,3,6,7,0,0,0,1,0,1,0,0,790363,6584,5835305,377
213175,11,6,6400838,2021,6,13,7,3,2,2,0,1,1,0,0,0,0,1,787646,457,5818155,991
213174,11,1,1401046,2021,6,19,7,3,0,1,0,1,0,0,0,0,0,0,795415,4837,5829941,681
213173,11,3,3701554,2021,7,13,6,3,1,5,0,1,1,0,0,0,0,0,799075,334,5830207,69
213172,11,2,2400623,2021,6,15,5,3,0,2,0,1,1,0,0,0,0,0,800672,913,5827572,49
213171,11,1,1401047,2021,6,20,6,3,5,3,1,1,1,0,0,0,0,0,795353,5672,5830378,96
213170,11,11,11400927,2021,5,8,4,3,0,7,0,0,1,0,0,0,1,0,803925,4049,5826403,582
213169,11,6,6400736,2021,6,8,4,3,0,7,0,0,0,0,1,0,0,1,787514,3096,5816705,358
213168,11,2,2100104,2021,7,17,2,2,5,2,0,1,1,0,0,0,0,0,798693,8814,5826442,17
213167,11,10,10100311,2021,7,6,4,2,0,1,0,1,0,0,0,0,0,1,807475,2075,5829174,425
213166,11,1,1300733,2021,6,19,4,3,2,7,0,0,1,0,0,0,0,0,797530,6923,5831283,159
213165,11,5,5300839,2021,5,15,7,2,5,2,0,0,1,0,0,0,1,0,788902,9998,5830071,126
213164,11,12,12200307,2021,6,15,5,2,2,6,0,0,1,0,1,0,0,0,793406,685,5833207,693
213163,11,1,1100415,2021,6,15,4,3,0,1,0,0,0,0,1,0,0,1,797367,59,5829143,29
213162,11,7,7100103,2021,6,2,3,3,0,1,2,0,0,0,0,0,1,0,795888,637,5825530,243
213161,11,4,4501042,2021,6,11,7,3,2,2,0,1,1,0,0,0,0,0,793968,2401,5826144,582
213160,11,4,4300619,2021,6,16,3,3,5,2,0,1,1,0,0,0,0,0,792761,8482,5827053,713
213159,11,6,6100205,2021,6,16,4,3,2,6,0,0,1,0,0,0,0,0,795772,1202,5819909,706
213158,11,2,2200207,2021,6,13,2,3,6,4,0,0,1,1,0,0,0,0,796771,18,5826035,917
213157,11,12,12400723,2021,6,17,1,3,5,3,0,1,1,0,0,0,0,0,792172,9695,5838105,464
213156,11,1,1100310,2021,7,11,1,2,2,6,0,0,1,0,1,0,0,0,799513,1467,5828167,358
213155,11,12,12200308,2021,6,20,7,3,6,4,0,1,0,1,0,0,0,0,792553,1711,5833286,925
213154,11,4,4300412,2021,7,14,5,3,5,3,0,1,1,0,0,0,0,1,791570,6423,5827494,198
213153,11,4,4501149,2021,7,9,4,3,3,6,0,1,0,0,0,1,0,0,793483,6745,5824497,152
213152,11,2,2400625,2021,7,20,5,3,1,5,0,1,1,0,0,0,0,0,801141,509,5826588,116
213151,11,10,10100205,2021,6,7,5,3,5,3,0,0,1,0,0,0,0,0,807185,9918,5832502,4
213150,11,4,4501042,2021,6,15,4,3,2,2,0,0,1,0,0,0,0,0,794473,3186,5825841,627
213149,11,7,7400825,2021,6,14,6,2,5,7,0,1,1,0,0,0,0,0,797541,9775,5820777,546
213148,11,4,4400727,2021,6,8,2,3,1,5,0,0,1,0,0,0,0,0,790742,2435,5823027,91
213147,11,7,7200409,2021,6,12,4,3,5,2,0,1,1,0,0,0,0,0,795251,332,5824247,462
213146,11,7,7200307,2021,5,13,3,3,2,6,0,0,1,0,1,0,0,0,794943,606,5824353,945
213145,11,4,4501042,2021,6,20,3,3,2,6,0,0,1,0,1,0,0,1,793959,2304,5825920,933
213144,11,8,8100521,2021,7,17,2,3,2,6,0,0,1,0,0,0,0,0,802907,3827,5821888,915
213143,11,1,1100102,2021,7,9,4,3,3,6,0,0,1,0,0,1,0,1,794824,2366,5827341,972
213142,11,9,9200511,2021,6,19,4,3,2,6,0,0,1,0,0,0,0,0,806822,9351,5821995,314
213141,11,4,4500937,2021,5,9,7,3,0,6,0,0,1,0,0,0,1,0,791518,7633,5825076,706
213140,11,1,1100102,2021,6,13,5,3,5,2,0,1,1,0,0,0,0,0,796678,345,5827953,818
213139,11,7,7601544,2021,6,9,4,3,5,2,0,1,1,0,0,0,0,0,798635,4027,5814459,746
213138,11,3,3200205,2021,6,7,3,3,5,3,0,0,1,0,0,0,0,0,797872,6934,5836024,572
213137,11,1,1400937,2021,6,12,5,3,5,3,0,0,1,0,1,0,0,0,793771,5498,5831863,27
213136,11,9,9100304,2021,6,20,7,2,1,1,1,0,1,0,0,0,1,0,804080,2193,5821645,975
213135,11,8,8401242,2021,6,16,3,3,5,3,0,0,1,0,0,0,0,0,805276,136,5817241,199
213134,11,7,7200307,2021,6,12,4,2,5,2,0,1,1,0,0,0,0,0,794944,6464,5824304,957
213133,11,1,1200520,2021,6,17,2,2,5,2,0,1,1,0,0,0,0,0,794570,1888,5828435,23
213132,11,4,4200308,2021,6,14,7,3,0,7,0,0,0,0,1,0,0,0,788182,8467,5827833,689
213131,11,8,7501134,2021,7,12,7,2,2,6,0,0,1,0,1,0,0,0,799457,3768,5817752,112
213130,11,8,8200730,2021,6,16,1,3,1,5,0,0,1,0,0,1,0,0,801542,4845,5819191,776
213129,11,4,4501041,2021,5,16,3,3,3,6,0,0,1,0,0,0,0,1,793033,7656,5825373,375
213128,11,2,2300419,2021,7,15,5,3,0,7,0,1,0,0,0,0,0,1,801629,2216,5825913,301
213127,11,4,4200205,2021,7,21,4,3,1,3,1,1,1,0,0,0,1,0,788528,5762,5826920,488
213126,11,3,3500933,2021,7,19,4,3,5,2,0,1,0,0,1,0,0,0,802407,176,5832560,264
213125,11,3,3601346,2021,6,22,2,2,0,1,2,1,0,0,0,0,0,0,799278,3828,5830562,45
213124,11,3,3601141,2021,6,8,5,3,3,6,0,1,1,0,0,0,0,0,798818,3569,5831512,425
213123,11,9,9501737,2021,5,16,2,3,8,1,0,0,0,0,1,0,0,0,814204,55,5820811,873
213122,11,7,7200307,2021,6,14,5,3,1,5,0,1,1,0,0,0,0,0,794679,6767,5824257,173
213121,11,12,12400616,2021,6,13,5,2,1,1,0,0,1,0,0,0,0,0,786454,5803,5834535,865
213120,11,5,5300840,2021,6,8,3,3,2,6,0,0,1,0,1,0,0,0,789395,9704,5828710,288
213119,11,8,8100417,2021,6,17,2,3,2,6,0,1,0,0,0,0,1,0,802555,1652,5823099,937
213118,11,1,1200626,2021,6,17,2,3,2,2,0,1,1,0,0,0,0,0,795022,7547,5828270,85
213117,11,9,9100304,2021,5,21,5,2,5,2,1,0,1,0,0,0,0,0,804394,207,5821741,947
213116,11,1,1200629,2021,6,17,4,3,3,6,0,1,0,0,0,0,0,0,794914,7092,5827829,554
213115,11,7,7400822,2021,5,15,1,3,1,5,0,0,1,0,0,1,0,0,796904,5651,5821098,886
213114,11,9,9501941,2021,6,17,3,3,6,4,0,1,0,1,0,0,0,0,811603,281,5821152,13
213113,11,12,12200411,2021,7,23,2,2,5,2,2,0,1,0,0,0,0,0,792900,675,5832166,526
213112,11,12,12200310,2021,7,16,6,3,2,6,0,0,1,0,0,0,0,0,792339,9021,5833900,233
213111,11,1,1401045,2021,7,19,6,3,3,6,0,0,1,0,0,0,0,1,797112,9147,5831922,549
213110,11,1,1400938,2021,6,19,5,3,1,5,0,1,1,0,0,0,0,0,794488,688,5831198,996
213109,11,9,9300920,2021,6,21,5,3,5,3,1,1,1,0,0,0,0,0,808196,5907,5817059,473
213108,11,1,1400938,2021,6,18,2,3,2,6,0,0,1,0,1,0,0,0,794159,9125,5830312,255
213107,11,7,7400927,2021,5,14,2,3,0,7,0,0,1,0,1,0,0,0,798893,9009,5821146,27
213106,11,2,2500833,2021,6,19,6,3,5,3,0,1,1,0,0,0,0,0,802351,98,5827086,415
213105,11,1,1300834,2021,6,15,6,3,1,5,0,1,0,0,0,0,1,0,797909,1461,5830816,625
213104,11,5,5200629,2021,6,7,4,3,5,3,0,0,1,0,0,0,0,0,783882,3678,5828698,377
213103,11,4,4400832,2021,6,14,6,3,2,6,0,0,1,0,0,0,0,0,791533,1873,5821987,906
213102,11,6,6100209,2021,5,8,6,3,5,3,0,1,1,0,0,0,0,1,794643,1091,5821072,644
213101,11,12,12100205,2021,6,13,4,3,2,6,0,0,1,0,0,0,0,0,795228,7458,5833266,532
213100,11,3,3601142,2021,7,13,1,3,5,2,0,1,1,0,0,0,0,0,799186,2605,5831223,831
213099,11,11,11501340,2021,5,18,3,3,3,6,0,0,1,0,1,0,0,1,807320,7912,5824933,479
213098,11,2,2200210,2021,6,8,3,3,5,3,0,0,1,0,0,0,0,0,798296,7402,5824810,952
213097,11,9,9200613,2021,7,8,2,2,2,6,0,0,1,0,0,0,0,1,805919,8503,5821832,456
213096,11,12,12500824,2021,7,10,3,3,6,4,0,0,1,1,0,0,0,0,790892,2746,5836114,45
213095,11,1,1300834,2021,7,16,7,2,2,6,0,1,1,0,0,0,0,0,798100,2854,5830880,524
213094,11,5,5100101,2021,6,14,2,3,5,3,0,0,1,0,0,0,0,0,784054,522,5832424,8
213093,11,7,7300619,2021,6,12,6,3,5,2,0,1,1,0,0,0,0,0,794988,2926,5822318,931
213092,11,10,10400835,2021,6,18,3,3,5,3,0,0,1,0,0,0,0,0,812422,694,5829360,839
213091,11,12,12500824,2021,6,11,3,3,5,2,0,0,1,0,0,0,0,0,790689,5822,5835381,476
213090,11,10,10200417,2021,6,14,7,3,6,4,0,0,1,1,0,0,0,1,811315,2905,5831726,45
213089,11,4,4300620,2021,6,12,6,3,2,2,0,0,1,0,0,0,0,0,794160,2497,5827009,152
213088,11,4,4200308,2021,7,11,7,3,5,3,0,0,1,0,0,0,0,0,789830,8149,5827311,564
213087,11,7,7300619,2021,6,17,6,3,5,2,0,0,1,0,1,0,0,0,795415,659,5820990,329
213086,11,12,12100205,2021,5,17,4,3,5,2,0,0,1,0,0,0,0,0,793798,151,5832738,869
213085,11,6,6200316,2021,6,16,4,3,2,6,0,0,1,0,0,0,1,1,796003,6985,5817733,679
213084,11,3,3500934,2021,7,16,3,2,5,2,0,1,1,0,0,0,0,0,801151,275,5831615,444
213083,11,6,6400844,2021,7,8,4,3,5,3,0,0,1,0,0,0,0,1,790557,5814,5820948,448
213082,11,3,3601453,2021,6,17,4,3,5,2,0,1,1,0,0,0,0,0,802889,4415,5828631,324
213081,11,3,3300411,2021,6,16,2,3,6,4,0,0,1,1,0,0,0,0,803884,6367,5839166,68
213080,11,8,8100310,2021,5,13,6,3,6,2,0,0,1,1,0,0,0,1,800375,2307,5825114,345
213079,11,3,3701554,2021,6,10,5,3,5,2,0,1,1,0,0,0,0,0,799097,5074,5829119,421
213078,11,8,8100102,2021,6,17,4,2,0,3,0,1,0,0,0,0,1,0,799814,2291,5823665,177
213077,11,1,1100313,2021,6,9,4,3,6,4,0,0,1,1,0,0,0,0,800064,2572,5826408,192
213076,11,1,1200520,2021,6,17,7,3,1,5,0,1,1,0,0,0,0,0,794111,1633,5828464,698
213075,11,12,12100205,2021,6,17,3,3,2,6,0,0,1,0,0,0,0,0,794079,371,5835358,311
213074,11,1,1300836,2021,6,16,4,3,1,5,0,1,1,0,0,0,0,0,796658,7148,5830467,135
213073,11,11,11200411,2021,6,17,2,3,6,4,0,1,0,1,0,0,0,0,804917,8507,5831374,156
213072,11,4,4400726,2021,6,3,1,2,0,1,2,1,0,0,0,0,0,0,790697,193,5825012,485
213071,11,4,4501153,2021,7,9,1,3,5,2,0,0,1,0,0,0,0,0,794007,2653,5824069,55
213070,11,8,8100417,2021,6,13,7,3,3,6,0,1,0,0,0,0,0,0,802572,5296,5823098,616
213069,11,1,1100205,2021,7,9,5,3,5,3,0,1,1,0,0,0,0,1,796975,1098,5826858,78
213068,11,4,4501043,2021,7,17,5,3,5,3,0,0,1,0,1,0,0,1,793098,9487,5825138,777
213067,11,3,3300413,2021,6,13,5,3,5,3,0,1,0,0,0,1,0,0,803206,524,5838017,34
213066,11,6,6100206,2021,6,7,5,3,6,2,0,0,1,1,0,0,0,0,795062,3623,5819627,923
213065,11,11,11400928,2021,5,19,1,3,1,5,0,1,1,0,0,0,0,0,804751,4625,5825973,581
213064,11,4,4300416,2021,6,13,6,3,5,3,0,0,1,0,0,0,0,0,791753,3942,5826431,149
213063,11,9,9401534,2021,6,12,5,3,5,3,0,1,0,0,0,0,0,0,811052,9469,5820289,282
213062,11,12,12400618,2021,6,10,3,3,2,6,0,0,1,0,1,0,0,0,786193,182,5839017,889
213061,11,3,3601245,2021,6,8,2,3,1,5,0,1,1,0,0,0,0,0,800418,6451,5830809,537
213060,11,7,7400927,2021,5,15,5,3,5,3,0,0,1,0,0,0,1,1,799075,7331,5821704,927
213059,11,5,5100313,2021,6,18,4,3,1,1,0,0,1,0,1,0,0,0,785936,1765,5830336,36
213058,11,1,1200629,2021,5,16,2,3,5,3,0,1,0,0,1,0,0,0,794884,3088,5827786,348
213057,11,7,7100102,2021,6,22,2,3,1,7,2,0,1,0,0,0,0,0,794971,3457,5825319,297
213056,11,2,2500835,2021,7,20,2,2,6,4,0,0,1,1,0,0,0,0,802037,9221,5826154,11
213055,11,9,9401534,2021,7,6,6,3,6,4,0,0,0,1,0,0,1,1,810902,375,5820324,3
213054,11,10,10100312,2021,7,22,6,3,5,2,2,0,1,0,0,0,0,1,807673,9717,5830165,939
213053,11,10,10200422,2021,6,9,6,2,0,7,0,0,1,0,0,0,1,0,812744,7526,5830926,223
213052,11,4,4300622,2021,6,17,5,3,6,4,0,0,1,1,0,0,0,0,793319,633,5826693,569
213051,11,3,3500936,2021,6,14,2,3,6,4,0,1,0,1,0,0,0,0,802223,95,5831555,852
213050,11,5,5100316,2021,5,18,2,3,0,2,0,0,1,0,0,0,1,0,784833,4591,5829015,591
213049,11,6,6100208,2021,6,12,6,3,1,5,0,0,1,0,0,0,1,0,794168,137,5820501,707
213048,11,2,2400522,2021,6,15,6,3,2,6,0,0,1,0,0,0,0,0,802115,7183,5827735,367
213047,11,3,3400828,2021,7,19,6,3,5,3,0,1,1,0,0,0,0,0,800116,3336,5831764,218
213046,11,7,7601544,2021,6,8,4,3,5,2,0,0,1,0,0,0,0,0,799790,8225,5813977,59
213045,11,1,1401043,2021,6,14,6,3,5,3,0,0,1,0,1,0,0,0,795778,9563,5831021,471
213044,11,6,6300629,2021,5,14,1,2,5,3,0,1,1,0,0,0,0,0,791772,4937,5819267,85
213043,11,7,7501031,2021,6,8,6,3,6,4,0,0,1,1,0,0,0,0,798415,4418,5819665,683
213042,11,12,12200412,2021,6,18,5,3,6,4,0,0,1,1,0,0,0,1,790040,8903,5833682,728
213041,11,1,1300836,2021,6,9,3,3,5,2,0,0,1,0,0,0,0,0,796796,261,5829974,663
213040,11,8,8200624,2021,6,17,2,3,0,1,0,1,0,0,0,0,0,0,801314,397,5820411,147
213039,11,6,6200313,2021,6,19,2,3,1,5,0,1,1,0,0,0,0,0,795301,3773,5818050,705
213038,11,1,1200628,2021,5,18,5,3,0,1,0,0,0,0,1,0,0,1,795990,315,5828358,92
213037,11,5,5300736,2021,6,15,4,3,5,2,0,1,1,0,0,0,0,0,786160,1554,5829142,33
213036,11,11,11100206,2021,5,18,1,2,2,6,0,0,1,1,1,0,0,1,805139,9634,5834436,315
213035,11,11,11300722,2021,6,16,2,3,2,6,0,0,1,0,0,0,1,0,803522,1385,5828621,695
213034,11,7,7501133,2021,7,11,2,2,5,3,0,0,1,0,0,0,0,1,798376,9328,5818418,132
213033,11,10,10400835,2021,7,8,6,3,5,3,0,0,1,0,0,0,0,0,811784,1279,5828726,825
213032,11,1,1300732,2021,7,8,6,3,5,2,0,1,1,0,0,0,0,1,797336,7754,5832357,128
213031,11,1,1400937,2021,6,18,5,3,0,1,0,1,0,0,0,0,0,0,793343,705,5830146,811
213030,11,12,12601031,2021,6,10,2,3,2,6,0,0,1,0,0,0,0,0,793153,9396,5836803,227
213029,11,5,5100314,2021,5,14,2,3,5,3,0,1,0,0,1,0,0,0,784841,8629,5830345,947
213028,11,10,10200524,2021,6,19,6,3,0,1,0,0,0,0,0,0,1,0,812381,2806,5830464,702
213027,11,12,12400722,2021,6,13,6,3,5,7,0,0,1,0,1,0,0,0,790542,4269,5837224,853
213026,11,9,9100304,2021,7,19,6,3,2,7,0,0,1,0,0,0,0,0,805241,991,5821798,849
213025,11,6,6400737,2021,6,18,3,3,1,6,0,1,1,0,0,0,1,0,786058,6451,5817847,884
213024,11,6,6300528,2021,6,7,6,3,2,6,0,0,1,0,0,0,0,1,790605,7268,5815210,514
213023,11,1,1200518,2021,5,13,6,3,0,5,0,1,1,0,0,0,0,0,793504,4939,5828516,808
213022,11,4,4501040,2021,6,12,4,3,2,6,0,0,1,0,0,0,0,0,792720,4146,5825927,384
213021,11,8,8401241,2021,7,10,1,3,0,1,0,0,0,0,1,0,0,0,804761,5148,5817842,267
213020,11,8,8200833,2021,5,6,3,3,5,3,0,0,1,0,0,0,1,1,801915,5,5816767,86
213019,11,1,1100206,2021,6,13,3,3,5,3,0,0,1,0,0,0,1,0,798164,6308,5827653,54
213018,11,10,10300734,2021,7,16,2,3,6,4,0,0,1,1,0,0,0,0,809709,2937,5826232,177
213017,11,4,4300619,2021,7,15,3,3,5,2,0,1,1,0,0,0,0,0,792748,4388,5827036,13
213016,11,8,8100314,2021,5,11,6,3,1,5,0,0,1,0,0,0,0,0,801240,2463,5823875,131