OBJECTID,LAND,BEZ,LOR_ab_2021,UJAHR,UMONAT,USTUNDE,UWOCHENTAG,UKATEGORIE,UART,UTYP1,ULICHTVERH,IstRad,IstPKW,IstFuss,IstKrad,IstGkfz,IstSonstige,USTRZUSTAND,LINREFX,LINREFY,XGCSWGS84,YGCSWGS84
213015,11,2,2200213,2021,6,8,5,3,6,7,0,0,0,1,0,0,1,0,800308,9882,5824556,593
213014,11,7,7601544,2021,7,19,7,3,5,2,0,0,1,0,1,0,0,0,799791,486,5813977,81
213013,11,3,3400723,2021,6,15,2,3,2,2,0,0,0,0,1,0,0,0,799212,4265,5833859,963
213012,11,7,7400823,2021,6,16,6,2,5,2,0,1,1,0,0,0,0,0,797235,626,5820709,561
213011,11,10,10300734,2021,6,11,3,2,5,3,0,1,1,0,0,0,0,0,809586,9703,5823957,692
213010,11,8,8100314,2021,6,14,3,3,6,4,0,0,0,1,1,0,0,0,801107,1751,5823813,181
213009,11,7,7501029,2021,6,16,2,3,5,2,0,1,1,0,0,0,0,0,797336,8725,5818662,131
213008,11,3,3300413,2021,6,9,6,3,5,3,0,0,1,0,1,0,0,0,802957,6852,5837664,312
213007,11,8,8401241,2021,7,6,7,3,4,6,0,0,1,0,0,0,0,0,803827,5347,5818841,493
213006,11,4,4400835,2021,6,17,7,3,1,5,0,1,1,0,0,0,0,0,793264,6381,5822278,518
213005,11,11,11400929,2021,5,8,3,3,9,1,0,0,0,0,1,0,0,0,804769,213,5826290,663
213004,11,12,12500928,2021,6,13,4,3,2,6,0,0,1,0,0,0,0,1,791445,5022,5836596,791
213003,11,12,12400619,2021,7,8,3,3,2,6,0,1,1,0,0,0,0,0,789439,6299,5836227,366
213002,11,11,11200514,2021,7,4,4,3,5,3,1,0,1,0,1,0,0,1,804989,5706,5830169,605
213001,11,8,8100206,2021,6,23,4,3,1,5,2,1,1,0,0,0,0,0,800643,3907,5823781,112
213000,11,5,5100208,2021,6,17,2,3,5,3,0,0,1,0,1,0,0,0,781334,982,5830749,736
212999,11,11,11300721,2021,5,17,6,3,5,3,0,0,1,0,0,0,0,0,804596,2041,5829930,447
212998,11,7,7300517,2021,6,13,5,3,2,6,0,1,1,0,0,0,0,0,794538,3966,5822539,907
212997,11,9,9200715,2021,6,17,5,3,5,3,0,1,1,0,0,0,0,0,809383,4399,5818466,91
212996,11,12,12100101,2021,6,8,3,3,0,2,0,1,1,0,0,0,0,0,796676,4016,5832784,407
212995,11,8,8100209,2021,6,14,1,3,5,2,0,1,1,0,0,0,0,0,801250,4374,5822221,538
212994,11,4,4501041,2021,6,18,3,3,5,2,0,1,1,0,0,0,0,0,792949,8228,5825354,467
212993,11,6,6100205,2021,6,15,4,3,2,6,0,0,1,0,0,0,0,0,796211,5984,5819783,826
212992,11,12,12400721,2021,6,9,2,3,5,3,0,0,1,0,0,0,0,0,790129,6312,5842628,8
212991,11,3,3100102,2021,7,1,1,3,5,2,2,0,1,0,1,0,0,0,804858,8222,5841490,595
212990,11,6,6400737,2021,6,10,1,3,5,2,0,0,0,0,1,0,0,0,784858,455,5817527,803
212989,11,2,2400625,2021,7,19,5,2,3,6,1,1,0,0,0,0,0,1,801703,5573,5826155,251
212988,11,1,1300835,2021,7,13,5,3,5,2,0,1,1,0,0,0,0,0,797763,5978,5829744,365
212987,11,1,1401044,2021,6,7,5,3,2,6,0,0,1,0,1,0,0,0,796674,186,5831621,862
212986,11,1,1400938,2021,5,6,2,3,1,5,0,0,0,0,0,1,1,0,793910,3526,5830820,231
212985,11,12,12100205,2021,6,20,5,3,0,7,0,0,1,0,0,0,0,0,794903,486,5833076,411
212984,11,1,1100205,2021,6,18,6,3,3,6,0,1,1,0,1,0,0,0,797256,9974,5826908,53
212983,11,3,3601450,2021,6,11,2,3,0,3,0,0,1,0,0,0,0,0,802322,661,5829209,437
212982,11,8,8100520,2021,6,8,2,3,5,3,0,1,0,0,0,0,0,0,802763,605,5822963,283
212981,11,10,10300733,2021,5,14,5,3,5,2,0,0,1,0,0,0,0,1,808915,3507,5827229,345
212980,11,9,9100304,2021,6,17,4,3,5,2,0,0,1,0,0,0,0,0,804384,4715,5821738,559
212979,11,1,1100103,2021,5,18,2,3,1,5,0,0,0,0,1,0,1,0,795243,3976,5826043,48
212978,11,7,7400823,2021,6,7,2,3,5,2,0,0,1,0,0,0,0,0,797351,6483,5821926,578
212977,11,4,4200203,2021,7,11,2,3,9,1,0,0,0,0,0,0,1,1,787910,6465,5827807,497
212976,11,1,1100309,2021,7,21,5,3,2,6,1,0,1,0,0,0,0,0,798802,8509,5829063,528
212975,11,1,1100308,2021,6,9,6,3,5,3,0,0,1,0,0,0,0,0,796929,8362,5828125,256
212974,11,1,1100103,2021,6,15,5,3,5,2,0,0,1,0,0,0,0,0,795188,6245,5825887,483
212973,11,6,6300632,2021,6,17,2,2,5,3,0,0,1,0,0,0,1,0,792510,9529,5817481,706
212972,11,8,8100102,2021,5,9,2,3,2,6,0,1,1,0,0,0,0,0,800472,1444,5823604,288
212971,11,4,4200308,2021,6,13,6,3,5,2,0,0,1,0,0,0,0,0,790318,459,5827616,614
212970,11,8,8100314,2021,6,15,7,3,6,4,0,0,1,1,0,0,0,0,801000,9443,5823919,97
212969,11,2,2100101,2021,7,15,6,3,2,6,0,0,1,0,0,0,1,0,797786,6493,5825696,585
212968,11,8,8100419,2021,6,14,3,3,5,3,0,1,1,0,0,0,0,0,802397,2854,5824036,202
212967,11,2,2300418,2021,6,19,6,3,1,5,0,1,1,0,0,0,0,0,801173,7947,5825150,465
212966,11,1,1100206,2021,5,8,6,3,5,3,0,1,1,0,0,0,0,0,797754,8126,5827447,2
212965,11,12,12200413,2021,6,16,4,3,5,3,0,0,1,0,0,0,0,0,790214,2363,5834031,251
212964,11,5,5200526,2021,7,20,7,3,2,6,0,0,1,0,0,0,1,0,782337,6532,5827044,158
212963,11,1,1401045,2021,5,17,3,3,2,6,0,0,1,0,0,0,0,1,796732,1634,5831949,259
212962,11,5,5100105,2021,6,14,3,3,2,6,0,0,1,0,0,0,0,0,784867,5736,5831121,941
212961,11,9,9200614,2021,7,8,2,3,0,1,0,1,0,0,0,0,0,1,808407,4546,5820880,14
212960,11,3,3500934,2021,7,12,3,3,0,6,0,1,0,0,0,0,1,0,800990,7288,5831901,14
212959,11,8,8401243,2021,5,10,7,3,6,7,0,0,0,1,0,0,1,0,805559,8085,5817389,911
212958,11,11,11400929,2021,6,9,5,2,5,2,0,0,1,0,0,0,1,0,805139,8571,5826178,161
212957,11,7,7400927,2021,6,14,4,3,5,2,0,0,1,0,1,0,0,1,798352,4972,5822043,579
212956,11,4,4300416,2021,7,9,7,3,0,3,0,0,1,0,1,0,0,1,791914,1637,5826220,504
212955,11,8,8401241,2021,6,16,2,3,5,3,0,0,1,0,1,0,0,0,804749,4323,5818461,178
212954,11,3,3400619,2021,6,14,6,3,5,2,0,1,1,0,0,0,0,0,796025,6948,5835716,358
212953,11,5,5100208,2021,6,19,3,3,2,6,0,0,1,0,0,0,0,0,781396,6392,5830734,401
212952,11,4,4100102,2021,6,18,3,3,5,3,0,1,1,0,0,0,0,0,791396,2414,5829721,681
212951,11,1,1401046,2021,6,17,7,3,0,7,0,1,0,0,0,0,0,0,794723,3701,5830007,721
212950,11,8,8200624,2021,6,17,2,3,2,6,0,0,1,0,0,0,0,0,800577,9592,5820561,203
212949,11,10,10100312,2021,7,12,7,2,5,7,0,0,1,0,1,0,0,0,807735,8933,5830169,446
212948,11,7,7601544,2021,6,14,7,3,3,6,0,0,1,0,1,0,0,0,798723,2905,5814462,197
212947,11,7,7400823,2021,5,19,4,2,0,6,0,0,1,0,1,0,0,0,797336,235,5821823,394
212946,11,12,12601235,2021,6,17,4,3,1,5,1,0,1,1,0,0,1,1,795496,906,5836396,988
212945,11,8,8100206,2021,7,22,3,3,2,7,2,0,1,0,1,0,0,0,800345,7277,5824272,533
212944,11,3,3500935,2021,7,20,4,3,7,7,0,0,0,0,1,0,0,0,801967,3923,5831603,408
212943,11,1,1200517,2021,6,12,5,3,2,2,0,0,1,0,0,1,0,0,793740,8585,5829955,894
212942,11,1,1300836,2021,5,12,1,3,0,1,0,1,0,0,0,0,0,0,796939,735,5830139,655
212941,11,5,5200528,2021,6,17,5,3,3,6,0,0,1,0,0,0,1,0,783838,5434,5826424,101
212940,11,3,3400831,2021,6,17,5,3,3,6,0,0,1,0,0,0,1,0,799092,683,5833226,935
212939,11,12,12500929,2021,5,18,6,3,5,3,0,0,1,0,0,0,1,1,794583,2735,5838578,492
212938,11,1,1300732,2021,6,13,5,2,0,3,0,0,1,0,1,0,0,0,797362,5387,5832419,142
212937,11,8,8200730,2021,7,15,2,3,3,6,0,0,0,0,0,1,1,0,801482,6062,5817816,774
212936,11,9,9100408,2021,5,8,3,3,5,2,0,0,1,0,0,0,1,0,806731,8804,5820285,528
212935,11,5,5300840,2021,6,16,3,3,6,4,0,0,1,1,0,0,0,0,788607,216,5829345,734
212934,11,12,12200308,2021,7,12,2,3,1,5,0,1,1,0,0,0,0,0,792329,9559,5833701,599
212933,11,1,1100102,2021,7,18,3,2,0,7,0,1,0,0,0,0,0,0,795210,6921,5827267,278
212932,11,1,1300834,2021,5,12,6,3,5,2,0,0,1,0,0,0,0,0,797902,24,5830301,793
212931,11,10,10100315,2021,6,12,5,3,0,6,0,0,1,0,0,0,1,0,809829,2493,5831006,59
212930,11,4,4100101,2021,7,21,7,2,5,2,2,0,1,1,0,0,0,0,790311,5873,5829190,282
212929,11,3,3100103,2021,6,10,2,2,1,5,0,1,1,0,0,0,0,0,804044,2144,5840900,772
212928,11,8,8100105,2021,6,11,6,3,5,2,0,1,1,0,0,0,0,0,801120,938,5821898,433
212927,11,1,1300835,2021,6,15,2,3,5,3,0,1,1,0,0,0,0,0,797758,7242,5829748,14
212926,11,2,2200208,2021,6,12,3,2,0,7,0,1,0,0,0,0,0,0,797736,1781,5824925,26
212925,11,8,8401244,2021,6,10,7,3,0,6,0,0,1,0,0,0,1,0,805744,2599,5816797,784
212924,11,3,3601245,2021,6,5,7,2,5,3,0,0,1,0,0,0,0,0,800324,227,5831578,151
212923,11,6,6100205,2021,7,14,6,2,5,3,0,1,0,0,0,0,1,0,796295,8063,5819669,305
212922,11,3,3601243,2021,6,17,7,3,2,6,0,0,1,0,0,0,0,0,799254,8304,5831770,134
212921,11,11,11300722,2021,5,20,4,3,0,1,0,0,0,0,0,0,1,0,804068,623,5828207,819
212920,11,5,5100313,2021,6,15,4,3,2,6,0,0,1,0,0,0,0,1,785330,6226,5830784,372
212919,11,2,2500833,2021,7,23,3,3,0,1,2,1,0,0,0,0,0,0,802499,1178,5827042,595
212918,11,11,11300722,2021,7,13,4,3,0,1,0,0,0,0,1,0,0,1,803661,8769,5828631,544
212917,11,4,4501041,2021,6,11,4,3,2,7,0,1,0,0,0,0,1,0,792766,338,5825495,647
212916,11,8,8100312,2021,5,11,6,3,1,5,0,1,1,0,0,0,0,0,801218,2271,5824278,301
212915,11,12,12500927,2021,6,16,5,3,2,6,0,0,1,0,0,0,0,0,792833,2628,5836817,206
212914,11,2,2100102,2021,6,10,5,3,0,2,0,1,0,0,0,1,0,1,798355,588,5825559,954
212913,11,4,4400833,2021,6,19,3,3,5,3,0,0,0,0,1,0,1,0,792057,7831,5822449,262
212912,11,1,1100310,2021,6,11,6,3,6,2,0,0,0,1,0,0,1,0,798489,493,5828220,178
212911,11,2,2200207,2021,6,18,7,2,8,1,0,0,1,0,0,0,0,0,797089,3246,5824712,8
212910,11,3,3701554,2021,6,13,1,3,5,3,0,0,1,0,0,0,1,0,799034,9555,5829530,263
212909,11,1,1200629,2021,6,3,4,3,3,5,2,0,1,0,0,0,1,0,794466,1357,5827714,363
212908,11,8,8200730,2021,6,17,4,2,5,5,0,0,0,0,1,0,1,0,802304,4842,5818950,349
212907,11,3,3701556,2021,6,20,2,3,0,1,0,1,0,0,0,0,0,0,799801,6951,5829555,838
212906,11,5,5300736,2021,7,12,7,3,2,6,0,0,1,0,0,0,0,0,785994,1673,5829208,38
212905,11,1,1100310,2021,6,7,7,3,5,3,0,0,1,0,0,0,0,0,799505,7464,5828828,261
212904,11,4,4501045,2021,7,10,5,3,5,3,0,0,1,0,0,0,0,1,793965,8395,5824961,74
212903,11,8,8301036,2021,7,14,5,3,2,6,0,0,1,0,1,0,0,0,803631,6423,5817907,663
212902,11,5,5200634,2021,6,18,5,2,2,6,0,1,1,0,0,0,0,0,783846,7255,5826214,579
212901,11,8,8100415,2021,5,19,2,3,0,7,0,0,1,0,1,0,0,0,802171,801,5823379,1
212900,11,9,9301025,2021,6,18,5,3,4,6,0,0,1,0,0,0,1,0,811993,9862,5814756,473
212899,11,3,3400725,2021,6,15,6,3,5,3,0,1,1,0,0,0,0,0,798981,9618,5835031,615
212898,11,1,1100102,2021,6,10,3,3,5,3,0,0,1,0,0,0,0,0,795051,36,5827187,929
212897,11,7,7300515,2021,6,18,2,3,5,2,0,1,1,0,0,0,0,0,793640,8564,5822284,239
212896,11,3,3601244,2021,5,10,5,3,5,3,0,1,1,0,0,0,0,0,800216,9414,5831589,528
212895,11,3,3400620,2021,6,9,4,3,2,6,0,0,1,0,1,0,0,0,796820,4806,5833937,193
212894,11,1,1100310,2021,7,19,7,3,5,2,0,0,1,0,1,0,0,0,799099,8099,5828463,795
212893,11,1,1200625,2021,5,18,1,3,6,4,0,0,1,1,0,0,0,0,794707,7781,5828855,681
212892,11,9,9300920,2021,6,14,3,3,5,3,0,0,1,0,0,0,0,0,807950,9215,5817687,11
212891,11,5,5400942,2021,7,7,3,3,3,6,0,1,1,0,0,0,0,0,782748,4874,5820934,95
212890,11,2,2100104,2021,7,15,5,3,5,7,0,1,0,0,0,0,1,1,799285,1421,5826135,54
212889,11,10,10100205,2021,6,14,2,3,5,2,0,1,0,0,0,1,0,0,807232,5012,5832488,846
212888,11,8,8401244,2021,6,7,6,3,6,4,0,0,1,1,0,0,0,0,805722,8197,5816779,847
212887,11,6,6200313,2021,6,21,5,2,0,6,2,0,0,0,0,0,1,0,795340,6918,5818468,48
212886,11,5,5200528,2021,6,17,2,3,6,7,0,0,0,1,0,0,1,0,782223,8866,5826573,431
212885,11,10,10300731,2021,6,18,3,2,1,5,0,0,1,0,0,0,0,0,809505,9563,5829698,487
212884,11,1,1100312,2021,6,13,6,3,1,5,0,1,1,0,0,0,0,0,799013,7468,5827060,494
212883,11,1,1401047,2021,6,22,7,3,2,6,2,0,0,0,0,0,1,0,795346,2774,5830557,454
212882,11,1,1300733,2021,7,22,6,3,5,7,2,1,1,0,0,0,0,0,797479,15,5831273,351
212881,11,8,8100312,2021,6,9,4,3,5,3,0,1,1,0,0,0,0,0,801267,5826,5824580,388
212880,11,12,12200413,2021,6,14,6,2,3,7,0,1,0,0,0,0,0,0,789430,1232,5833761,1
212879,11,7,7601442,2021,6,12,4,2,5,2,0,0,1,0,0,0,0,0,799270,5108,5816270,394
212878,11,4,4300619,2021,5,23,3,3,5,3,2,0,1,0,0,0,0,0,792153,8899,5827387,855
212877,11,2,2400623,2021,6,14,4,3,6,7,0,0,0,1,0,0,1,1,801237,2065,5827738,233
212876,11,5,5300840,2021,7,14,2,3,5,7,0,0,1,0,0,0,0,0,787943,4041,5829293,799
212875,11,8,8200725,2021,7,10,4,3,2,6,0,0,1,0,0,0,0,1,801241,3891,5819672,321
212874,11,1,1401046,2021,6,18,4,3,1,5,0,1,1,0,0,0,0,0,795356,4639,5830248,481
212873,11,7,7400826,2021,5,17,7,3,5,3,0,0,1,0,0,0,0,0,797105,7928,5820320,998
212872,11,6,6200313,2021,6,15,5,3,0,6,0,0,0,0,0,0,1,0,795323,766,5818495,619
212871,11,1,1300836,2021,6,21,4,3,5,3,0,1,1,0,0,0,0,0,796932,6182,5830175,818
212870,11,1,1100415,2021,7,10,7,3,1,5,0,1,1,0,0,0,0,1,798361,9684,5829288,75
212869,11,7,7400721,2021,6,0,4,3,6,4,2,0,0,1,1,0,0,0,797751,2331,5822532,442
212868,11,1,1100206,2021,6,23,7,3,5,2,2,1,1,0,0,0,0,0,797160,456,5827688,255
212867,11,10,10100205,2021,6,8,4,3,5,2,0,0,1,0,0,0,0,0,808073,2022,5832316,401
212866,11,6,6300528,2021,6,7,4,3,5,3,0,1,0,0,1,0,0,0,790602,9623,5816190,27
212865,11,10,10200418,2021,6,7,2,3,6,4,0,0,1,1,0,0,0,0,811042,168,5830917,682
212864,11,3,3500933,2021,6,13,1,3,5,3,0,1,1,0,0,0,0,0,802100,6294,5832474,258
212863,11,3,3300516,2021,7,20,1,2,5,3,0,1,1,0,0,0,0,0,800575,825,5832886,901
212862,11,1,1100309,2021,6,23,7,3,5,3,2,0,0,0,0,0,1,0,798501,3636,5829050,362
212861,11,2,2300314,2021,5,12,3,3,1,5,0,1,1,0,0,0,0,1,799749,363,5826040,446
212860,11,8,8401244,2021,6,12,4,3,2,6,0,0,1,0,0,0,1,1,806231,9223,5816378,264
212859,11,1,1300836,2021,7,15,3,3,3,6,0,0,1,0,0,0,0,0,797348,928,5831183,668
212858,11,2,2100106,2021,7,2,5,3,5,3,2,1,1,0,0,0,0,0,799840,1062,5825700,165
212857,11,9,9501941,2021,6,15,5,3,5,3,0,0,1,0,0,0,0,0,811402,1495,5821153,51
212856,11,3,3601140,2021,5,20,1,3,0,7,0,1,1,0,0,0,0,0,798505,6135,5831510,254
212855,11,4,4300621,2021,6,17,5,3,5,7,0,1,1,0,0,0,0,0,792025,5329,5827293,705
212854,11,5,5100208,2021,6,12,5,3,6,4,0,1,0,1,0,0,0,1,781518,8222,5830307,723
212853,11,3,3500936,2021,6,10,3,3,3,6,0,0,1,0,0,1,0,0,802818,3046,5831434,809
212852,11,1,2400623,2021,6,22,1,3,2,6,2,0,1,0,0,0,0,0,800182,6589,5827344,52
212851,11,12,12500929,2021,5,16,5,3,2,6,0,0,1,0,0,0,0,1,793760,1261,5837705,771
212850,11,4,4100101,2021,6,18,4,2,5,2,0,0,1,0,1,0,0,0,789497,624,5830629,459
212849,11,5,5300735,2021,5,21,1,3,5,3,2,0,1,0,0,0,0,0,786436,2805,5831177,231
212848,11,8,8100312,2021,6,17,2,3,2,6,0,1,1,0,0,0,0,0,801146,8413,5824883,462
212847,11,1,1300733,2021,7,23,3,2,5,2,2,0,1,0,1,0,0,1,796988,946,5831490,599
212846,11,1,1100104,2021,6,14,5,3,0,3,0,1,0,0,0,0,1,0,796613,5166,5825620,218
212845,11,1,1100309,2021,7,16,6,2,5,2,0,1,1,0,0,0,0,0,797990,5063,5828910,358
212844,11,2,2200213,2021,7,8,4,3,5,2,0,1,1,0,0,0,0,0,800161,4121,5825069,705
212843,11,1,1200522,2021,7,15,6,3,5,2,0,0,1,0,1,0,0,1,794316,7214,5828378,127
212842,11,12,12200309,2021,6,13,6,3,3,6,0,0,1,0,0,1,0,0,793486,844,5832433,13
212841,11,5,5100317,2021,6,13,5,3,5,3,0,0,1,0,0,0,0,0,785732,4466,5828381,442
212840,11,4,4500938,2021,6,23,2,2,1,5,2,0,1,0,1,0,0,0,791577,3381,5824846,484
212839,11,7,7400826,2021,5,17,2,3,1,5,0,1,1,0,0,0,1,0,796557,3677,5819894,338
212838,11,2,2200208,2021,6,17,6,3,5,2,0,0,1,0,1,0,0,0,797276,694,5825534,52
212837,11,1,1200520,2021,6,18,5,3,1,5,0,1,1,0,0,0,0,0,794145,9501,5828660,58
212836,11,10,10400940,2021,6,22,3,3,0,6,2,1,0,0,0,0,1,0,811647,4324,5825429,142
212835,11,7,7601544,2021,6,7,6,3,0,3,0,0,0,0,1,0,1,1,798805,6421,5814261,184
212834,11,5,5200634,2021,5,15,6,3,6,7,0,1,0,1,0,0,0,0,785050,846,5826304,19
212833,11,1,1100310,2021,6,11,4,3,1,5,0,1,1,0,0,0,0,0,799032,8497,5828488,588
212832,11,7,7400823,2021,7,19,1,2,5,3,0,0,1,0,0,0,0,0,797358,2972,5822000,408
212831,11,7,7400721,2021,5,14,3,3,5,7,0,0,1,0,1,0,0,0,798928,3837,5823915,352
212830,11,4,4100101,2021,6,9,3,3,6,7,0,1,0,1,0,0,0,0,791230,936,5829730,91
212829,11,8,8100314,2021,7,15,3,3,0,7,0,0,0,0,0,0,1,0,801153,6626,5823781,85
212828,11,3,3500933,2021,6,23,3,3,2,6,2,0,1,0,0,0,0,0,802428,7664,5832556,934
212827,11,6,6400737,2021,6,9,7,3,1,5,0,0,1,0,1,0,0,0,786520,3693,5818081,794
212826,11,2,2100104,2021,6,0,3,3,5,3,2,0,1,0,0,0,0,0,798833,549,5826136,98
212825,11,6,6200423,2021,6,21,4,3,1,5,1,0,1,0,0,0,0,0,793792,5346,5816250,175
212824,11,1,1200520,2021,6,14,2,3,6,2,0,0,1,1,0,0,0,0,794554,637,5829073,303
212823,11,4,4501152,2021,7,19,2,3,0,2,0,1,1,0,0,0,0,0,794334,6467,5824545,163
212822,11,1,1100415,2021,6,10,7,3,0,1,0,1,0,0,0,0,0,0,798290,4048,5829368,498
212821,11,4,4200311,2021,6,18,4,3,3,6,0,0,1,0,0,0,0,1,790728,4834,5826716,24
212820,11,6,6300528,2021,7,16,5,3,0,1,0,0,0,0,1,0,0,1,790619,4709,5815219,83
212819,11,10,10400940,2021,6,15,6,2,6,4,0,0,1,1,0,0,0,0,812780,342,5826729,665
212818,11,12,12100205,2021,6,17,2,3,0,1,0,0,0,0,1,0,0,0,793968,718,5835306,318
212817,11,2,2500831,2021,5,11,2,3,6,2,0,0,1,1,0,0,0,0,802853,5274,5827217,888
212816,11,3,3400722,2021,6,15,6,2,1,5,0,1,1,0,0,0,0,0,798646,9978,5833923,864
212815,11,9,9200715,2021,6,19,6,3,5,2,1,0,1,0,0,0,0,0,809065,7083,5818189,186
212814,11,9,9200716,2021,6,9,3,3,1,5,0,0,1,0,1,0,0,0,808648,4654,5819376,616
212813,11,8,8200622,2021,6,20,6,3,6,4,0,0,1,1,0,0,0,0,801322,6665,5821706,795
212812,11,1,1401045,2021,6,23,1,2,0,7,2,0,0,0,0,0,1,0,796839,8059,5831562,327
212811,11,4,4300416,2021,6,9,2,3,5,2,0,1,1,0,0,0,0,0,791879,274,5826436,316
212810,11,1,1400937,2021,5,14,5,3,0,2,0,1,1,0,0,0,0,0,794116,5534,5831499,902
212809,11,5,5200629,2021,6,15,4,3,5,2,0,1,1,0,0,0,0,0,784561,249,5828218,304
212808,11,5,5200528,2021,7,11,1,3,0,1,0,0,0,0,1,0,0,0,782885,8103,5826891,572
212807,11,3,3601348,2021,5,12,2,3,5,3,0,1,1,0,0,0,0,0,799839,407,5830805,392
212806,11,9,9502043,2021,6,15,3,3,5,2,0,1,1,0,0,0,0,0,811371,7049,5822784,817
212805,11,1,1200623,2021,7,8,3,3,0,7,0,0,1,0,0,0,1,0,795160,778,5829278,664
212804,11,9,9100408,2021,7,15,6,3,5,3,0,1,1,0,0,0,0,0,806564,9404,5820150,632
212803,11,12,12500825,2021,6,11,2,3,0,7,0,1,0,0,0,0,0,0,792184,17,5834935,815
212802,11,1,1100313,2021,6,18,6,3,0,4,0,0,1,1,0,0,0,0,799757,8569,5827207,148
212801,11,7,7100204,2021,6,19,5,2,1,5,1,1,1,0,0,0,0,0,795259,39,5824485,217
212800,11,2,2200210,2021,6,19,3,3,3,6,0,0,1,0,1,0,0,0,798845,32,5825098,807
212799,11,1,1300732,2021,6,6,3,3,0,5,0,0,1,0,0,0,1,0,797290,4295,5832249,207
212798,11,12,12400616,2021,6,17,1,2,5,3,0,0,1,0,0,0,0,0,786548,6764,5833207,97
212797,11,4,4501042,2021,6,17,7,3,2,6,0,0,1,0,0,0,1,0,793594,661,5825748,83
212796,11,3,3200206,2021,7,10,6,3,5,3,0,1,1,0,0,0,0,0,798100,879,5834696,274
212795,11,9,9200819,2021,6,16,4,3,0,1,0,1,0,0,0,0,1,0,810372,1421,5820335,185
212794,11,10,10100313,2021,6,14,6,3,5,2,0,0,1,0,0,0,0,0,807804,6386,5830768,486
212793,11,9,9100304,2021,6,10,2,3,6,7,0,0,1,1,0,0,0,0,804881,8298,5822141,211
212792,11,9,9301025,2021,5,7,4,2,0,1,0,1,0,0,0,0,0,0,810782,362,5815159,307
212791,11,3,3200310,2021,6,10,4,3,6,3,0,0,1,1,0,0,0,1,799928,6826,5838169,346
212790,11,7,7601442,2021,7,18,2,3,5,2,0,0,1,0,1,0,0,0,799260,9785,5816265,382
212789,11,4,4200308,2021,7,14,4,2,5,3,0,1,1,0,0,0,0,0,789830,7975,5827311,568
212788,11,2,2100106,2021,6,13,4,3,5,3,0,0,1,0,0,0,0,0,798582,4532,5825563,581
212787,11,6,6300528,2021,5,15,7,3,5,2,0,1,0,0,0,0,0,0,789901,7178,5815929,767
212786,11,6,6400735,2021,6,13,5,3,5,3,0,1,1,0,0,0,0,0,783929,5457,5815911,209
212785,11,5,5100314,2021,6,15,4,3,5,3,0,1,0,0,0,0,0,0,785163,4989,5829607,605
212784,11,9,9301126,2021,6,6,4,3,1,5,0,0,1,0,1,0,0,0,812141,3538,5816420,282
212783,11,3,3400723,2021,6,11,7,3,0,3,0,0,1,0,0,0,1,0,799550,4927,5834227,605
212782,11,11,11200411,2021,6,5,4,2,5,3,0,0,1,0,1,0,0,0,805950,7847,5831916,779
212781,11,9,9501737,2021,6,11,4,3,5,2,0,1,1,0,0,0,0,0,814202,7385,5821334,29
212780,11,6,6300633,2021,6,8,2,3,1,5,0,0,1,0,0,0,1,0,793004,9061,5817899,29
212779,11,7,7601443,2021,6,21,7,3,1,7,2,1,0,0,0,0,1,0,799843,3174,5815223,261
212778,11,9,9200512,2021,7,14,1,3,2,6,0,0,1,0,0,0,0,0,809929,469,5821638,908
212777,11,1,1401048,2021,6,22,7,3,1,5,2,0,1,0,0,0,0,0,795753,4982,5831167,702
212776,11,5,5200632,2021,6,12,1,3,0,1,0,1,0,0,0,0,0,0,785611,1,5828057,371
212775,11,5,5100316,2021,7,18,5,3,1,5,0,1,1,0,0,0,0,0,784961,7746,5829180,239
212774,11,12,12400618,2021,7,13,3,3,2,6,0,0,1,0,0,0,0,0,786708,4008,5838533,456
212773,11,7,7300516,2021,7,15,5,2,5,3,0,1,1,0,0,0,0,1,794142,6981,5822089,978
212772,11,10,10200417,2021,6,13,5,3,5,2,0,1,1,0,0,0,0,0,811333,973,5831846,49
212771,11,8,8401242,2021,5,16,2,3,5,2,0,1,1,0,0,0,0,0,805041,6253,5817549,805
212770,11,1,1300836,2021,6,8,6,2,0,1,0,1,0,0,0,0,0,0,796338,9157,5830721,604
212769,11,3,3601452,2021,6,15,5,3,2,6,0,1,1,0,0,0,0,1,801729,459,5829185,146
212768,11,4,4100101,2021,6,13,2,3,5,3,0,1,1,0,0,0,0,0,790966,8817,5829723,739
212767,11,7,7300618,2021,6,16,2,3,0,7,0,1,0,0,0,0,0,0,794558,4823,5822193,747
212766,11,1,1200627,2021,5,13,5,3,5,2,0,0,1,0,0,0,1,0,795484,9523,5828418,821
212765,11,2,2200211,2021,6,9,4,3,3,6,0,1,0,0,0,1,0,0,798281,3592,5824721,648
212764,11,9,9502043,2021,5,17,1,2,4,6,0,0,1,0,0,0,0,0,809289,4257,5822760,531
212763,11,8,8100312,2021,6,17,3,3,5,3,0,1,0,0,0,0,1,0,801335,795,5824528,944
212762,11,2,2300314,2021,7,11,2,2,5,2,0,1,0,0,0,0,1,1,800115,1265,5825741,418
212761,11,8,8100208,2021,6,0,4,3,5,3,2,0,1,0,0,0,0,0,801267,746,5822410,527
212760,11,5,5300840,2021,7,9,6,3,1,7,0,0,1,0,0,0,0,0,789661,4476,5829113,631
212759,11,10,10100311,2021,7,15,6,3,5,3,0,1,1,0,0,0,0,0,807186,3217,5829215,119