OBJECTID,LAND,BEZ,LOR_ab_2021,UJAHR,UMONAT,USTUNDE,UWOCHENTAG,UKATEGORIE,UART,UTYP1,ULICHTVERH,IstRad,IstPKW,IstFuss,IstKrad,IstGkfz,IstSonstige,USTRZUSTAND,LINREFX,LINREFY,XGCSWGS84,YGCSWGS84
212758,11,2,2400623,2021,6,18,5,3,5,3,0,1,1,0,0,0,0,0,800285,593,5827635,978
212757,11,3,3200309,2021,6,11,5,2,0,1,0,1,0,0,0,0,0,0,800064,6186,5837442,437
212756,11,11,11200410,2021,6,20,2,3,5,3,0,0,1,0,0,0,0,0,806302,447,5832237,161
212755,11,3,3601142,2021,5,9,2,3,0,1,0,1,0,0,0,0,0,0,798314,1737,5831155,133
212754,11,7,7601544,2021,6,18,6,3,5,2,0,0,1,0,0,0,0,0,799778,8207,5813975,916
212753,11,9,9200716,2021,6,13,6,3,0,1,0,1,0,0,0,0,0,0,808721,5917,5819227,512
212752,11,2,2200209,2021,7,16,6,3,5,2,0,1,1,0,0,0,0,0,797751,2439,5824596,898
212751,11,3,3500932,2021,6,7,4,3,5,3,0,1,1,0,0,0,0,0,800939,7606,5832711,388
212750,11,4,4100101,2021,6,18,6,3,5,2,0,1,1,0,0,0,0,0,793351,6447,5829683,116
212749,11,7,7400927,2021,5,16,6,2,0,3,0,1,0,0,1,0,0,1,798330,969,5821002,839
212748,11,5,5100316,2021,6,14,4,3,2,2,0,0,1,0,1,0,0,0,783600,6208,5829151,642
212747,11,7,7400927,2021,7,15,1,3,5,3,0,1,1,0,0,0,0,0,798109,966,5821903,181
212746,11,7,7400823,2021,5,12,3,3,5,3,0,1,1,0,0,0,0,0,797339,9049,5821868,883
212745,11,4,4300620,2021,6,20,3,3,5,2,1,1,1,0,0,0,0,1,794161,613,5827014,205
212744,11,6,6200421,2021,7,12,2,2,5,7,0,0,1,0,0,0,0,0,793170,215,5816509,91
212743,11,1,1100205,2021,7,19,3,3,1,5,0,0,1,0,1,0,0,0,797366,6098,5826943,925
212742,11,9,9100101,2021,7,20,7,3,1,5,1,1,1,0,0,0,0,0,802694,6855,5825378,316
212741,11,5,5200631,2021,6,15,3,3,2,6,0,1,1,0,0,0,0,0,785131,892,5827149,393
212740,11,4,4200311,2021,6,13,7,3,2,6,0,0,1,0,0,0,0,0,790526,8628,5825503,163
212739,11,9,9501939,2021,6,7,2,3,5,3,0,1,1,0,0,0,0,0,810896,862,5821449,99
212738,11,1,1100101,2021,6,9,3,3,5,2,0,0,0,0,1,0,1,0,794816,6533,5826249,365
212737,11,6,6100103,2021,6,13,7,3,6,7,0,0,1,1,0,0,0,0,792735,4257,5821724,893
212736,11,3,3300517,2021,6,16,7,3,5,3,0,1,0,0,0,0,0,0,803373,3914,5833512,452
212735,11,2,2300316,2021,7,15,7,3,0,1,0,0,0,0,0,0,1,0,801187,7925,5825955,218
212734,11,9,9200715,2021,6,6,6,3,5,2,0,0,1,0,0,0,0,0,807407,227,5818315,324
212733,11,11,11300620,2021,6,10,2,2,2,5,0,0,1,0,1,0,0,0,804138,5683,5829833,839
212732,11,7,7400927,2021,5,6,4,3,0,3,0,1,1,0,0,0,0,0,799355,7106,5820863,55
212731,11,9,9100408,2021,6,14,4,3,5,2,0,1,1,0,0,0,0,1,806735,4549,5820274,535
212730,11,1,1200626,2021,7,18,3,3,5,2,0,1,1,0,0,0,0,0,795123,7221,5828265,482
212729,11,9,9401329,2021,7,16,3,3,5,2,0,0,1,0,0,0,0,0,812095,9145,5819741,53
212728,11,2,2200211,2021,6,15,4,3,2,3,0,1,1,0,0,0,0,0,797960,1786,5824571,611
212727,11,3,3601142,2021,5,18,7,3,5,2,0,1,1,0,0,0,0,0,799180,7404,5831110,348
212726,11,10,10400837,2021,6,16,5,2,5,3,0,1,0,0,0,0,1,0,810382,5089,5824561,473
212725,11,1,1100309,2021,6,9,4,3,4,5,0,1,0,0,0,0,0,0,798177,284,5828904,221
212724,11,12,12100103,2021,6,12,3,3,3,3,0,0,1,0,1,0,0,1,795601,2893,5833507,631
212723,11,4,4500939,2021,6,13,7,3,2,6,0,0,1,0,0,0,1,0,792030,149,5824055,296
212722,11,3,3100103,2021,7,7,6,3,5,3,0,0,1,0,0,0,1,1,804232,9799,5840166,668
212721,11,5,5300841,2021,6,14,2,2,5,2,0,1,1,0,0,0,0,0,789689,3957,5829491,977
212720,11,8,8100104,2021,6,5,6,3,5,3,0,0,1,0,1,0,0,0,800770,4701,5822754,97
212719,11,4,4501150,2021,6,14,2,2,0,7,0,0,0,0,0,0,1,0,793449,262,5823744,64
212718,11,6,6100101,2021,6,13,3,3,5,2,0,0,1,0,0,0,0,0,793156,5697,5820825,201
212717,11,2,2100104,2021,6,14,7,3,5,2,0,1,1,0,0,0,0,1,799326,8857,5826227,88
212716,11,2,2500833,2021,6,18,7,2,1,5,0,1,1,0,0,0,0,0,802366,6782,5827087,306
212715,11,1,1100416,2021,7,19,7,3,0,1,0,1,0,0,0,0,0,0,798715,635,5829536,34
212714,11,1,1100415,2021,6,9,4,3,0,1,0,1,0,0,0,0,0,0,798290,3113,5829368,483
212713,11,5,5100313,2021,6,17,7,3,6,4,0,0,1,1,0,0,0,0,785497,819,5830977,481
212712,11,10,10100102,2021,6,10,2,3,5,2,0,0,1,0,0,0,0,0,809785,1803,5834076,55
212711,11,4,4200310,2021,5,8,3,3,5,2,0,0,0,0,1,1,0,0,789455,2847,5826663,663
212710,11,9,9200512,2021,6,9,4,2,7,7,0,1,0,0,0,0,0,1,808315,2441,5821807,1
212709,11,4,4400728,2021,7,15,2,3,2,6,0,0,1,0,0,0,1,0,789623,1081,5823342,911
212708,11,4,4300622,2021,7,18,3,3,6,7,0,0,0,1,0,0,1,0,793812,7206,5826874,58
212707,11,12,12200310,2021,6,20,4,3,3,6,1,0,1,0,1,0,0,0,792154,882,5833318,896
212706,11,11,11100204,2021,5,15,7,3,5,2,0,0,1,0,0,0,0,0,806612,698,5833487,62
212705,11,4,4500937,2021,6,16,5,3,2,6,0,1,1,0,0,0,0,0,791557,605,5825089,88
212704,11,1,1401048,2021,6,16,4,2,5,3,0,1,0,0,0,0,1,0,795615,608,5831721,991
212703,11,8,8401241,2021,6,20,3,2,5,3,0,1,1,0,0,0,0,0,804304,8149,5819651,577
212702,11,8,8100312,2021,6,0,7,3,0,5,2,1,1,0,0,0,0,0,800966,747,5824222,353
212701,11,4,4300619,2021,6,16,3,3,2,7,0,1,1,0,0,0,0,0,792929,7422,5827460,336
212700,11,8,8100102,2021,6,13,4,3,3,6,0,1,1,0,0,0,0,0,800538,3804,5823367,33
212699,11,7,7501031,2021,6,9,2,3,2,6,0,0,1,0,0,0,0,0,798827,7997,5819325,926
212698,11,8,8200726,2021,6,15,1,3,8,1,0,0,1,0,0,0,0,0,801428,2045,5820221,118
212697,11,1,1100207,2021,7,18,1,2,0,1,0,1,0,0,0,0,0,0,798679,4423,5827605,622
212696,11,12,12400723,2021,6,1,1,2,1,1,2,0,1,0,0,0,0,0,791540,4484,5838595,421
212695,11,11,11200410,2021,7,15,5,2,5,2,0,0,1,0,1,0,0,1,805228,1729,5832195,906
212694,11,7,7300517,2021,7,19,3,3,5,3,0,1,0,0,0,0,0,0,794013,936,5822307,268
212693,11,11,11400927,2021,7,17,5,3,2,6,0,0,1,0,0,0,0,1,803503,771,5826622,326
212692,11,6,6400838,2021,6,17,5,3,5,3,0,0,1,0,0,0,0,0,787676,2945,5819239,108
212691,11,4,4100101,2021,5,10,2,3,6,6,0,0,1,1,0,0,0,0,792320,8463,5829777,308
212690,11,4,4501045,2021,6,12,6,3,0,7,0,0,0,0,1,0,0,1,793964,7336,5825058,547
212689,11,4,4501148,2021,6,7,5,3,2,6,0,0,1,0,0,0,0,1,792776,6692,5823180,315
212688,11,4,4100101,2021,6,16,3,3,2,6,0,0,1,0,0,1,0,0,793338,4803,5829736,306
212687,11,8,8100206,2021,6,23,1,3,1,5,2,1,1,0,0,0,0,0,800340,349,5824312,548
212686,11,9,9401534,2021,6,13,1,3,1,5,0,1,1,0,0,0,0,0,810841,3529,5820488,318
212685,11,4,4200203,2021,5,11,5,3,8,1,0,0,1,0,0,0,0,1,788159,9492,5827233,64
212684,11,4,4501045,2021,6,18,4,3,5,2,0,1,1,0,0,0,0,0,793703,2835,5824901,188
212683,11,6,6400735,2021,5,13,2,2,0,1,0,1,0,0,0,0,0,0,780942,654,5816417,592
212682,11,7,7501030,2021,6,11,2,3,5,2,0,0,1,0,0,0,0,0,798019,162,5819648,38
212681,11,2,2100101,2021,7,18,2,3,5,2,0,1,1,0,0,0,0,0,797696,1692,5825814,989
212680,11,1,1300731,2021,7,8,5,3,5,3,0,1,1,0,0,0,0,1,797393,8528,5833148,267
212679,11,5,5200423,2021,7,9,6,2,9,1,0,0,1,0,0,1,0,1,780867,362,5828328,922
212678,11,7,7100205,2021,6,13,6,3,5,2,0,1,1,0,0,0,0,0,796226,294,5824934,937
212677,11,2,2100104,2021,6,15,5,3,2,6,0,1,1,0,0,0,0,0,799290,9507,5826219,902
212676,11,1,1100313,2021,6,6,2,2,5,2,0,0,1,0,1,0,0,0,800026,2196,5827062,279
212675,11,8,8100207,2021,5,16,2,3,5,3,0,1,1,0,0,0,0,0,801306,9866,5823560,345
212674,11,9,9300920,2021,6,18,6,3,0,6,0,1,0,0,1,0,0,0,807801,8161,5817892,561
212673,11,4,4501153,2021,6,16,6,3,2,6,0,1,1,0,0,0,0,0,794158,5984,5824051,833
212672,11,1,1100416,2021,7,16,6,3,5,3,0,1,1,0,0,0,0,0,798590,558,5829515,34
212671,11,3,3601449,2021,6,7,4,2,5,3,0,1,1,0,0,0,0,0,801915,177,5830324,167
212670,11,3,3200205,2021,6,12,6,3,5,3,0,0,1,0,1,0,0,1,797427,6141,5835040,919
212669,11,2,2300314,2021,5,7,6,3,5,3,0,1,1,0,0,0,0,1,800216,4193,5825989,203
212668,11,2,2100106,2021,6,16,5,3,5,3,0,1,0,0,0,0,1,0,798599,2669,5825564,824
212667,11,1,1100311,2021,7,18,7,3,0,5,0,1,1,0,0,0,0,0,799727,2819,5827762,737
212666,11,8,8100314,2021,5,20,3,3,6,7,1,0,1,1,0,0,0,1,801001,9074,5823918,226
212665,11,4,4200308,2021,6,15,3,3,2,6,0,0,1,0,0,0,0,0,790360,8215,5827303,304
212664,11,5,5100105,2021,7,12,2,3,5,3,0,0,1,0,0,0,1,0,784554,2531,5831268,461
212663,11,1,1400937,2021,7,12,3,3,5,3,0,0,1,0,0,0,0,0,794138,6871,5831512,42
212662,11,4,4300622,2021,5,17,6,3,2,6,0,0,1,0,0,0,0,1,793163,1978,5826876,693
212661,11,6,6300633,2021,6,8,4,3,5,2,0,1,1,0,0,0,0,0,793217,9885,5819625,733
212660,11,4,4501044,2021,7,11,7,2,1,7,0,0,1,0,1,0,0,1,793384,7463,5824667,413
212659,11,8,8401243,2021,6,13,2,3,3,6,0,1,1,0,0,0,0,0,805575,1205,5818616,129
212658,11,2,2300316,2021,6,18,6,3,5,3,0,1,1,0,0,0,0,0,800734,127,5826517,945
212657,11,4,4501042,2021,6,13,3,3,3,5,0,0,1,0,0,0,1,0,794035,2215,5826211,419
212656,11,4,4501147,2021,6,17,3,3,2,6,0,1,1,0,0,0,0,0,793337,775,5824156,623
212655,11,7,7400927,2021,6,11,7,3,6,7,0,1,0,1,0,0,0,0,797997,6256,5821777,244
212654,11,12,12100205,2021,6,10,6,2,5,3,0,0,1,0,0,0,0,0,794853,6954,5833052,7
212653,11,12,12200515,2021,7,17,7,3,5,2,0,1,1,0,0,0,0,0,790566,889,5834487,95
212652,11,8,8401241,2021,6,15,6,3,5,3,0,1,1,0,0,0,0,0,804047,679,5819184,494
212651,11,11,11300721,2021,5,18,3,3,2,6,0,0,1,0,0,1,0,0,805498,8516,5830035,609
212650,11,3,3200205,2021,6,14,4,3,6,4,0,0,0,1,0,0,1,1,797209,905,5835567,8
212649,11,9,9401534,2021,7,14,3,3,5,7,0,1,0,0,0,0,0,0,810872,4751,5820661,613
212648,11,3,3300412,2021,7,19,4,3,1,5,0,1,1,0,0,0,0,0,802695,2622,5838302,644
212647,11,10,10100104,2021,6,0,5,2,6,4,2,0,0,1,0,0,1,0,809827,9459,5833677,366
212646,11,1,1300730,2021,5,22,7,3,5,3,2,0,1,0,0,0,0,0,796255,2321,5832161,102
212645,11,4,4300416,2021,6,16,5,3,2,6,0,1,1,0,0,0,0,0,791711,9303,5826229,797
212644,11,5,5300735,2021,6,15,4,3,6,7,0,0,1,1,0,0,0,0,786424,7,5831257,687
212643,11,3,3601243,2021,6,17,3,3,5,3,0,1,1,0,0,0,0,0,799752,5576,5831712,52
212642,11,7,7200410,2021,6,18,1,3,1,5,0,1,1,0,0,0,0,0,795564,8758,5823446,66
212641,11,3,3601450,2021,6,15,3,3,5,3,0,1,1,0,0,0,0,0,802208,659,5829873,311
212640,11,1,1100103,2021,6,14,4,3,5,3,0,1,1,0,0,0,0,0,795886,7211,5826215,599
212639,11,2,2300314,2021,6,9,1,3,1,5,0,1,1,0,0,0,0,0,799955,1026,5826104,443
212638,11,9,9100101,2021,7,22,1,3,6,7,2,1,0,1,0,0,0,0,801752,573,5825271,98
212637,11,2,2400624,2021,6,2,7,3,5,3,2,0,1,0,0,0,0,0,801603,31,5827361,479
212636,11,3,3601141,2021,7,8,5,3,2,6,0,0,1,0,0,0,0,1,799213,9422,5831806,162
212635,11,11,11100203,2021,7,15,5,3,5,2,0,1,1,0,0,0,0,0,807654,27,5833601,2
212634,11,10,10300731,2021,6,8,5,3,5,3,0,1,1,0,0,0,0,0,808901,1226,5828544,253
212633,11,1,1200627,2021,5,10,2,3,5,3,0,1,1,0,0,0,0,0,795993,9429,5828711,501
212632,11,5,5200630,2021,6,17,5,2,1,5,0,1,1,0,0,0,0,0,784623,6041,5827267,16
212631,11,8,8100415,2021,6,9,5,3,5,3,0,0,1,0,0,0,0,1,801820,1934,5823629,994
212630,11,11,11300722,2021,6,8,3,3,5,2,0,1,1,0,0,0,0,0,804243,673,5828690,661
212629,11,8,8200726,2021,6,17,2,3,5,2,0,0,1,0,0,0,0,0,802369,5023,5819917,824
212628,11,7,7300515,2021,5,8,4,3,5,3,0,0,1,0,0,0,0,0,793481,7995,5822494,248
212627,11,1,1100311,2021,6,7,4,3,1,5,0,0,1,1,0,1,0,0,799600,302,5827719,227
212626,11,4,4300414,2021,5,16,2,3,5,2,0,1,1,0,0,0,0,0,791755,3171,5827273,985
212625,11,4,4501043,2021,6,15,2,3,1,5,0,0,1,0,0,0,0,0,792886,3761,5824734,415
212624,11,10,10200525,2021,7,12,2,3,5,3,0,1,1,0,0,0,0,1,812925,8163,5830027,826
212623,11,7,7100102,2021,6,14,3,3,5,3,0,1,1,0,0,0,0,0,794963,5639,5825229,694
212622,11,1,1100101,2021,6,3,4,3,9,1,2,0,1,0,0,0,0,0,795119,4528,5826500,179
212621,11,8,8401244,2021,6,16,1,3,5,3,0,0,1,0,0,0,0,0,805920,3297,5816218,728
212620,11,2,2200213,2021,7,13,7,3,0,7,0,1,0,0,0,0,0,0,800213,72,5824624,682
212619,11,1,1400942,2021,6,16,1,3,0,1,0,0,0,0,1,0,0,0,794624,3051,5830520,777
212618,11,2,2200209,2021,7,10,5,3,2,6,0,0,1,0,0,0,0,1,797107,5952,5824317,31
212617,11,4,4501041,2021,7,6,5,3,5,3,0,0,1,0,1,0,0,0,793138,696,5825742,545
212616,11,3,3601243,2021,6,3,5,3,3,6,2,0,1,0,0,1,0,0,799342,9692,5831760,127
212615,11,9,9200715,2021,5,18,1,3,0,7,0,1,0,0,0,0,0,0,807616,7851,5819332,449
212614,11,2,2500830,2021,6,14,6,3,0,7,0,1,1,0,0,0,0,0,802383,9197,5827444,469
212613,11,4,4300623,2021,6,18,4,3,1,5,0,1,1,0,0,0,0,0,791992,7736,5826118,136
212612,11,2,2200209,2021,6,18,3,3,5,2,0,1,1,0,0,0,0,0,797747,773,5824596,665
212611,11,9,9501737,2021,6,19,1,3,3,6,0,1,1,0,0,0,0,0,814400,1628,5820789,9
212610,11,1,1100310,2021,5,16,4,3,2,6,0,0,1,0,0,0,0,0,799502,2274,5827569,922
212609,11,2,2100104,2021,6,18,4,3,5,2,0,1,1,0,0,0,0,0,798928,399,5826354,184
212608,11,5,5100209,2021,5,0,2,2,0,1,2,0,0,0,0,0,1,0,783221,2789,5830516,15
212607,11,2,2500836,2021,6,21,2,3,0,3,1,1,0,0,0,0,0,0,803126,2684,5825697,723
212606,11,4,4501148,2021,7,18,2,3,5,2,0,1,1,0,0,0,0,0,793021,9065,5823391,714
212605,11,1,1200520,2021,7,18,6,3,5,2,0,1,1,0,0,0,0,0,794542,8657,5829070,284
212604,11,2,2100106,2021,7,16,6,3,0,6,2,0,1,0,0,0,0,1,799863,3527,5825697,637
212603,11,4,4200206,2021,6,15,6,3,5,2,0,1,1,0,0,0,0,0,786240,194,5826006,448
212602,11,2,2500832,2021,6,7,5,3,5,2,0,1,0,0,0,0,1,0,803339,1096,5826745,938
212601,11,3,3200204,2021,6,11,2,3,0,1,0,1,0,0,0,0,0,0,799622,7834,5839969,79
212600,11,8,8100521,2021,5,18,2,3,6,4,0,1,0,1,0,0,0,0,803362,5617,5822514,492
212599,11,2,2300314,2021,6,18,6,3,2,6,0,1,1,0,0,0,0,0,799874,1357,5825991,922
212598,11,1,1100104,2021,6,7,6,3,5,2,0,1,0,0,0,0,1,0,796270,399,5825955,871
212597,11,12,12200515,2021,7,20,6,3,5,3,0,0,1,0,0,0,0,0,790138,6932,5835783,1
212596,11,5,5100315,2021,6,8,4,2,5,3,0,1,1,0,0,0,0,0,784358,2689,5830020,962
212595,11,4,4200311,2021,6,18,6,3,2,2,0,0,1,0,0,0,0,0,790490,4041,5826692,647
212594,11,7,7300515,2021,5,9,6,3,5,3,0,1,1,0,0,0,0,1,793902,8276,5822499,164
212593,11,10,10100311,2021,6,13,5,3,0,1,0,0,0,0,1,0,0,1,806792,1458,5830310,222
212592,11,7,7601544,2021,7,1,1,3,0,1,2,0,0,0,0,0,1,0,799800,3395,5813978,632
212591,11,1,1200520,2021,5,18,3,3,2,6,0,0,1,0,1,0,0,1,794575,472,5828693,176
212590,11,3,3400722,2021,6,15,3,3,0,1,0,0,0,0,1,0,0,1,798546,5099,5834188,897
212589,11,6,6100101,2021,7,19,2,3,5,3,0,1,1,0,0,0,0,0,792714,3537,5821672,896
212588,11,11,11400929,2021,7,19,3,3,1,5,0,1,1,0,0,0,0,0,805171,9609,5826697,107
212587,11,6,6200316,2021,5,15,1,3,1,5,0,1,1,0,0,0,0,0,796038,4211,5817568,164
212586,11,7,7200308,2021,6,12,4,3,6,4,0,1,0,1,0,0,0,0,795361,6807,5823267,792
212585,11,7,7300618,2021,6,12,4,3,5,3,0,0,1,0,0,0,0,1,794900,6224,5822846,27
212584,11,6,6300526,2021,7,18,7,3,5,3,0,0,1,0,0,0,0,0,788369,508,5817750,829
212583,11,9,9300920,2021,6,14,3,3,5,3,0,1,1,0,0,0,0,0,807727,947,5817906,922
212582,11,5,5100103,2021,6,21,6,2,5,2,1,0,1,0,0,0,1,0,785258,561,5832246,747
212581,11,4,4300620,2021,6,18,3,3,0,1,0,1,0,0,0,0,0,0,794168,8174,5827040,91
212580,11,10,10200422,2021,6,17,3,3,5,3,0,1,1,0,0,0,0,0,812167,6208,5831026,52
212579,11,9,9502043,2021,6,16,7,3,0,7,0,0,1,0,0,0,1,0,809486,8017,5822444,5
212578,11,9,9401329,2021,6,14,2,3,5,3,0,1,1,0,0,0,0,0,811975,3173,5819352,387
212577,11,3,3601142,2021,7,1,1,3,0,1,2,1,0,0,0,0,0,0,798371,6029,5830966,889
212576,11,1,1100207,2021,6,12,7,3,5,3,0,1,1,0,0,0,0,0,797893,5852,5826671,35
212575,11,6,6400844,2021,5,12,4,3,2,6,0,0,1,0,1,0,0,0,792678,8819,5821764,998
212574,11,12,12100103,2021,6,16,4,3,8,1,0,0,1,0,0,0,0,1,795346,1042,5833856,879
212573,11,6,6300632,2021,7,13,3,3,6,4,0,0,1,1,0,0,0,0,791146,1142,5816515,8
212572,11,1,1100102,2021,7,0,4,3,5,2,2,1,0,0,0,0,1,1,796635,3528,5826670,841
212571,11,2,2100102,2021,6,1,5,3,0,1,2,1,0,0,0,0,0,0,798378,4254,5826334,29
212570,11,9,9502043,2021,5,20,2,3,5,3,0,1,1,0,0,0,0,0,809220,3308,5823020,642
212569,11,2,2300417,2021,6,19,5,3,1,5,0,1,1,0,0,0,0,0,800611,7008,5825228,977
212568,11,8,8200730,2021,6,14,4,3,6,7,0,0,1,1,0,0,0,0,802234,33,5817989,746
212567,11,1,1400938,2021,6,17,3,3,9,1,0,0,0,0,0,0,1,0,794813,2772,5831330,605
212566,11,7,7601341,2021,6,19,1,3,5,3,0,1,1,0,0,0,0,0,797247,117,5815532,195
212565,11,10,10100205,2021,6,14,3,3,5,3,0,0,1,0,1,0,0,0,807645,3158,5830814,869
212564,11,6,6400737,2021,6,17,4,3,5,3,0,1,1,0,0,0,0,0,784821,1083,5815911,144
212563,11,11,11300722,2021,6,13,2,3,0,1,0,0,0,0,1,0,0,0,803912,1891,5828207,871
212562,11,10,10200421,2021,7,16,2,3,5,3,0,1,1,0,0,0,0,0,812065,247,5830623,542
212561,11,6,6100204,2021,6,12,7,3,2,6,0,0,1,0,0,0,0,0,795437,7767,5820670,573
212560,11,6,6300634,2021,7,14,5,2,0,3,0,1,0,0,1,0,0,1,791955,78,5819040,467
212559,11,6,6100209,2021,7,11,5,3,0,4,0,0,0,1,1,0,0,0,794546,8518,5821690,419
212558,11,3,3400723,2021,6,15,6,3,5,2,0,1,0,0,0,0,1,0,798731,7397,5833693,401
212557,11,3,3501038,2021,6,15,2,2,2,6,0,0,1,0,0,0,0,0,803354,1058,5831597,994
212556,11,10,10300734,2021,6,12,2,2,2,6,0,0,1,0,0,0,1,0,809596,4906,5825649,215
212555,11,7,7100204,2021,5,18,2,3,2,7,0,0,1,0,0,0,0,0,795709,1259,5824900,282
212554,11,4,4300414,2021,6,11,6,3,6,2,0,0,1,1,0,0,0,0,791746,4094,5827243,136
212553,11,9,9200715,2021,6,17,6,3,5,2,0,0,1,0,1,0,0,0,807413,2478,5818310,789
212552,11,4,4300622,2021,6,4,3,3,0,1,1,0,1,0,1,0,0,0,792970,5223,5827374,955
212551,11,2,2300316,2021,6,7,6,3,5,3,0,1,1,0,0,0,0,1,800682,474,5826404,124
212550,11,4,4500936,2021,6,16,2,3,5,3,0,0,1,0,1,0,0,0,792202,149,5825328,683
212549,11,4,4300622,2021,5,18,5,3,3,2,0,1,1,0,0,0,0,1,793542,3418,5826084,529
212548,11,4,4501043,2021,6,17,4,2,5,2,0,1,1,0,0,0,0,0,792674,4122,5825313,971
212547,11,3,3500933,2021,7,13,1,3,5,2,0,0,1,0,1,0,0,0,802141,4631,5832019,6
212546,11,7,7300619,2021,5,20,2,3,2,6,0,1,1,0,0,0,0,0,795142,8443,5822289,512
212545,11,1,1401045,2021,6,21,3,3,5,2,1,1,1,0,0,0,0,1,796676,8063,5831911,272
212544,11,7,7200409,2021,7,20,3,3,1,5,0,1,1,0,0,0,0,0,795528,7762,5824442,674
212543,11,6,6300630,2021,7,20,5,2,6,4,0,0,1,1,0,0,0,0,793377,268,5819104,88
212542,11,7,7601442,2021,6,14,2,3,1,5,0,1,1,0,0,0,0,0,798610,4941,5815277,31
212541,11,2,2300316,2021,6,19,6,3,5,3,0,0,1,0,0,0,0,0,800624,9911,5826274,656
212540,11,8,8200623,2021,6,17,5,3,1,5,0,1,1,0,0,0,0,0,802023,5675,5821140,207
212539,11,12,12500926,2021,6,11,3,3,1,5,0,1,1,0,0,0,0,0,793199,3588,5835582,681
212538,11,4,4501045,2021,6,15,3,2,5,2,0,1,0,0,0,1,0,0,793472,7295,5824731,127
212537,11,8,8100103,2021,6,20,6,3,2,6,0,1,1,0,0,0,0,0,800596,403,5823192,768
212536,11,4,4200204,2021,6,14,7,2,5,3,0,1,1,0,0,0,0,0,786560,8085,5826160,343
212535,11,2,2400623,2021,7,17,7,2,6,4,0,0,1,1,0,0,0,0,800372,4926,5827151,858
212534,11,2,2200213,2021,6,7,4,3,3,6,0,0,1,0,1,0,0,0,799136,8572,5825047,94
212533,11,5,5200634,2021,6,16,6,3,2,2,0,0,1,0,0,0,1,0,785568,7999,5826169,469
212532,11,11,11200410,2021,6,8,4,2,6,4,0,0,0,1,0,0,1,0,805820,3768,5832299,9
212531,11,5,5200528,2021,5,17,3,3,2,6,0,0,1,0,0,1,0,1,783477,4397,5826725,86
212530,11,1,1300733,2021,6,8,4,3,2,2,0,1,1,0,0,0,0,1,797402,4386,5831562,494
212529,11,6,6300633,2021,7,8,2,3,0,1,0,0,0,0,1,0,0,1,793215,9351,5819678,802
212528,11,1,1100311,2021,7,13,4,3,0,6,0,0,1,0,1,0,0,1,799639,9303,5827966,74
212527,11,11,11200515,2021,6,13,4,2,5,3,0,0,1,0,0,0,1,0,806066,3865,5830635,929
212526,11,2,2300417,2021,5,14,7,3,0,5,0,0,1,0,1,0,0,0,800505,6789,5825737,572
212525,11,9,9200613,2021,6,5,5,3,5,2,0,1,1,0,0,0,0,0,806804,3765,5821333,531
212524,11,9,9300920,2021,6,14,4,3,4,7,0,0,1,1,0,0,0,1,809544,5391,5816903,315
212523,11,1,1200520,2021,7,1,7,3,1,5,2,1,1,0,0,0,0,1,794410,9275,5828450,401
212522,11,1,1200522,2021,6,23,3,2,0,1,2,0,0,0,1,0,0,0,793711,5073,5827990,802
212521,11,8,8100311,2021,6,20,7,3,1,5,1,1,1,0,0,0,0,0,800786,7855,5824395,919
212520,11,12,12200310,2021,6,13,3,2,0,6,0,0,1,0,0,0,1,0,791887,2744,5833519,9
212519,11,4,4500936,2021,6,12,4,2,1,5,0,1,1,0,0,0,0,0,792032,5661,5825774,21
212518,11,6,6300526,2021,6,16,2,3,5,2,0,1,1,0,0,0,0,0,789264,725,5818036,844
212517,11,6,6200313,2021,6,11,1,3,5,3,0,1,0,0,0,0,1,0,795670,9119,5818239,31
212516,11,9,9200717,2021,7,19,7,3,5,2,0,1,1,0,0,0,0,0,809679,5441,5819053,417
212515,11,4,4400727,2021,7,10,6,3,0,5,0,1,1,0,0,0,0,1,791494,6215,5824379,773
212514,11,12,12500825,2021,6,15,6,3,5,3,0,0,0,0,0,0,1,0,792382,122,5835069,896
212513,11,8,8100418,2021,6,19,5,3,5,3,0,1,0,0,0,0,0,0,801970,3682,5824055,27
212512,11,9,9401534,2021,6,16,2,3,0,2,0,1,1,0,0,0,0,0,811393,8941,5820154,178
212511,11,1,1100103,2021,5,11,2,3,5,3,0,0,1,0,0,0,0,0,795326,272,5826174,152
212510,11,2,2100102,2021,6,23,6,3,1,5,2,1,1,0,0,0,0,0,797951,8774,5826271,524
212509,11,1,1100416,2021,6,20,7,3,0,1,0,1,0,0,0,0,0,0,798563,2307,5829229,599
212508,11,2,2300314,2021,7,6,7,3,6,7,0,0,0,1,0,0,1,0,799859,8127,5825843,921
212507,11,5,5200629,2021,6,17,4,2,6,2,0,0,1,1,0,0,0,0,784706,2844,5828588,154
212506,11,6,6300629,2021,6,17,6,3,5,2,0,1,1,0,0,0,0,0,792232,6313,5819593,975
212505,11,11,11300721,2021,5,10,6,3,6,3,0,0,1,1,0,0,0,1,804576,2215,5829087,463
212504,11,4,4501147,2021,6,9,5,3,2,6,0,1,0,0,0,0,1,0,793235,1934,5823985,129
212503,11,7,7400826,2021,7,15,1,3,5,2,0,1,1,0,0,0,0,0,796697,7054,5820025,31
212502,11,2,2100104,2021,5,13,2,3,5,3,0,0,1,0,0,0,1,0,798923,6474,5826331,588