OBJECTID,LAND,BEZ,LOR_ab_2021,UJAHR,UMONAT,USTUNDE,UWOCHENTAG,UKATEGORIE,UART,UTYP1,ULICHTVERH,IstRad,IstPKW,IstFuss,IstKrad,IstGkfz,IstSonstige,USTRZUSTAND,LINREFX,LINREFY,XGCSWGS84,YGCSWGS84
212501,11,2,2200210,2021,6,18,3,3,0,7,0,1,0,0,0,0,0,0,799011,8678,5825071,293
212500,11,2,2400623,2021,7,9,3,2,5,2,0,0,1,0,0,0,0,0,801206,2052,5827463,356
212499,11,3,3601245,2021,7,20,3,2,5,3,0,1,1,0,0,0,0,0,800770,7764,5831325,521
212498,11,1,1401043,2021,5,8,7,2,0,5,0,0,0,0,1,0,1,0,795595,531,5830834,488
212497,11,4,4500936,2021,6,15,5,3,1,5,0,1,1,0,0,0,0,0,792215,5131,5825549,451
212496,11,9,9200715,2021,6,13,4,3,5,2,0,1,1,0,0,0,0,0,808207,9399,5818840,293
212495,11,3,3400721,2021,7,1,7,3,6,2,2,0,1,1,0,0,0,1,797879,4,5833069,571
212494,11,4,4501041,2021,6,9,2,3,5,7,0,1,1,0,0,0,0,0,792956,4381,5825757,269
212493,11,4,4500936,2021,6,18,6,2,5,2,0,0,1,0,1,0,0,0,792104,753,5825766,933
212492,11,4,4200308,2021,6,8,3,3,5,3,0,0,1,0,0,0,0,0,789836,3889,5827385,346
212491,11,1,1300835,2021,6,7,3,2,5,3,0,1,1,0,0,0,0,0,796983,5672,5830179,275
212490,11,2,2300315,2021,6,21,1,3,1,5,1,1,1,0,0,0,0,0,800256,8618,5825845,944
212489,11,6,6200422,2021,6,17,1,3,6,2,0,0,1,1,0,0,0,0,794515,7038,5817170,714
212488,11,3,3500934,2021,7,16,1,2,5,2,0,0,1,0,1,0,0,0,800424,5092,5832291,211
212487,11,8,8301037,2021,6,14,1,3,2,6,0,0,1,0,0,0,0,0,804151,486,5817808,473
212486,11,9,9300922,2021,6,12,1,3,5,3,0,0,1,0,0,0,0,0,808183,3165,5815760,559
212485,11,3,3400620,2021,5,15,3,3,5,3,0,1,1,0,0,0,0,1,797950,9118,5833664,184
212484,11,8,8100417,2021,6,11,4,3,2,6,0,0,1,0,0,0,0,1,802603,269,5823076,336
212483,11,2,2200210,2021,7,17,3,3,5,2,0,0,1,0,0,0,1,0,798798,9592,5824938,684
212482,11,3,3200309,2021,7,10,4,3,2,6,0,0,1,0,0,1,0,1,800743,5713,5838674,5
212481,11,10,10300734,2021,6,6,5,3,2,6,0,1,0,0,0,0,1,0,809552,6471,5826699,676
212480,11,5,5200629,2021,6,16,2,3,1,5,0,0,1,0,0,0,0,0,784163,5921,5828032,437
212479,11,8,8100314,2021,5,23,1,2,5,3,2,0,1,0,1,0,0,0,801017,5482,5823887,564
212478,11,8,8200726,2021,6,17,5,3,6,7,0,0,0,1,1,0,0,0,801468,8944,5820370,328
212477,11,11,11200514,2021,6,16,4,3,5,3,0,1,1,0,0,0,0,0,804994,8568,5830197,531
212476,11,5,5100313,2021,6,17,3,3,5,2,0,1,1,0,0,0,0,0,785173,9029,5830986,273
212475,11,9,9501737,2021,6,20,7,2,0,1,0,0,0,0,1,0,0,1,814202,5218,5821315,22
212474,11,7,7400824,2021,5,18,5,2,0,2,0,0,1,0,0,0,1,1,797845,5417,5822041,972
212473,11,1,1300836,2021,6,8,4,3,5,2,0,0,1,0,1,0,0,0,796850,3065,5830637,285
212472,11,5,5100210,2021,5,16,1,3,5,2,0,0,1,0,0,0,0,0,784170,491,5830056,296
212471,11,1,1300836,2021,6,15,2,3,5,2,0,0,1,0,0,0,0,0,796291,6715,5830599,411
212470,11,9,9300922,2021,7,19,2,3,5,3,0,1,1,0,0,0,0,0,807903,28,5815334,351
212469,11,1,1401044,2021,6,20,4,2,5,3,1,0,1,0,1,0,0,0,796121,416,5831193,362
212468,11,5,5100101,2021,7,7,6,3,6,4,0,1,0,1,0,0,0,0,785413,7548,5833157,779
212467,11,4,4501041,2021,7,13,5,3,6,2,0,0,1,1,0,0,0,0,792966,5567,5825541,686
212466,11,2,2200207,2021,6,11,6,3,5,2,0,1,1,0,0,0,0,0,797090,4104,5824707,864
212465,11,2,2400522,2021,6,8,5,2,2,6,0,0,1,0,0,0,0,0,801610,2569,5828869,682
212464,11,9,9200715,2021,6,16,2,3,2,2,0,0,1,0,1,0,0,0,809059,6504,5818759,475
212463,11,4,4400726,2021,6,9,3,3,5,3,0,1,1,0,0,0,0,0,791095,3446,5823983,181
212462,11,12,12500824,2021,6,19,6,3,5,3,0,1,1,0,0,0,0,0,790629,6702,5835988,963
212461,11,1,1100308,2021,6,16,6,3,4,6,0,1,1,0,0,0,0,0,796995,1064,5828649,303
212460,11,11,11100101,2021,6,16,4,3,0,6,0,1,1,0,0,0,0,0,807265,8063,5835970,469
212459,11,4,4200309,2021,6,12,6,3,5,3,0,0,1,0,0,0,0,0,789074,831,5827182,24
212458,11,4,4300517,2021,6,15,2,3,0,6,0,0,1,0,1,0,0,0,791702,6409,5827827,104
212457,11,4,4300620,2021,5,4,6,2,8,7,1,0,1,0,0,0,0,0,793516,196,5827652,86
212456,11,4,4200203,2021,6,12,4,3,2,6,0,0,0,0,1,0,0,0,788000,3439,5826601,195
212455,11,8,8200725,2021,7,14,1,3,0,3,0,0,1,0,1,0,0,0,799922,841,5819071,996
212454,11,1,1200623,2021,5,15,3,3,5,3,0,0,1,0,0,0,0,1,795104,3273,5828858,389
212453,11,3,3601243,2021,6,11,3,3,3,6,0,1,1,0,0,0,0,0,799932,3894,5831724,626
212452,11,3,3601346,2021,7,19,3,3,0,1,0,1,0,0,0,0,0,0,799252,2706,5830516,565
212451,11,9,9200717,2021,7,15,6,3,6,4,0,0,0,1,1,0,0,0,809336,44,5819648,624
212450,11,1,1100414,2021,6,14,2,3,1,5,0,1,1,0,0,0,1,0,797223,6718,5829184,324
212449,11,8,8100417,2021,6,18,6,3,5,2,0,1,1,0,0,0,0,0,802576,84,5823079,536
212448,11,12,12500928,2021,6,20,3,3,3,6,0,0,1,0,0,0,0,0,792610,5158,5837534,336
212447,11,12,12400721,2021,6,11,3,3,5,3,0,1,1,0,0,0,0,0,791055,6428,5840426,821
212446,11,4,4500939,2021,6,15,1,3,3,6,0,0,1,0,1,0,0,0,792496,929,5824381,588
212445,11,1,1401046,2021,6,14,7,3,6,4,0,0,1,1,0,0,0,0,794624,4266,5829872,576
212444,11,6,6400736,2021,7,19,7,2,2,2,0,1,1,0,0,0,0,0,787373,8754,5816619,685
212443,11,1,1100415,2021,6,12,4,3,0,1,0,1,0,0,0,0,0,0,798301,8822,5829371,92
212442,11,1,1100310,2021,6,2,6,3,9,1,2,0,0,0,1,0,0,0,799481,4554,5828832,856
212441,11,1,1300834,2021,6,6,2,3,6,2,0,0,1,1,0,0,0,0,798088,9068,5829998,19
212440,11,4,4200308,2021,5,16,4,3,2,6,0,0,1,0,0,0,1,0,789480,8106,5827488,642
212439,11,2,2200210,2021,6,8,4,3,0,2,0,1,1,0,0,0,0,1,798492,5748,5825223,544
212438,11,8,8301036,2021,7,11,2,3,2,6,0,0,1,0,0,0,0,0,803816,5018,5818110,696
212437,11,10,10400938,2021,7,13,4,3,5,3,0,1,1,0,0,0,0,0,813001,15,5828494,14
212436,11,4,4400835,2021,6,8,4,3,6,4,0,0,1,1,0,0,0,0,793194,9833,5822520,326
212435,11,7,7501134,2021,5,11,7,3,2,6,0,0,1,0,1,0,0,0,799388,8175,5817704,35
212434,11,7,7200409,2021,6,14,5,3,6,4,0,0,0,1,1,0,0,0,795463,4403,5824419,78
212433,11,3,3100101,2021,6,15,4,3,5,2,0,0,1,0,0,0,1,0,803006,4692,5842057,867
212432,11,9,9100409,2021,6,18,3,3,0,1,0,1,0,0,0,0,0,0,806970,1868,5820068,175
212431,11,2,2200210,2021,6,3,7,3,0,1,1,0,0,0,1,0,0,0,798731,3426,5824997,661
212430,11,1,1400940,2021,6,16,3,3,5,2,0,1,1,0,0,0,0,0,795791,864,5832049,696
212429,11,7,7501134,2021,6,22,4,3,5,2,2,1,1,0,0,0,0,0,798320,2137,5818973,59
212428,11,4,4100101,2021,6,8,2,3,2,6,0,0,1,0,0,0,0,0,791096,6529,5829125,414
212427,11,4,4501041,2021,6,23,1,3,3,6,2,1,1,0,0,0,0,0,792864,1205,5825526,874
212426,11,3,3300516,2021,7,0,1,3,1,5,2,0,0,0,1,0,1,0,800135,3887,5833860,721
212425,11,4,4501040,2021,6,22,1,3,3,6,2,0,1,0,0,0,1,0,792338,3616,5825392,415
212424,11,1,1100313,2021,6,20,4,3,0,2,1,1,0,0,1,0,0,1,799768,6456,5826564,29
212423,11,9,9301228,2021,7,21,4,2,0,1,1,1,0,0,0,0,0,0,818693,3788,5812585,767
212422,11,1,1200517,2021,7,8,5,3,5,3,0,1,1,0,0,0,0,0,794421,5645,5829389,2
212421,11,2,2200207,2021,6,7,5,3,5,2,0,1,0,0,0,0,1,0,797090,9083,5824705,964
212420,11,8,8200623,2021,5,11,1,3,6,7,0,0,1,1,0,0,0,0,801393,9295,5821142,903
212419,11,3,3601141,2021,6,6,6,3,5,3,0,0,1,0,1,0,0,0,799240,6989,5831804,734
212418,11,12,12200309,2021,6,6,4,3,3,6,0,0,1,0,1,0,0,0,793585,6029,5832350,255
212417,11,3,3400721,2021,6,15,3,3,5,3,0,1,0,0,0,0,0,0,798050,2994,5832924,247
212416,11,7,7601544,2021,6,10,6,3,5,2,0,1,1,0,0,0,0,0,799436,499,5814036,82
212415,11,6,6400844,2021,6,15,2,3,2,6,0,0,1,0,0,0,0,0,790509,4402,5821289,576
212414,11,5,5100103,2021,6,18,1,3,6,4,0,0,1,1,0,0,0,0,785336,9646,5832488,376
212413,11,5,5100315,2021,5,14,5,3,5,3,0,0,1,0,0,0,1,0,784657,3959,5829702,3
212412,11,1,1300732,2021,6,17,4,3,6,4,0,0,1,1,0,0,0,0,797670,2294,5832849,339
212411,11,1,1300834,2021,5,20,1,3,5,3,2,1,1,0,0,0,0,0,798356,9026,5830141,889
212410,11,7,7200409,2021,6,7,3,3,5,5,0,0,1,0,1,0,0,0,795514,2982,5824438,883
212409,11,3,3400724,2021,7,11,2,3,0,3,0,0,1,0,0,0,1,1,799992,57,5834943,82
212408,11,3,3701554,2021,6,13,5,3,2,7,0,1,0,0,0,0,1,0,798892,4502,5829878,85
212407,11,8,8100415,2021,7,18,6,3,1,5,0,1,1,0,0,0,0,0,801758,9313,5823551,302
212406,11,6,6400840,2021,7,15,6,3,5,7,0,0,1,0,0,0,0,1,788829,2185,5819597,161
212405,11,5,5100316,2021,6,13,6,3,0,1,0,0,0,0,1,0,0,0,784959,969,5829454,942
212404,11,1,1400937,2021,6,22,5,3,5,2,2,1,0,0,1,0,0,0,793672,1624,5832252,13
212403,11,2,2400521,2021,6,22,1,3,6,4,2,0,0,1,1,0,0,0,801135,4575,5828569,214
212402,11,4,4200310,2021,5,11,4,3,5,3,0,0,1,0,0,0,0,0,789992,273,5826317,665
212401,11,1,1100103,2021,7,14,5,3,3,6,0,0,1,0,1,0,0,1,795302,2237,5826181,818
212400,11,4,4200309,2021,7,16,3,3,5,3,0,1,1,0,0,0,0,0,788854,725,5827199,4
212399,11,1,1300835,2021,7,11,5,3,0,7,0,1,0,0,0,0,0,0,797834,9266,5829817,682
212398,11,11,11300620,2021,6,11,5,3,5,2,0,0,1,0,0,0,0,0,804214,7853,5829078,362
212397,11,7,7100101,2021,5,21,1,3,5,3,1,0,1,0,0,0,1,0,794590,44,5825443,31
212396,11,3,3500934,2021,6,8,6,2,0,7,0,0,1,0,0,1,0,0,801018,3748,5831559,367
212395,11,3,3500934,2021,6,12,5,3,5,3,0,1,1,0,0,0,0,1,800692,6709,5831572,278
212394,11,1,1100310,2021,6,15,3,3,5,3,0,1,0,0,0,0,0,0,798998,6666,5828614,374
212393,11,4,4501043,2021,6,17,2,3,5,3,0,1,1,0,0,0,0,0,793107,4003,5825211,409
212392,11,5,5300840,2021,5,16,5,3,8,1,0,0,0,0,1,0,0,1,789314,6283,5828977,662
212391,11,7,7601544,2021,6,9,4,2,5,3,0,0,1,0,0,0,0,0,799789,4776,5813976,931
212390,11,4,4300619,2021,5,21,1,3,0,2,1,0,1,0,0,0,1,0,792751,258,5827034,88
212389,11,8,8100418,2021,6,13,2,3,5,3,0,1,0,0,0,0,1,0,802497,2086,5823290,326
212388,11,4,4501150,2021,7,17,2,3,5,2,0,1,1,0,0,0,0,0,793436,827,5823923,258
212387,11,2,2300316,2021,6,16,5,3,6,4,0,0,1,1,0,0,0,0,800900,9093,5826104,86
212386,11,2,2300314,2021,7,18,6,3,1,5,0,1,1,0,0,0,0,0,799873,2745,5825880,214
212385,11,11,11300620,2021,7,4,5,3,5,2,2,1,1,0,0,0,0,0,804135,9342,5829849,914
212384,11,3,3400721,2021,6,8,5,3,2,6,0,0,1,0,1,0,0,0,797773,972,5832951,971
212383,11,5,5300840,2021,6,13,4,3,6,7,0,0,0,1,0,0,1,0,789158,4676,5829394,627
212382,11,4,4100101,2021,6,16,2,3,4,1,0,1,0,0,0,0,0,0,793198,9618,5829705,797
212381,11,6,6200316,2021,5,14,2,2,5,3,0,0,1,0,1,0,0,0,796050,1948,5817534,813
212380,11,2,2100104,2021,6,18,6,3,5,3,0,1,1,0,0,0,0,0,799326,9758,5826235,744
212379,11,9,9301126,2021,6,15,5,3,2,3,0,1,1,0,0,0,0,0,809932,4094,5817931,83
212378,11,8,8100104,2021,6,13,3,3,6,4,0,0,1,1,0,0,0,0,800873,322,5822466,695
212377,11,3,3601245,2021,6,19,6,3,2,6,0,0,1,0,0,0,0,0,800356,6136,5831559,894
212376,11,3,3601450,2021,5,15,6,2,5,2,0,0,1,0,1,0,0,1,802188,2419,5829415,232
212375,11,4,4501040,2021,6,13,4,3,2,6,0,1,0,0,0,0,0,0,792720,8803,5825940,936
212374,11,6,6100210,2021,7,15,1,3,6,7,0,1,0,1,0,0,0,0,795020,517,5820946,16
212373,11,7,7100101,2021,5,12,3,3,5,3,0,1,1,0,0,0,0,1,794698,4775,5824904,944
212372,11,5,5200528,2021,6,16,3,3,2,6,0,0,1,0,0,0,0,0,783647,7675,5825205,886
212371,11,1,1100206,2021,7,9,3,3,2,6,0,1,1,0,0,0,0,0,798320,187,5827226,743
212370,11,9,9200511,2021,7,1,7,3,9,1,2,0,1,0,0,0,0,1,807152,8879,5822219,691
212369,11,7,7300516,2021,6,12,2,3,2,7,0,1,0,0,0,0,1,0,793966,557,5821803,939
212368,11,4,4501040,2021,6,19,6,3,0,6,0,1,0,0,0,0,0,0,792712,6776,5825681,392
212367,11,3,3200204,2021,6,11,3,3,2,6,0,0,1,0,1,0,0,0,798473,8302,5837329,93
212366,11,5,5400943,2021,6,19,3,3,5,3,0,1,1,0,0,0,0,0,780002,4018,5821527,362
212365,11,5,5200420,2021,6,0,7,2,0,1,2,0,0,0,0,0,1,0,782845,5755,5828574,969
212364,11,8,8100103,2021,6,13,6,2,5,3,0,0,1,0,1,0,0,0,800690,1141,5822916,687
212363,11,1,1100309,2021,7,22,6,3,2,6,2,0,1,0,1,0,0,0,798595,668,5829067,891
212362,11,7,7200409,2021,6,16,6,3,3,6,0,0,1,0,0,0,1,0,795480,3311,5824423,565
212361,11,9,9100408,2021,6,13,2,3,5,3,0,0,1,0,0,0,0,0,806721,7863,5820288,971
212360,11,6,6300526,2021,5,9,4,3,5,2,0,1,1,0,0,0,0,0,789572,6365,5817322,703
212359,11,5,5100105,2021,6,14,4,3,2,6,0,0,1,0,0,0,0,1,783901,427,5831186,706
212358,11,6,6300528,2021,7,18,3,3,5,3,0,1,1,0,0,0,0,0,789377,9989,5817000,59
212357,11,1,1100415,2021,7,10,4,3,2,6,0,0,1,0,0,0,1,1,797672,17,5829236,95
212356,11,4,4300622,2021,6,11,4,3,5,3,0,1,1,0,0,0,0,0,793684,3036,5826066,528
212355,11,3,3100101,2021,5,14,7,3,9,1,0,0,1,0,0,0,0,0,803425,7865,5843454,481
212354,11,8,8100209,2021,6,16,5,3,5,2,0,1,1,0,0,0,0,0,801754,7935,5822047,803
212353,11,11,11501238,2021,6,17,4,3,5,3,0,1,1,0,0,0,0,0,804077,5736,5825982,505
212352,11,4,4300619,2021,6,16,3,2,5,2,0,1,0,0,0,0,1,0,792646,5259,5827106,32
212351,11,8,8100415,2021,6,21,7,3,5,3,1,1,1,0,0,0,0,0,801831,936,5823631,422
212350,11,4,4400832,2021,6,10,3,3,5,2,0,1,1,0,0,0,0,0,791296,6325,5822046,667
212349,11,12,12200309,2021,6,15,4,3,5,7,0,0,1,0,0,0,0,0,792565,4813,5832826,723
212348,11,4,4501045,2021,6,17,2,2,5,2,0,1,1,0,0,0,0,0,793926,2663,5824959,58
212347,11,5,5300737,2021,6,20,2,3,5,7,0,0,1,0,1,0,0,0,787413,171,5830102,212
212346,11,8,8401243,2021,7,23,1,3,9,1,2,0,1,0,0,0,0,0,805564,561,5818548,468
212345,11,1,1200625,2021,6,21,7,3,5,2,2,0,1,0,1,0,0,0,794704,414,5828852,221
212344,11,6,6300524,2021,7,9,5,3,5,3,0,0,1,0,0,1,0,1,789237,9976,5817139,682
212343,11,3,3601243,2021,7,23,4,3,2,6,2,1,1,0,0,0,0,0,799706,3281,5831440,175
212342,11,5,5200526,2021,6,13,5,3,6,4,0,0,0,1,0,1,0,0,781903,9054,5827177,299
212341,11,1,1300834,2021,5,14,1,3,6,7,0,0,0,1,0,0,1,0,798036,9104,5830081,636
212340,11,9,9100305,2021,6,10,6,3,1,5,0,1,1,0,0,0,0,0,804956,7061,5822610,36
212339,11,3,3601142,2021,6,14,4,3,0,1,0,1,0,0,0,0,0,0,798788,61,5830924,716
212338,11,2,2100106,2021,6,10,3,3,5,3,0,1,1,0,0,0,0,0,798596,7674,5825585,35
212337,11,1,1100205,2021,6,7,2,3,5,2,0,1,1,0,0,0,0,0,796964,1171,5826974,227
212336,11,2,2200210,2021,5,13,5,3,3,6,0,1,1,0,0,0,0,1,798193,5676,5825453,277
212335,11,4,4501045,2021,6,18,4,3,5,2,0,1,0,0,0,0,1,0,793490,6361,5825214,135
212334,11,2,2500830,2021,5,12,2,3,1,5,0,1,1,0,0,0,0,0,802280,815,5827494,671
212333,11,2,2300314,2021,6,21,2,3,5,3,1,1,1,0,0,0,0,0,800287,116,5826088,922
212332,11,5,5100316,2021,7,12,2,3,5,3,0,0,1,0,0,0,0,1,784962,2004,5829251,328
212331,11,6,6300632,2021,7,8,6,3,2,6,0,0,1,0,0,0,0,0,792268,533,5816691,557
212330,11,4,4200311,2021,7,11,6,3,3,6,0,0,1,0,0,0,1,1,790035,5888,5826136,548
212329,11,5,5200631,2021,6,12,6,3,2,6,0,0,1,0,0,0,0,0,784768,6925,5827090,913
212328,11,10,10100315,2021,6,6,5,3,3,2,0,0,1,0,0,0,0,0,809915,579,5831589,587
212327,11,1,1100207,2021,6,14,2,3,5,3,0,1,1,0,0,0,0,0,798313,3897,5827342,992
212326,11,2,2400624,2021,5,18,2,3,0,7,0,1,0,0,0,0,0,0,801916,1881,5827102,679
212325,11,5,5100316,2021,6,12,6,3,0,2,0,0,1,0,0,0,1,0,784846,4177,5829227,947
212324,11,12,12400721,2021,6,9,5,3,5,3,0,0,1,0,0,0,0,1,790591,8842,5839722,659
212323,11,7,7200412,2021,7,8,6,2,5,2,0,1,0,0,0,0,1,1,796260,1125,5822939,836
212322,11,5,5100211,2021,6,9,4,2,6,4,0,0,1,1,0,0,1,0,783434,3484,5829183,758
212321,11,4,4501042,2021,6,2,1,2,0,1,2,0,1,0,0,0,0,0,794310,5902,5825933,744
212320,11,8,8300934,2021,5,7,6,3,0,1,0,0,0,0,1,0,0,1,802539,3994,5818924,643
212319,11,7,7400825,2021,6,7,5,3,2,2,0,0,1,0,0,0,1,0,797817,6479,5820911,679
212318,11,9,9501737,2021,7,15,2,3,0,1,0,1,0,0,0,0,0,0,814203,9348,5821492,842
212317,11,12,12200413,2021,5,22,2,2,0,7,2,0,0,0,0,0,1,0,789642,5637,5833971,42
212316,11,3,3400721,2021,6,8,3,3,1,5,0,1,0,0,0,1,0,0,798374,8778,5832752,919
212315,11,1,1100308,2021,7,13,2,3,5,2,0,1,1,0,0,0,0,0,797041,2176,5829321,45
212314,11,4,4501147,2021,7,16,3,2,0,4,0,0,0,1,1,0,0,0,792864,18,5824318,429
212313,11,12,12200411,2021,5,18,6,3,3,2,0,1,1,0,0,0,0,0,793197,2529,5832314,297
212312,11,8,8100419,2021,6,15,4,3,2,6,0,0,1,0,1,0,0,0,802627,3007,5824372,997
212311,11,11,11400931,2021,7,22,7,3,2,3,2,0,1,0,0,0,0,1,806598,298,5827332,626
212310,11,1,1100207,2021,6,21,2,3,0,4,1,0,0,1,1,0,0,0,797876,2576,5826733,908
212309,11,7,7400822,2021,6,7,6,3,5,3,0,1,1,0,0,0,0,0,796508,1003,5822474,7
212308,11,7,7100102,2021,6,15,3,3,3,5,0,1,1,0,0,0,0,0,794977,5562,5825248,565
212307,11,9,9200715,2021,6,16,3,3,2,6,0,0,1,0,0,0,0,0,808421,9694,5819101,113
212306,11,1,1300834,2021,6,16,2,2,2,6,0,0,1,0,0,0,0,0,797524,716,5830992,355
212305,11,3,3500934,2021,6,11,7,2,5,3,0,1,1,0,0,0,0,0,801107,9263,5831517,277
212304,11,3,3701554,2021,7,12,6,3,5,3,0,0,1,0,0,0,0,0,799230,1211,5829270,98
212303,11,3,3200207,2021,6,16,7,3,5,3,0,1,1,0,0,0,0,0,798603,9,5835174,639
212302,11,7,7400721,2021,6,11,2,3,2,6,0,1,1,0,0,0,0,0,797487,4648,5822868,231
212301,11,2,2500727,2021,5,18,2,3,5,3,0,1,1,0,0,0,0,0,802448,4569,5828284,765
212300,11,6,6400838,2021,6,19,6,3,0,7,0,1,0,0,0,0,0,0,786428,3207,5818353,313
212299,11,12,12100205,2021,6,7,6,2,5,3,0,0,0,0,1,0,1,0,795483,4612,5834273,412
212298,11,3,3200204,2021,7,16,6,3,5,2,0,1,1,0,0,0,0,0,796559,7595,5840104,359
212297,11,2,2400521,2021,6,6,4,3,5,5,0,1,1,0,0,0,0,0,801190,518,5828476,236
212296,11,1,1100310,2021,6,1,6,3,2,6,2,0,1,0,0,0,0,0,799525,1211,5828817,777
212295,11,12,12200412,2021,6,12,2,3,5,2,0,0,1,0,0,0,0,0,791167,6855,5834028,571
212294,11,12,12601134,2021,5,13,6,3,0,2,0,0,1,0,1,0,0,1,795309,453,5837238,658
212293,11,10,10100206,2021,6,15,4,3,5,3,0,0,1,0,0,0,0,0,808837,5746,5832766,809
212292,11,4,4501042,2021,7,22,1,3,6,7,0,0,0,1,0,0,1,0,794415,6534,5825874,292
212291,11,3,3601243,2021,5,17,3,3,2,6,0,0,1,0,0,0,1,1,799571,5269,5831734,177
212290,11,9,9100101,2021,6,22,3,3,4,1,2,1,1,0,0,0,0,0,802316,3716,5825319,932
212289,11,11,11300722,2021,7,15,2,3,1,7,0,0,1,0,0,0,0,0,804079,2107,5828208,197
212288,11,8,8100209,2021,7,11,3,2,6,4,0,0,1,1,0,0,0,0,801111,3423,5822001,24
212287,11,4,4300623,2021,7,14,6,3,0,1,0,1,1,0,0,0,0,1,792293,553,5826110,669
212286,11,9,9100101,2021,6,9,3,3,5,2,0,1,1,0,0,0,0,0,802113,3509,5824768,475
212285,11,11,11501340,2021,6,5,6,3,2,6,0,0,1,0,0,0,0,0,807271,3888,5824551,955
212284,11,2,2400624,2021,6,9,3,3,6,4,0,0,1,1,0,0,0,0,801761,7585,5827427,929
212283,11,6,6400844,2021,6,4,3,3,1,7,2,0,1,0,0,0,1,0,790406,1302,5820927,123
212282,11,3,3200204,2021,6,16,2,3,1,5,0,0,1,0,1,0,0,0,797407,7166,5838811,461
212281,11,12,12100204,2021,6,18,7,3,6,4,0,0,1,1,0,0,0,0,795608,536,5833075,371
212280,11,4,4400729,2021,7,11,6,3,2,6,0,0,1,0,0,0,0,0,790555,123,5822291,228
212279,11,4,4400726,2021,6,11,7,3,5,3,0,1,1,0,0,0,0,0,791212,4926,5823798,185
212278,11,4,4200308,2021,6,6,2,3,5,2,0,1,1,0,0,0,0,0,790376,8995,5827323,641
212277,11,4,4200308,2021,5,18,4,3,5,3,0,0,1,0,1,0,0,0,789576,314,5827170,964
212276,11,1,1401049,2021,6,16,4,3,3,6,0,0,1,0,1,0,0,1,796361,664,5831941,86
212275,11,11,11100309,2021,7,16,3,3,5,2,0,1,1,0,0,0,0,0,805281,9657,5833240,752
212274,11,12,12200413,2021,7,9,4,3,5,3,0,1,1,0,0,0,0,1,789393,4282,5833721,935
212273,11,8,8100102,2021,6,8,4,3,5,2,0,1,1,0,0,0,0,0,800180,1503,5823632,335
212272,11,7,7100102,2021,5,14,1,3,5,3,0,1,1,0,0,0,0,0,795483,3069,5825553,177
212271,11,1,1401045,2021,6,12,5,3,3,6,0,0,1,0,0,1,0,0,796619,313,5831752,24
212270,11,3,3601245,2021,6,6,4,3,5,7,0,0,1,0,0,0,0,0,800310,311,5830867,263
212269,11,1,1200627,2021,6,17,3,3,0,5,0,1,0,0,0,0,1,0,796055,8183,5828509,629
212268,11,9,9300921,2021,6,21,7,3,5,2,1,0,1,0,0,0,0,0,809992,8644,5816041,389
212267,11,8,8100206,2021,6,16,3,3,3,2,0,1,1,0,0,0,0,0,800721,1222,5823800,503
212266,11,9,9501838,2021,6,12,4,3,0,1,0,1,0,0,0,0,0,0,818431,9593,5820300,144
212265,11,12,12400618,2021,6,18,2,3,5,2,0,1,1,0,0,0,0,0,786734,2147,5838513,872
212264,11,6,6400842,2021,7,12,7,3,5,2,0,1,1,0,0,0,0,0,789836,963,5820292,259
212263,11,4,4300517,2021,6,16,1,3,5,3,0,0,1,0,1,0,0,0,791397,3684,5828595,15
212262,11,3,3200204,2021,7,5,5,3,6,4,0,0,1,1,0,0,0,1,799040,3109,5839071,536
212261,11,4,4501045,2021,7,16,5,3,1,5,0,1,1,0,0,0,0,1,793503,84,5825302,669
212260,11,6,6400844,2021,6,7,5,3,5,2,0,1,1,0,0,0,0,0,791443,5246,5820645,517
212259,11,6,6100207,2021,5,5,2,2,1,5,0,0,1,0,1,0,0,0,793665,971,5819948,11
212258,11,11,11501341,2021,6,17,5,2,4,1,0,1,0,0,0,0,0,0,806280,4537,5824474,39
212257,11,8,8200832,2021,6,18,6,2,6,2,0,0,1,1,0,0,0,0,801708,754,5817221,211
212256,11,9,9200715,2021,6,8,3,3,2,6,0,0,1,0,0,0,0,0,808205,5554,5818755,755
212255,11,9,9100202,2021,6,8,2,2,4,6,0,0,1,0,0,0,0,0,802843,808,5824248,473
212254,11,4,4500937,2021,6,13,1,3,1,5,0,1,1,0,0,0,0,0,790958,8769,5825016,348
212253,11,12,12500825,2021,5,13,5,2,0,1,0,0,0,0,1,0,0,0,791529,6373,5834371,707
212252,11,2,2200213,2021,6,16,4,3,5,2,0,0,1,0,1,0,0,0,799774,9582,5824824,895
212251,11,1,1100310,2021,5,1,2,3,5,2,2,0,1,0,0,0,0,0,799479,819,5828830,293
212250,11,2,2300314,2021,6,11,2,3,0,2,0,1,0,0,0,0,1,0,800117,1204,5825741,586
212249,11,10,10200420,2021,7,15,2,3,0,4,0,0,0,1,0,0,1,0,811166,222,5830726,584
212248,11,4,4100101,2021,7,10,6,3,2,2,0,0,1,0,0,0,0,0,792255,9971,5830676,702
212247,11,8,8401242,2021,7,21,6,3,5,3,2,0,1,0,0,0,0,1,804455,851,5816944,98
212246,11,6,6100206,2021,6,13,5,2,1,5,0,1,0,0,0,1,0,0,794510,7467,5820008,568
212245,11,7,7200412,2021,6,12,5,3,1,5,0,0,1,0,1,0,0,0,796055,9945,5823142,976
212244,11,10,10100312,2021,6,12,2,3,5,7,0,0,1,0,0,0,1,0,808209,3024,5829234,385