OBJECTID,LAND,BEZ,LOR_ab_2021,UJAHR,UMONAT,USTUNDE,UWOCHENTAG,UKATEGORIE,UART,UTYP1,ULICHTVERH,IstRad,IstPKW,IstFuss,IstKrad,IstGkfz,IstSonstige,USTRZUSTAND,LINREFX,LINREFY,XGCSWGS84,YGCSWGS84
212243,11,6,6400737,2021,5,17,2,3,6,4,0,1,0,1,0,0,0,0,784580,8243,5817356,412
212242,11,6,6100103,2021,6,21,6,3,5,7,0,0,1,0,0,0,0,0,793044,591,5821523,201
212241,11,2,2300314,2021,6,19,7,3,5,2,0,1,1,0,0,0,0,0,799712,2461,5826050,649
212240,11,2,2300316,2021,7,16,6,2,6,4,0,1,0,1,0,0,0,0,801453,7519,5826033,55
212239,11,2,2100104,2021,6,0,4,2,1,5,2,1,1,0,0,0,0,0,799410,7928,5826165,811
212238,11,1,1401048,2021,6,7,6,3,2,6,0,0,0,0,1,1,0,1,795508,1232,5831665,656
212237,11,8,8200730,2021,6,8,2,2,2,6,0,0,1,0,0,0,0,0,801399,9076,5819140,866
212236,11,2,2100104,2021,5,13,5,3,5,3,0,1,1,0,0,0,0,0,799282,4992,5826219,381
212235,11,4,4500938,2021,6,13,5,3,1,5,0,1,1,0,0,0,0,0,791573,27,5824591,15
212234,11,2,2400625,2021,7,1,2,3,5,2,2,1,1,0,0,0,0,1,801760,8887,5826242,508
212233,11,7,7400927,2021,5,15,3,3,5,3,0,0,1,0,0,0,1,0,799885,9078,5820995,538
212232,11,5,5200528,2021,6,18,3,3,2,6,0,0,1,0,0,0,1,0,783658,7084,5825352,85
212231,11,5,5300736,2021,7,13,2,2,5,7,0,0,0,1,1,0,0,0,786881,45,5829683,372
212230,11,1,1200520,2021,7,11,3,3,2,6,0,1,0,0,0,0,1,0,794480,483,5828451,35
212229,11,9,9100407,2021,5,6,6,3,2,7,0,0,1,0,0,0,1,1,806383,8814,5821044,966
212228,11,6,6300526,2021,6,9,5,3,0,1,0,0,1,0,0,0,0,0,789291,8107,5817674,215
212227,11,9,9100407,2021,6,7,4,3,2,6,0,0,1,0,0,0,0,0,806251,509,5820429,148
212226,11,11,11300722,2021,7,6,7,2,5,3,0,0,1,0,0,0,0,1,803855,7003,5828357,322
212225,11,8,8100312,2021,6,10,3,3,5,3,0,1,0,0,0,0,1,1,801461,662,5823876,596
212224,11,1,1100206,2021,6,6,6,3,0,1,0,0,0,0,0,0,1,0,797839,619,5827061,296
212223,11,8,8100417,2021,6,12,3,3,2,2,0,0,1,0,0,0,0,0,802577,6813,5823081,893
212222,11,1,1200517,2021,6,9,3,3,3,6,0,0,1,0,0,0,0,0,793644,9029,5829162,131
212221,11,3,3400830,2021,6,13,1,2,5,3,0,1,1,1,0,0,0,0,800034,51,5833421,877
212220,11,4,4100101,2021,6,17,1,3,6,7,0,0,0,1,0,0,1,0,790687,8865,5829337,34
212219,11,4,4501042,2021,7,12,7,3,0,2,0,0,1,0,1,0,0,0,794558,2439,5826015,448
212218,11,10,10400940,2021,6,13,7,3,2,6,0,0,1,0,0,0,1,0,812522,8616,5824990,764
212217,11,7,7601341,2021,5,13,4,3,0,6,0,1,1,0,0,0,0,0,796127,1482,5814675,824
212216,11,8,8401242,2021,6,0,4,3,1,1,2,0,1,0,0,1,0,0,804960,7553,5817502,172
212215,11,5,5300737,2021,7,13,3,3,3,6,0,0,1,0,0,0,1,0,787978,3089,5829794,45
212214,11,4,4501151,2021,7,19,4,3,5,7,0,0,1,0,1,0,0,0,793643,3031,5823536,17
212213,11,10,10100205,2021,6,17,5,3,5,2,0,0,1,0,0,0,1,0,807614,686,5832373,968
212212,11,5,5200630,2021,5,19,1,2,5,3,1,0,0,0,0,0,1,0,783473,8858,5827627,505
212211,11,9,9200511,2021,6,18,5,3,0,7,0,1,0,0,0,0,0,0,807656,3742,5821840,626
212210,11,3,3200205,2021,6,8,4,3,5,2,0,1,1,0,0,0,0,0,798135,557,5835470,38
212209,11,1,1100313,2021,6,0,3,2,0,1,2,1,0,0,0,0,0,0,799676,1264,5827038,909
212208,11,8,8100207,2021,6,13,1,3,5,2,0,1,0,0,0,0,0,0,801202,295,5823549,263
212207,11,3,3200310,2021,6,20,1,2,5,2,0,1,1,0,0,0,0,0,799833,9819,5839319,261
212206,11,9,9501737,2021,6,8,4,3,5,3,0,1,1,0,0,0,0,0,815399,1856,5820983,643
212205,11,3,3601450,2021,6,16,4,3,0,1,0,1,0,0,0,0,0,0,802461,82,5829252,437
212204,11,1,1200517,2021,6,14,2,3,1,5,0,0,1,0,0,0,0,0,793170,6231,5828288,865
212203,11,3,3300412,2021,7,10,2,2,0,3,0,0,1,0,0,0,1,1,802757,4935,5839057,199
212202,11,1,1100308,2021,6,5,7,3,5,2,0,1,1,0,0,0,0,0,797013,9547,5828942,11
212201,11,7,7400721,2021,7,8,5,3,1,5,0,0,1,0,0,0,1,1,797230,2656,5823003,93
212200,11,7,7200308,2021,7,19,5,2,6,4,0,0,1,1,0,0,0,0,794892,9569,5823167,627
212199,11,5,5100316,2021,6,14,6,3,1,5,0,0,1,0,0,0,1,0,785218,3722,5828937,402
212198,11,12,12200308,2021,6,10,2,3,5,3,0,1,1,0,0,0,0,0,792569,923,5833291,636
212197,11,4,4200206,2021,6,10,3,3,5,2,0,1,1,0,0,0,0,0,786236,9281,5826007,236
212196,11,12,12500928,2021,6,15,6,3,5,3,0,1,1,0,0,0,0,0,792256,179,5837209,347
212195,11,4,4300416,2021,6,15,6,3,5,7,0,0,1,0,1,0,0,0,791947,251,5826105,735
212194,11,4,4501152,2021,5,8,4,3,5,7,0,1,1,0,0,0,0,0,794052,2672,5824450,506
212193,11,8,8100208,2021,6,9,4,3,5,3,0,0,1,0,0,0,0,1,801143,3252,5822844,161
212192,11,1,1100310,2021,7,14,3,3,5,3,0,1,1,0,0,0,0,0,799451,7283,5828784,775
212191,11,11,11200411,2021,7,8,4,3,5,7,0,0,1,0,1,0,0,1,805807,6412,5831853,267
212190,11,10,10300734,2021,6,17,4,3,5,2,0,0,1,0,1,0,0,0,809581,6746,5824942,586
212189,11,9,9501736,2021,5,22,7,3,1,5,2,1,1,0,0,0,0,0,813329,7474,5821598,74
212188,11,8,8100311,2021,6,17,5,3,5,2,0,0,1,0,0,0,0,0,800664,2497,5824379,244
212187,11,2,2400521,2021,6,9,5,3,0,7,0,0,1,0,0,0,0,1,801126,767,5828584,324
212186,11,9,9501941,2021,6,17,3,3,2,6,0,0,1,0,0,0,0,0,812085,7624,5820971,36
212185,11,1,1100103,2021,6,21,7,2,5,3,2,1,1,0,0,0,0,0,795252,8691,5826039,647
212184,11,12,12200309,2021,6,15,3,3,5,2,0,1,1,0,0,0,0,0,793421,7566,5832487,449
212183,11,2,2500830,2021,6,19,4,2,5,7,0,0,1,0,1,0,0,0,802353,4614,5827459,299
212182,11,5,5100316,2021,6,15,7,2,5,3,0,0,1,0,0,0,1,0,784178,6466,5828957,207
212181,11,10,10400940,2021,7,17,2,3,0,7,0,0,1,0,0,0,0,0,811926,6098,5825169,929
212180,11,7,7100101,2021,6,14,7,3,6,7,0,0,0,1,0,0,1,0,794641,4181,5825744,284
212179,11,3,3400619,2021,7,15,5,2,5,3,0,0,1,0,0,0,0,1,795290,9494,5835080,826
212178,11,9,9501939,2021,7,16,5,3,2,2,0,1,1,0,0,0,0,1,809950,1063,5821622,24
212177,11,1,1100308,2021,6,13,5,3,2,6,0,1,1,0,0,0,0,0,797074,9223,5829291,921
212176,11,3,3100102,2021,5,7,2,3,6,4,0,0,1,1,0,0,0,0,804422,9392,5841223,109
212175,11,4,4501041,2021,6,13,5,3,1,5,0,1,1,0,0,0,0,0,793485,353,5825785,414
212174,11,3,3500934,2021,6,15,5,3,5,2,0,1,1,0,0,0,0,0,800455,5782,5832115,406
212173,11,11,11300722,2021,6,17,3,3,5,2,0,1,1,0,0,0,0,0,804255,106,5827662,994
212172,11,2,2200209,2021,6,9,6,3,1,5,0,1,1,0,0,0,0,0,797509,371,5824800,69
212171,11,2,2300418,2021,6,21,1,2,5,3,1,1,1,0,0,0,0,0,801289,47,5825362,234
212170,11,8,8200730,2021,5,8,5,3,6,4,0,1,0,1,0,0,0,0,801374,871,5819239,4
212169,11,5,5200629,2021,6,17,4,3,6,4,0,0,0,1,0,0,1,0,784067,9001,5827988,34
212168,11,1,1200519,2021,5,21,2,3,2,6,2,0,1,0,1,0,0,1,793834,3524,5828478,183
212167,11,2,2500835,2021,6,14,2,2,5,3,0,1,1,0,0,0,0,0,802559,9321,5825954,416
212166,11,3,3100102,2021,7,15,2,3,4,6,0,1,0,0,0,0,0,0,804786,8352,5841412,52
212165,11,1,1100310,2021,7,22,6,3,2,6,2,0,1,0,0,0,0,1,799098,757,5828993,79
212164,11,1,1400942,2021,6,8,6,3,5,2,0,1,1,0,0,0,0,0,794479,8966,5830670,941
212163,11,8,8301037,2021,6,16,5,2,5,2,0,0,1,0,0,0,0,0,804138,9095,5817812,978
212162,11,4,4200308,2021,6,11,2,3,2,6,0,0,1,0,0,0,1,0,789623,6485,5828391,436
212161,11,4,4400727,2021,6,11,3,2,5,3,0,1,1,0,0,0,0,0,791920,2145,5823992,547
212160,11,3,3500934,2021,6,11,6,3,1,5,0,0,1,0,0,0,0,0,800985,3488,5831903,288
212159,11,4,4300620,2021,6,8,6,3,5,3,0,1,1,0,0,0,0,0,794161,8879,5826989,7
212158,11,6,6400737,2021,7,13,6,3,5,2,0,1,1,0,0,0,0,0,784750,2482,5817547,217
212157,11,3,3300514,2021,6,9,3,3,5,2,0,1,0,0,0,0,1,0,800861,144,5836034,929
212156,11,4,4200308,2021,6,13,6,3,0,4,0,0,0,1,1,0,0,0,790339,182,5827494,895
212155,11,1,1100309,2021,6,8,2,3,3,6,0,1,1,0,0,0,0,0,798452,321,5829048,84
212154,11,7,7601544,2021,6,12,4,3,5,2,0,1,1,0,0,0,0,0,799800,4492,5813978,656
212153,11,2,2200210,2021,5,17,2,3,6,7,0,1,0,1,0,0,0,0,798721,785,5825251,2
212152,11,1,1100310,2021,6,6,4,3,5,2,0,0,1,0,0,0,1,1,799247,2792,5828469,68
212151,11,12,12200414,2021,7,11,3,2,2,6,0,0,1,0,1,0,0,0,792082,6257,5831788,115
212150,11,9,9502043,2021,7,11,4,3,6,4,0,0,1,1,0,0,0,1,810527,1256,5823238,257
212149,11,3,3300413,2021,6,15,4,3,0,2,0,1,1,0,0,0,0,0,803458,6397,5838508,982
212148,11,8,8100314,2021,5,14,7,3,2,6,0,1,1,0,0,0,0,0,801202,814,5823797,988
212147,11,12,12100204,2021,6,14,5,3,5,3,0,0,1,0,0,0,0,0,794958,3395,5832721,513
212146,11,12,12200515,2021,6,7,4,2,4,5,0,0,1,0,0,0,0,0,789636,5329,5834641,368
212145,11,7,7400822,2021,7,15,7,3,2,6,0,0,1,0,0,0,0,0,796818,35,5822183,123
212144,11,2,2300418,2021,6,4,3,2,3,6,1,1,1,0,0,0,1,0,801110,3309,5825028,518
212143,11,4,4500936,2021,6,17,7,3,2,6,0,1,1,0,0,0,0,0,792277,5968,5825355,926
212142,11,7,7400824,2021,6,8,4,3,5,3,0,0,1,0,0,0,0,0,797657,2484,5822020,257
212141,11,9,9401534,2021,6,17,3,3,5,3,0,1,1,0,0,0,0,0,811257,9942,5820190,925
212140,11,7,7100206,2021,6,9,2,3,6,4,0,0,0,1,0,0,1,0,796687,2058,5824705,313
212139,11,2,2500832,2021,6,18,1,3,0,1,0,1,0,0,0,0,0,0,803195,4728,5826829,97
212138,11,6,6300631,2021,7,12,1,3,1,5,0,0,1,0,0,0,0,0,791926,4078,5816384,31
212137,11,12,12200412,2021,6,14,7,3,1,5,0,1,1,0,0,0,0,0,789813,399,5833577,622
212136,11,1,1100102,2021,5,8,4,3,5,3,0,1,1,0,0,0,0,0,796936,83,5826779,594
212135,11,11,11300721,2021,7,15,5,2,4,1,0,0,0,0,1,0,1,1,804621,263,5829088,811
212134,11,4,4501042,2021,7,20,4,3,2,6,0,0,1,0,0,0,0,0,793692,8746,5825808,119
212133,11,10,10300733,2021,7,11,5,3,0,1,0,0,1,0,1,0,0,0,809491,8521,5827233,32
212132,11,2,2400624,2021,6,15,5,3,5,2,0,0,0,0,1,0,1,0,801728,505,5827427,108
212131,11,12,12100205,2021,5,16,1,3,1,5,0,0,1,0,1,0,0,0,795452,3337,5834179,742
212130,11,3,3400828,2021,6,7,6,3,5,2,0,1,1,0,0,0,0,0,800081,5578,5832606,311
212129,11,12,12200515,2021,6,12,5,3,6,4,0,0,1,1,0,0,0,0,789948,8212,5834903,576
212128,11,9,9200717,2021,6,7,3,3,5,3,0,1,1,0,0,0,0,0,809207,9977,5819503,56
212127,11,3,3400828,2021,6,8,2,3,1,7,0,1,1,0,0,0,0,0,799878,1623,5832102,975
212126,11,1,1200628,2021,5,21,5,2,5,3,2,1,1,0,0,0,0,0,795699,3488,5828171,642
212125,11,5,5300737,2021,6,15,4,3,3,6,0,0,1,0,0,0,1,0,786983,5194,5829578,561
212124,11,2,2500835,2021,5,19,1,3,5,2,0,0,1,0,0,0,0,1,802444,9573,5826260,547
212123,11,4,4501152,2021,6,10,2,3,3,6,0,1,1,0,0,0,0,0,793965,381,5824905,873
212122,11,3,3601450,2021,7,11,2,3,5,2,0,1,1,0,0,0,0,1,802343,232,5829202,163
212121,11,2,2100101,2021,6,16,5,3,2,7,0,1,1,0,0,0,0,0,797633,539,5825658,455
212120,11,2,2100102,2021,7,18,6,3,5,2,0,0,1,0,1,0,0,0,798332,6,5825556,781
212119,11,2,2200213,2021,7,23,5,3,1,5,2,1,1,0,0,0,0,0,800095,177,5824976,74
212118,11,3,3500936,2021,6,9,6,3,6,4,0,1,0,1,0,0,0,0,801975,393,5831201,442
212117,11,5,5100316,2021,6,21,5,3,6,7,1,1,0,1,0,0,0,0,783942,8005,5828983,868
212116,11,9,9200715,2021,6,16,2,3,5,2,0,0,1,0,1,0,0,0,808250,9345,5818800,634
212115,11,11,11400930,2021,5,18,2,3,2,6,0,0,0,0,1,0,1,0,806126,2519,5826691,59
212114,11,4,4300412,2021,6,19,6,3,1,5,0,0,1,0,1,0,1,0,791472,5039,5827488,506
212113,11,2,2100102,2021,6,17,6,3,5,3,0,1,1,0,0,0,0,0,797972,7498,5826184,728
212112,11,6,6300527,2021,6,14,3,3,5,2,0,0,1,0,1,0,0,0,790009,699,5817502,68
212111,11,4,4200310,2021,6,14,6,3,5,2,0,0,1,0,1,0,0,0,790072,5766,5826668,65
212110,11,1,1100308,2021,5,15,6,3,5,3,0,1,1,0,0,0,0,1,796966,7708,5828844,659
212109,11,2,2200211,2021,6,12,4,3,0,7,0,0,1,1,0,0,0,0,798176,5355,5824306,467
212108,11,7,7100205,2021,7,17,1,3,5,7,0,0,1,0,0,0,1,0,796112,6078,5825327,35
212107,11,12,12200412,2021,5,12,3,2,0,7,0,0,1,0,1,0,0,1,788625,418,5833054,399
212106,11,1,1100313,2021,6,13,3,3,6,4,0,1,0,1,0,0,0,1,799764,5658,5827143,15
212105,11,3,3701556,2021,7,16,3,3,3,6,0,1,0,0,0,0,0,0,799729,6778,5829370,922
212104,11,11,11100204,2021,7,13,7,3,5,3,0,1,1,0,0,0,0,0,806401,1214,5833726,196
212103,11,9,9200715,2021,6,16,2,3,5,2,0,1,1,0,0,0,0,0,809345,207,5818502,402
212102,11,5,5100211,2021,6,7,6,3,6,4,0,0,0,1,0,0,1,0,781096,4916,5829817,175
212101,11,2,2100104,2021,6,21,3,3,0,2,1,1,1,0,0,0,0,0,799488,5414,5826137,255
212100,11,4,4500936,2021,6,8,3,2,0,1,0,1,0,0,0,0,0,0,792073,5293,5825583,333
212099,11,2,2300314,2021,6,0,7,3,4,6,2,0,1,0,0,0,0,0,799810,5414,5826016,589
212098,11,3,3601142,2021,6,15,7,3,5,3,0,1,1,0,0,0,0,0,798877,8411,5830403,251
212097,11,4,4100101,2021,7,16,6,3,5,2,0,0,1,0,0,0,1,0,793340,975,5829718,481
212096,11,2,2100102,2021,6,15,4,2,5,2,0,0,1,0,1,0,0,0,798368,4456,5826335,534
212095,11,4,4501148,2021,6,13,6,3,5,7,0,0,0,0,1,0,1,0,793330,464,5823364,97
212094,11,9,9100407,2021,6,8,2,3,5,3,0,0,1,0,0,0,0,0,805827,5401,5820152,305
212093,11,7,7200411,2021,5,16,4,3,0,6,0,0,1,0,0,0,1,0,796030,5211,5824079,676
212092,11,3,3601346,2021,6,9,4,3,5,2,0,1,0,0,0,0,1,1,799493,2359,5830939,218
212091,11,1,1400938,2021,7,15,2,2,5,3,0,0,1,0,0,0,1,0,793963,26,5830161,76
212090,11,4,4300620,2021,7,20,4,3,2,2,0,0,1,0,1,0,0,0,794160,1658,5827008,841
212089,11,3,3701555,2021,6,14,4,3,4,6,0,1,0,0,1,0,0,0,799554,1469,5830242,763
212088,11,2,2500833,2021,6,20,3,2,0,1,0,1,0,0,0,0,0,0,802676,679,5826986,529
212087,11,12,12200309,2021,6,17,6,3,6,4,0,1,0,1,0,0,0,0,793307,2386,5832560,187
212086,11,2,2400521,2021,6,18,2,3,2,6,0,0,1,0,0,0,0,0,801222,792,5828649,166
212085,11,12,12200310,2021,5,21,5,3,5,3,1,0,1,0,0,0,0,1,792285,3482,5833928,367
212084,11,12,12200309,2021,6,17,4,3,5,2,0,1,1,0,0,0,0,0,792669,6875,5832785,781
212083,11,7,7300619,2021,7,14,1,3,2,6,0,0,1,0,0,0,0,0,795391,2005,5821024,627
212082,11,11,11200411,2021,5,18,1,2,5,2,0,1,0,0,0,0,1,0,805631,66,5831605,383
212081,11,6,6400843,2021,6,15,3,3,1,5,0,1,1,0,0,0,0,0,791236,4632,5819721,488
212080,11,7,7601442,2021,7,16,3,3,2,6,0,0,1,0,0,0,0,0,799257,89,5816263,337
212079,11,10,10400940,2021,7,14,6,3,0,2,0,0,1,0,1,0,0,0,812767,2047,5825660,879
212078,11,5,5200528,2021,6,11,2,3,5,3,0,1,1,0,0,0,0,0,783232,5034,5826382,931
212077,11,2,2200210,2021,6,21,6,3,0,3,0,1,1,0,0,0,0,0,798850,3772,5825111,956
212076,11,3,3500936,2021,6,19,5,3,5,3,0,1,1,0,0,0,0,0,802075,8788,5831353,968
212075,11,1,1300730,2021,6,19,3,3,5,7,0,0,1,0,1,0,0,0,796636,6728,5832356,231
212074,11,1,1100308,2021,6,12,3,2,3,6,0,1,1,0,0,0,0,0,797140,8937,5829214,932
212073,11,11,11401137,2021,6,15,1,3,1,5,0,0,1,0,0,0,0,0,806775,7591,5825678,113
212072,11,1,1100309,2021,6,20,7,3,0,6,1,1,1,0,0,0,0,0,798406,1491,5828440,453
212071,11,1,1401048,2021,7,18,7,3,6,7,0,1,0,1,0,0,0,0,795154,656,5831277,707
212070,11,7,7100101,2021,6,9,4,3,1,5,0,0,1,0,0,0,1,0,794595,4294,5825230,78
212069,11,11,11200512,2021,6,14,6,3,5,2,0,1,0,0,0,0,1,0,802919,7774,5831214,381
212068,11,2,2100102,2021,6,8,4,3,5,2,0,1,1,0,0,0,0,0,798453,3364,5826533,154
212067,11,4,4501042,2021,5,14,3,3,5,7,0,1,1,0,0,0,0,1,794389,9534,5825708,635
212066,11,10,10400938,2021,6,10,4,3,2,2,0,0,0,0,0,1,1,1,813001,6963,5828495,254
212065,11,10,10300731,2021,7,9,2,3,5,3,0,0,1,0,0,0,0,0,808747,4168,5828184,341
212064,11,6,6300524,2021,7,18,4,3,5,3,0,1,0,0,0,0,0,0,787438,9286,5816274,21
212063,11,1,1100102,2021,6,14,4,3,5,3,0,1,1,0,0,0,0,0,795293,4545,5827357,456
212062,11,3,3100103,2021,5,11,7,3,5,3,0,1,1,0,0,0,0,0,804362,4649,5840421,901
212061,11,4,4501045,2021,6,9,5,2,6,4,0,0,1,1,0,0,0,0,793507,5016,5825218,68
212060,11,12,12200412,2021,6,15,4,3,5,2,0,0,1,0,0,0,1,0,791832,6711,5833974,466
212059,11,2,2500726,2021,6,17,3,3,2,2,0,1,1,0,0,0,0,0,801863,1718,5828440,948
212058,11,11,11401034,2021,6,14,7,3,5,3,0,1,1,0,0,0,0,0,807405,153,5827437,274
212057,11,4,4200311,2021,6,15,3,3,0,1,0,0,0,0,1,0,0,0,790424,6445,5825950,566
212056,11,10,10200420,2021,6,12,4,3,5,3,0,1,1,0,0,0,0,0,811854,8455,5831272,169
212055,11,11,11200514,2021,6,8,2,3,0,1,0,1,0,0,0,0,0,0,803358,6276,5830082,687
212054,11,4,4300518,2021,6,2,1,3,5,3,2,0,1,0,0,0,0,0,792076,7605,5828222,656
212053,11,10,10100102,2021,7,12,7,3,5,2,0,1,1,0,0,0,0,0,809483,3951,5834643,1
212052,11,3,3500936,2021,6,17,1,3,2,7,0,0,1,0,1,0,0,0,802643,9899,5831597,211
212051,11,8,8100206,2021,6,11,1,3,6,4,0,0,1,1,0,0,0,0,800944,553,5823674,38
212050,11,8,8100103,2021,5,21,4,3,2,6,2,0,1,0,0,0,0,0,800634,4012,5823082,501
212049,11,4,4501045,2021,7,14,5,3,0,7,0,1,0,0,0,0,0,1,794429,8845,5825438,3
212048,11,9,9501939,2021,7,7,3,2,5,2,0,1,1,0,0,0,0,0,810939,1221,5821589,149
212047,11,10,10400939,2021,7,15,5,3,5,3,0,0,1,0,0,0,0,0,813016,8031,5827639,415
212046,11,1,1200517,2021,6,9,5,2,0,1,0,1,0,0,0,0,0,0,794579,194,5829726,416
212045,11,8,8100207,2021,5,16,2,3,2,6,0,0,1,0,1,0,0,0,801022,3832,5823501,27
212044,11,12,12500928,2021,6,7,6,3,2,6,0,0,1,0,1,0,0,0,792512,401,5837613,429
212043,11,8,8100102,2021,6,13,5,3,1,5,0,1,1,0,0,0,0,1,800463,8161,5823635,277
212042,11,12,12200515,2021,6,12,3,3,5,3,0,0,1,0,0,0,0,0,790275,5435,5835517,881
212041,11,1,1200628,2021,6,19,2,3,5,2,0,1,1,0,0,0,0,0,795519,788,5828199,137
212040,11,10,11300721,2021,5,12,5,3,2,6,0,0,1,0,0,0,1,0,806291,1748,5830171,687
212039,11,9,9300920,2021,6,11,4,2,5,2,0,1,1,0,0,0,0,0,808091,9096,5816922,276
212038,11,4,4200308,2021,5,12,2,3,3,6,0,0,1,0,0,0,0,0,789799,4729,5827393,444
212037,11,3,3601142,2021,6,17,3,3,0,2,0,1,1,0,0,0,0,1,799151,3472,5830837,45
212036,11,4,4501041,2021,7,9,2,3,0,5,0,0,1,0,0,0,1,1,793289,4425,5825454,285
212035,11,8,8100520,2021,6,15,5,3,5,3,0,1,1,0,0,0,0,0,803216,9492,5822727,135
212034,11,6,6200421,2021,7,17,6,3,3,6,0,0,1,0,0,0,1,0,793724,2081,5817616,128
212033,11,1,1401045,2021,7,12,6,3,5,2,0,0,1,0,0,0,0,1,796673,3935,5831929,769
212032,11,3,3601449,2021,6,21,5,3,1,5,2,0,1,0,0,0,1,0,801285,3322,5830324,761
212031,11,3,3601348,2021,6,18,4,3,5,3,0,1,1,0,0,0,0,0,799843,8632,5830812,16
212030,11,12,12200412,2021,6,14,2,3,5,2,0,0,1,0,0,0,1,0,791383,9702,5833111,182
212029,11,1,1100308,2021,5,8,2,3,6,4,0,0,1,1,0,0,0,0,797023,4445,5828492,647
212028,11,7,7300619,2021,6,16,6,3,6,2,1,0,1,1,0,0,0,0,795081,4509,5821610,167
212027,11,6,6200314,2021,6,5,6,2,0,3,1,0,1,0,1,0,0,0,794748,2112,5817787,482
212026,11,10,10200417,2021,6,14,3,3,5,2,0,1,1,0,0,0,0,0,811304,707,5831661,52
212025,11,11,11200410,2021,6,16,6,3,5,7,0,0,1,0,0,0,1,0,804626,5136,5832775,1
212024,11,1,1300733,2021,5,16,6,3,2,6,0,0,1,0,0,0,0,1,797098,7698,5831702,189
212023,11,9,9200819,2021,6,14,4,3,2,6,0,0,1,0,0,0,0,0,810040,3022,5819480,358
212022,11,2,2200210,2021,7,16,1,3,5,3,0,0,0,0,0,0,1,0,798539,116,5825340,475
212021,11,9,9200715,2021,5,19,3,2,5,3,1,0,1,0,0,0,0,0,809317,5845,5818507,462
212020,11,2,2500830,2021,6,9,3,3,0,1,0,1,0,0,0,0,0,0,802315,5407,5827477,763
212019,11,1,1300733,2021,7,11,2,3,1,5,0,1,1,0,0,0,0,0,797211,2069,5831323,766
212018,11,8,8100520,2021,7,5,3,3,0,7,0,0,0,0,1,0,0,1,802817,7616,5822926,656
212017,11,2,2400521,2021,7,9,7,2,0,1,0,0,0,0,1,0,0,1,800400,706,5827977,743
212016,11,3,3500934,2021,6,15,3,3,0,2,0,1,1,0,0,0,0,0,800902,2666,5832078,93
212015,11,11,11300721,2021,6,10,7,3,2,6,0,0,1,0,0,0,1,0,804632,2678,5829929,499
212014,11,6,6200421,2021,6,15,2,3,2,6,0,0,1,0,0,0,0,0,793320,8522,5816974,536
212013,11,7,7100102,2021,6,14,3,3,6,4,0,0,1,1,0,0,0,0,794974,9205,5825093,931
212012,11,9,9200510,2021,6,18,1,3,5,2,0,1,1,0,0,0,0,0,806601,3717,5822076,5
212011,11,4,4200308,2021,6,10,6,3,6,4,0,0,1,1,0,0,0,0,790347,6394,5827464,296
212010,11,7,7601546,2021,7,18,7,3,0,6,0,1,0,0,0,0,1,0,799334,1922,5812673,153
212009,11,7,7601341,2021,6,16,6,3,2,6,0,0,1,0,1,0,0,0,796912,2246,5815695,617
212008,11,2,2500833,2021,5,13,4,3,1,5,0,1,1,0,0,0,0,0,802891,9581,5826916,852
212007,11,6,6200421,2021,6,16,4,3,2,6,0,0,1,0,0,0,0,1,793389,5118,5817713,709
212006,11,1,1100310,2021,7,6,3,3,2,2,0,0,1,0,0,0,1,0,799503,278,5828823,32
212005,11,1,1300836,2021,7,18,4,3,2,7,0,0,1,0,1,0,0,0,796567,5412,5829848,765
212004,11,9,9501941,2021,6,9,4,3,0,3,0,1,0,0,0,1,0,0,810823,527,5821238,507
212003,11,10,10100311,2021,5,6,6,3,5,2,0,1,0,0,0,1,0,0,806528,9061,5829127,299
212002,11,3,3200308,2021,6,15,5,3,1,5,0,0,1,0,1,0,0,0,799915,135,5837039,95
212001,11,4,4200310,2021,6,12,4,3,6,4,0,0,1,1,0,0,0,0,789258,1875,5826850,324
212000,11,1,1100104,2021,6,19,4,3,2,6,0,0,1,0,0,0,0,0,796649,802,5826169,804
211999,11,8,8100310,2021,6,20,1,3,4,6,1,1,0,0,0,0,1,0,800986,7464,5824955,17
211998,11,2,2100106,2021,6,13,3,3,6,7,0,0,1,1,0,0,0,0,799042,851,5825538,589
211997,11,8,8200725,2021,6,12,3,3,0,1,0,1,0,0,0,0,0,0,800764,6807,5819721,912
211996,11,1,1100415,2021,6,19,2,3,6,7,0,0,0,1,0,0,1,0,798017,5396,5829801,989
211995,11,4,4300518,2021,7,20,1,2,0,7,0,1,0,0,0,0,0,0,792111,2224,5827685,373
211994,11,11,11501238,2021,6,19,7,3,2,6,0,0,1,0,0,0,0,0,804201,4511,5825924,514
211993,11,6,6100208,2021,7,9,5,3,5,3,0,1,1,0,0,0,0,1,793933,4312,5820785,568
211992,11,1,1100416,2021,7,18,5,3,1,5,0,1,1,0,0,0,0,1,798598,9835,5829306,39
211991,11,7,7400822,2021,6,1,5,3,1,3,2,1,1,0,0,0,0,0,796413,7573,5820706,596
211990,11,3,3400827,2021,5,16,1,2,5,3,0,1,1,0,0,0,0,0,799446,8634,5832468,508
211989,11,6,6400841,2021,6,10,6,3,5,2,0,1,1,0,0,0,0,0,789656,177,5818475,72
211988,11,10,10200630,2021,6,5,4,3,8,1,0,0,1,0,0,0,0,0,811296,739,5829136,616
211987,11,11,11401136,2021,6,17,3,2,5,3,0,0,1,0,0,0,1,0,805390,1549,5826053,513