OBJECTID,LAND,BEZ,LOR_ab_2021,UJAHR,UMONAT,USTUNDE,UWOCHENTAG,UKATEGORIE,UART,UTYP1,ULICHTVERH,IstRad,IstPKW,IstFuss,IstKrad,IstGkfz,IstSonstige,USTRZUSTAND,LINREFX,LINREFY,XGCSWGS84,YGCSWGS84
211986,11,2,2200208,2021,6,8,2,3,4,6,0,1,0,0,0,0,1,0,797569,258,5824994,301
211985,11,11,11401137,2021,5,18,7,3,2,6,0,0,1,0,1,0,1,0,807113,5638,5825786,229
211984,11,4,4501153,2021,6,14,5,3,2,6,0,0,1,0,0,0,0,0,794167,2637,5823110,318
211983,11,11,11401137,2021,6,15,4,3,2,6,0,0,1,0,0,0,0,0,807125,7175,5825760,379
211982,11,1,1100313,2021,6,19,3,3,1,5,0,1,0,0,1,0,0,0,800040,8475,5826461,905
211981,11,3,3200204,2021,6,20,7,3,0,1,0,0,0,0,1,0,0,0,799290,8632,5840514,93
211980,11,4,4300624,2021,6,14,3,2,4,6,0,0,0,0,0,0,1,0,793012,3289,5826100,828
211979,11,4,4501152,2021,6,18,3,3,5,2,0,1,0,0,0,0,1,0,793979,3401,5824652,73
211978,11,1,1100206,2021,6,10,2,3,5,2,0,1,1,0,0,0,0,0,798036,7829,5827394,248
211977,11,9,9501737,2021,6,12,7,3,8,1,0,0,1,0,0,0,0,0,814277,2992,5822659,55
211976,11,8,8100206,2021,7,22,7,3,2,6,2,1,1,0,0,0,0,0,800682,459,5824037,702
211975,11,4,4300517,2021,6,19,1,2,0,7,1,1,0,0,0,0,0,0,791500,1331,5828178,188
211974,11,6,6400735,2021,6,11,1,2,0,2,0,0,1,0,1,0,0,0,784052,4148,5816126,23
211973,11,6,6100103,2021,7,6,5,3,0,1,0,0,0,0,1,0,0,1,793043,574,5821514,946
211972,11,2,2500833,2021,7,15,3,3,0,1,0,1,0,0,0,0,0,0,802259,1204,5827115,916
211971,11,9,9100304,2021,7,9,5,3,3,6,0,0,1,0,0,1,0,0,804700,6511,5822213,561
211970,11,2,2100101,2021,6,15,5,3,2,6,0,0,1,0,0,0,0,0,797758,7819,5826056,915
211969,11,4,4501042,2021,5,1,2,3,0,6,2,0,1,0,0,0,1,0,794413,7624,5825875,375
211968,11,7,7200307,2021,6,12,6,3,5,2,0,1,1,0,0,0,0,0,794986,2529,5824072,7
211967,11,2,2300314,2021,6,20,4,3,5,3,0,1,1,0,0,0,0,0,799703,4217,5826014,64
211966,11,2,2200213,2021,6,8,3,3,5,3,0,1,1,0,0,0,0,0,799392,2779,5825135,961
211965,11,2,2200207,2021,6,6,1,3,0,1,0,0,0,0,1,0,0,0,797081,255,5824719,362
211964,11,8,8100415,2021,5,15,5,3,6,7,0,0,1,1,0,0,0,1,802026,1302,5823292,945
211963,11,7,7300619,2021,6,17,4,3,1,5,0,1,1,0,0,0,0,0,794777,3,5821788,546
211962,11,6,6200312,2021,5,17,1,2,5,2,0,1,0,0,1,0,0,0,795163,9311,5818817,153
211961,11,2,2100106,2021,6,14,2,3,6,4,0,0,0,1,1,0,0,0,799039,7005,5825530,842
211960,11,4,4500939,2021,7,22,2,3,0,1,2,1,0,0,0,0,0,0,792517,9388,5824472,154
211959,11,1,1100102,2021,7,17,6,3,5,3,0,1,1,0,0,0,0,0,796636,1741,5826884,59
211958,11,1,1100207,2021,7,9,6,3,5,3,0,1,1,0,0,0,0,1,798481,2148,5826666,162
211957,11,3,3601450,2021,6,8,5,3,0,1,0,1,0,0,0,0,0,0,802036,8703,5829628,765
211956,11,1,1100310,2021,6,19,5,3,5,3,0,1,0,0,0,0,0,0,799185,8691,5828685,432
211955,11,9,9501737,2021,6,19,2,3,2,6,0,0,1,0,0,0,1,0,814219,9681,5821931,253
211954,11,7,7601339,2021,5,12,2,3,0,3,0,0,1,0,1,0,0,0,795631,86,5815646,647
211953,11,2,2200213,2021,6,16,6,3,6,4,0,0,1,1,0,0,0,0,800095,5492,5824977,163
211952,11,1,1401047,2021,6,15,6,3,5,2,0,1,1,0,0,0,0,0,795262,3403,5830464,549
211951,11,8,8100102,2021,7,6,6,3,5,3,0,0,1,0,0,0,0,1,800324,9887,5823142,931
211950,11,6,6400843,2021,6,13,3,3,5,3,0,0,1,0,0,0,0,0,791543,895,5819551,349
211949,11,8,8100521,2021,5,13,6,2,5,3,0,0,1,0,0,0,0,1,803788,5,5821807,192
211948,11,6,6100103,2021,6,17,4,2,4,6,0,0,1,0,0,0,0,0,793114,2379,5821485,51
211947,11,5,5100211,2021,7,20,1,2,5,7,0,0,1,0,0,0,0,0,783136,2903,5830317,527
211946,11,7,7501029,2021,5,11,3,3,1,2,0,0,1,0,0,0,1,0,797539,533,5819904,582
211945,11,12,12500927,2021,6,15,3,3,1,5,0,0,1,0,0,0,1,0,792817,3668,5836750,273
211944,11,4,4500938,2021,7,18,2,3,6,7,0,0,1,1,0,0,0,0,791580,2646,5824975,368
211943,11,3,3400619,2021,7,13,3,3,1,5,0,0,1,0,1,0,0,0,795788,7031,5835140,771
211942,11,1,1401044,2021,5,16,6,3,1,7,0,1,1,0,0,0,0,1,796369,3728,5831049,24
211941,11,12,12200412,2021,6,14,4,3,5,2,0,1,1,0,0,0,0,0,791270,7865,5834145,512
211940,11,3,3500934,2021,7,8,7,3,2,6,0,1,1,0,0,0,0,1,800377,3888,5831679,203
211939,11,1,1100415,2021,6,15,2,3,2,6,0,1,1,0,0,0,0,0,797868,8056,5829071,1
211938,11,4,4501153,2021,6,22,6,3,5,2,1,1,1,0,0,0,0,0,794187,8536,5823111,548
211937,11,5,5100104,2021,6,9,3,3,5,3,0,0,1,0,1,0,0,0,785675,5916,5831759,59
211936,11,4,4100101,2021,6,17,3,2,0,7,0,0,1,0,0,0,0,0,790194,553,5829345,637
211935,11,4,4501042,2021,6,16,2,3,5,5,0,1,1,0,0,0,0,0,794060,198,5826256,564
211934,11,3,3400620,2021,6,20,7,2,1,1,0,0,1,0,1,0,0,0,796911,7902,5833837,477
211933,11,2,2100105,2021,7,15,7,3,5,3,0,0,1,0,0,0,1,0,798943,731,5825871,555
211932,11,2,2400623,2021,6,11,7,3,0,1,0,1,0,0,0,0,0,0,800599,5224,5827145,334
211931,11,3,3701660,2021,5,9,4,3,1,5,0,1,1,0,0,0,0,0,800831,4394,5829593,563
211930,11,1,1300733,2021,6,14,4,3,2,6,0,0,1,0,0,1,0,1,797918,224,5831825,547
211929,11,1,1300732,2021,7,18,3,3,5,7,0,0,1,0,1,0,0,0,797269,2239,5832199,585
211928,11,1,1100312,2021,7,8,4,3,5,3,0,0,1,0,0,0,1,1,799457,3888,5827067,339
211927,11,8,8100415,2021,6,0,4,2,5,3,2,1,0,0,1,0,0,0,802027,469,5823472,862
211926,11,3,3501037,2021,5,11,6,3,5,3,0,0,1,0,0,0,1,0,802445,3101,5832692,381
211925,11,7,7200307,2021,6,15,5,3,3,6,0,1,1,0,0,0,0,0,794940,7471,5824409,875
211924,11,9,9200717,2021,6,7,5,3,5,3,0,0,1,0,0,0,0,1,809468,862,5819066,445
211923,11,4,4300619,2021,6,12,3,3,5,3,0,0,1,0,0,0,0,0,791852,9521,5827429,478
211922,11,4,4400835,2021,6,20,1,3,1,5,0,1,1,0,0,0,0,0,792836,877,5821749,228
211921,11,2,2300417,2021,6,13,3,3,0,5,0,0,1,0,0,0,1,0,800714,3796,5825427,792
211920,11,8,8100415,2021,6,9,4,3,6,4,0,1,0,1,0,0,0,0,801505,983,5823647,47
211919,11,7,7601442,2021,6,10,2,3,6,4,0,0,1,1,0,0,0,0,799255,705,5816320,206
211918,11,2,2200208,2021,7,10,1,3,6,7,0,0,1,1,0,0,0,0,797350,9995,5825050,145
211917,11,4,4100101,2021,6,10,1,3,5,2,0,1,1,0,0,0,0,0,790421,5571,5829043,64
211916,11,5,5100105,2021,7,12,5,3,0,3,0,0,1,0,1,0,0,1,784234,6949,5831109,354
211915,11,1,1100102,2021,7,10,5,3,1,5,0,1,0,0,0,1,0,0,795380,2241,5826468,925
211914,11,8,8100521,2021,6,16,5,3,5,3,0,0,1,0,0,0,0,0,802979,9426,5821806,443
211913,11,4,4300517,2021,5,6,2,3,0,1,0,0,0,0,1,0,0,0,791467,3774,5828282,992
211912,11,12,12400618,2021,6,14,6,2,5,3,0,0,1,0,0,0,1,0,786998,888,5838292,45
211911,11,12,12601235,2021,6,16,5,3,3,6,0,0,1,0,0,0,1,0,794937,2807,5836316,1
211910,11,5,5400943,2021,6,8,3,3,2,2,0,1,1,0,0,0,0,0,779858,5942,5820900,29
211909,11,5,5300841,2021,6,18,2,3,2,6,0,0,1,0,1,0,0,0,789348,7638,5829302,439
211908,11,11,11501340,2021,6,12,2,3,4,5,0,1,1,0,0,0,0,0,808139,8143,5825644,418
211907,11,2,2100101,2021,5,14,5,3,2,6,0,0,1,0,0,0,0,1,797519,85,5826032,749
211906,11,11,11400929,2021,6,9,4,3,5,3,0,1,1,0,0,0,0,0,805479,6775,5826963,75
211905,11,9,9200613,2021,5,19,1,3,5,2,0,1,1,0,0,0,0,0,806884,7324,5821187,624
211904,11,8,8100415,2021,6,14,2,3,3,2,0,1,0,0,0,0,1,0,802018,3643,5823479,355
211903,11,11,11401136,2021,7,19,2,2,6,2,0,0,1,1,0,0,0,0,805887,7308,5825855,283
211902,11,11,11200411,2021,7,6,6,2,5,3,0,1,1,0,0,0,0,1,805712,8335,5831387,526
211901,11,9,9401534,2021,6,11,6,3,0,7,0,1,0,0,0,0,0,0,811569,4044,5820058,365
211900,11,9,9300920,2021,6,12,5,3,0,2,0,1,1,0,0,0,0,0,807694,6701,5817793,64
211899,11,1,1200519,2021,6,23,2,3,2,6,2,1,1,0,0,0,0,0,793718,1241,5828623,543
211898,11,8,8200624,2021,5,17,2,3,5,7,0,0,1,0,0,0,0,0,801416,152,5820731,86
211897,11,3,3601243,2021,6,21,6,3,2,6,1,1,1,0,0,0,0,0,799303,751,5831409,776
211896,11,6,6400735,2021,6,13,7,2,2,6,0,1,0,0,0,0,0,0,780734,1575,5816521,85
211895,11,3,3701554,2021,7,0,7,2,3,6,2,1,1,0,0,0,0,0,798907,7716,5829905,659
211894,11,1,1100205,2021,6,16,4,3,5,2,0,0,1,0,1,0,0,0,797250,927,5827361,744
211893,11,1,1400940,2021,6,19,6,2,3,6,0,1,1,0,0,0,0,0,794944,7342,5832082,954
211892,11,12,12200310,2021,6,7,2,3,5,3,0,0,1,0,0,0,0,0,792091,748,5832947,339
211891,11,1,1100309,2021,5,7,6,2,5,2,0,1,1,0,0,0,0,1,799060,9276,5829008,321
211890,11,3,3601245,2021,6,11,4,3,6,2,0,0,0,1,1,0,0,0,800316,7217,5831582,241
211889,11,9,9401329,2021,7,10,1,3,5,3,0,0,1,0,0,0,0,0,812082,4576,5819040,541
211888,11,10,10100205,2021,5,6,3,3,0,3,0,0,0,0,1,0,1,1,808402,777,5833051,21
211887,11,6,6200422,2021,6,18,3,3,5,3,0,1,1,0,0,0,0,0,794730,8482,5816711,108
211886,11,6,6200422,2021,7,9,3,3,5,3,0,1,1,0,0,0,0,0,794225,3852,5817034,275
211885,11,7,7100103,2021,7,14,3,3,0,4,0,1,0,1,0,0,0,0,795975,69,5824977,57
211884,11,8,8100105,2021,5,11,7,3,4,6,0,1,0,0,0,0,1,0,800275,8731,5822130,223
211883,11,5,5100316,2021,6,13,5,3,0,6,0,0,1,0,0,0,1,0,784825,352,5828939,489
211882,11,4,4300415,2021,6,19,4,3,6,4,0,1,0,1,0,0,0,0,790662,4103,5825991,194
211881,11,3,3601142,2021,4,18,3,3,5,3,0,0,1,0,0,0,0,0,799211,7293,5831107,862
211880,11,5,5100209,2021,3,17,2,2,5,3,0,1,1,0,0,0,0,0,783703,248,5830178,973
211879,11,12,12601134,2021,4,16,5,3,0,7,0,0,0,0,0,0,1,0,794971,4468,5837269,46
211878,11,4,4400830,2021,5,14,3,3,1,5,0,0,1,0,0,0,0,0,791267,505,5822662,336
211877,11,3,3701555,2021,5,19,3,3,1,5,0,1,1,0,0,0,0,0,799460,605,5829891,205
211876,11,7,7501029,2021,4,11,5,2,6,4,0,0,1,1,0,0,0,0,797473,1605,5819285,79
211875,11,7,7400823,2021,5,10,7,3,3,6,0,0,1,0,1,0,0,0,797267,7169,5821073,836
211874,11,11,11501238,2021,4,21,1,3,2,6,2,0,1,0,0,0,0,0,803732,3068,5826228,835
211873,11,1,1100309,2021,5,6,5,3,0,6,0,0,1,0,1,0,0,1,798562,5981,5829082,374
211872,11,6,6100210,2021,4,11,3,3,6,7,0,1,0,1,0,0,0,0,794857,2075,5821524,315
211871,11,3,3601450,2021,3,4,3,3,2,6,2,0,1,0,0,0,0,1,802302,8507,5829184,92
211870,11,5,5200527,2021,5,17,6,2,5,2,0,0,1,0,0,0,0,0,782604,4697,5827476,95
211869,11,6,6400838,2021,4,9,4,3,1,5,0,0,1,0,0,0,1,0,788150,3429,5818776,883
211868,11,8,8100418,2021,3,12,2,3,6,4,0,0,1,1,0,0,0,0,802245,1975,5823836,31
211867,11,3,3400831,2021,4,17,1,3,1,5,0,0,1,0,0,0,0,0,799142,7117,5833281,41
211866,11,8,8200726,2021,3,14,6,3,2,2,0,0,1,0,0,0,0,0,801272,524,5819693,962
211865,11,5,5100313,2021,5,16,2,3,5,2,0,1,1,0,0,0,0,0,785384,9319,5830272,178
211864,11,9,9501737,2021,5,16,5,3,2,6,0,0,1,0,0,0,0,1,813780,6296,5821752,468
211863,11,12,12200411,2021,5,0,4,3,5,2,2,0,1,0,0,0,0,0,792901,9306,5832166,888
211862,11,2,2500729,2021,4,14,5,3,6,4,0,1,0,1,0,0,0,0,803461,9285,5827764,297
211861,11,8,8100314,2021,4,11,6,3,4,6,0,1,0,0,0,0,1,0,800328,3403,5824359,119
211860,11,2,2200212,2021,4,15,3,3,0,1,0,1,0,0,0,0,0,0,800078,4648,5824444,87
211859,11,7,7501029,2021,3,20,4,3,5,3,2,0,1,0,0,0,0,0,797197,8046,5818632,509
211858,11,1,1401045,2021,4,11,6,3,0,7,0,1,0,0,0,0,0,0,796468,1855,5831933,77
211857,11,6,6100205,2021,5,16,7,3,1,5,0,1,1,0,0,0,0,0,795626,9852,5819940,278
211856,11,3,3501038,2021,4,10,3,3,5,2,0,1,1,0,0,0,0,0,803872,9977,5832204,32
211855,11,7,7400721,2021,5,5,3,3,0,7,0,1,0,0,0,0,0,0,798730,9147,5823948,28
211854,11,2,2200208,2021,5,17,6,3,5,2,0,1,1,0,0,0,0,1,797280,8278,5824851,188
211853,11,5,5100210,2021,5,13,5,3,2,6,0,0,1,0,0,0,0,0,783656,168,5829529,57
211852,11,8,8100313,2021,4,8,1,3,0,1,0,0,0,0,1,0,0,1,801386,891,5824767,909
211851,11,7,7200409,2021,3,13,4,3,5,3,0,1,0,0,0,0,1,0,795275,7266,5824146,708
211850,11,10,10200417,2021,5,11,3,3,2,6,0,0,1,0,0,0,0,0,811309,4179,5831962,649
211849,11,4,4501045,2021,3,18,2,3,0,2,0,1,1,0,0,0,0,0,794205,6033,5824940,674
211848,11,4,4400835,2021,4,6,4,3,5,3,0,1,1,0,0,0,0,0,793147,6985,5821760,457
211847,11,1,1100311,2021,3,18,5,3,5,7,0,0,1,0,0,0,1,0,800038,5538,5828500,877
211846,11,1,1200522,2021,5,12,3,3,2,2,0,1,0,0,0,0,1,0,793700,7256,5828112,183
211845,11,9,9100306,2021,4,20,1,3,5,2,1,1,1,0,0,0,0,1,805456,519,5820485,245
211844,11,6,6300526,2021,5,15,2,3,5,3,0,0,1,0,0,0,0,0,789504,3073,5817698,45
211843,11,3,3701657,2021,4,10,5,3,2,1,0,0,1,0,0,1,0,1,799988,565,5830257,979
211842,11,5,5100316,2021,5,12,1,3,0,2,0,0,0,0,0,0,1,0,785029,9118,5829398,737
211841,11,5,5100104,2021,5,12,6,3,0,2,0,0,1,0,0,0,1,0,785202,4951,5831186,729
211840,11,10,10300731,2021,4,7,2,3,5,2,0,1,1,0,0,0,0,0,809587,9951,5828532,516
211839,11,12,12200411,2021,4,12,6,2,6,2,0,0,1,1,0,0,0,0,793063,4453,5832214,84
211838,11,12,12200309,2021,4,15,4,3,5,7,0,0,1,0,0,0,0,0,793410,5162,5832399,17
211837,11,6,6300634,2021,5,14,5,3,5,2,0,1,1,0,0,0,0,1,792932,89,5817744,362
211836,11,1,1100206,2021,4,16,3,3,5,3,0,1,1,0,0,0,0,0,798028,5168,5827394,418
211835,11,6,6300524,2021,3,13,3,3,5,3,0,0,1,0,0,0,0,0,787530,5101,5817386,136
211834,11,6,6200422,2021,4,13,6,2,6,4,0,0,1,1,0,0,0,0,793983,7729,5816399,64
211833,11,2,2500830,2021,3,19,7,3,0,1,2,1,1,0,0,0,0,1,802414,284,5827429,684
211832,11,12,12100205,2021,5,21,4,2,6,4,2,0,1,1,0,0,0,0,794552,77,5832992,353
211831,11,6,6300633,2021,5,13,2,2,0,5,0,0,1,0,0,0,1,0,793214,1986,5819726,81
211830,11,10,10100311,2021,4,16,5,3,2,6,0,0,1,0,0,0,0,0,806748,1769,5829126,813
211829,11,6,6100209,2021,4,10,3,3,7,7,0,1,0,0,0,0,0,0,794768,4075,5820940,837
211828,11,4,4501148,2021,4,6,3,3,5,2,0,0,1,0,0,0,1,0,792824,1533,5823228,333
211827,11,2,2500833,2021,5,1,7,3,0,1,2,1,0,0,0,0,0,0,802146,3413,5827142,239
211826,11,2,2200210,2021,4,13,4,3,5,3,0,1,0,0,0,0,0,0,798306,2435,5824808,459
211825,11,6,6200421,2021,3,9,3,3,2,6,0,0,1,0,0,0,0,0,793453,4089,5817169,62
211824,11,6,6100207,2021,4,14,6,3,5,2,0,1,1,0,0,0,0,0,793557,1185,5820075,365
211823,11,8,8401241,2021,5,20,6,3,5,2,0,0,1,0,0,0,0,0,804859,9629,5818616,335
211822,11,1,1100310,2021,5,17,6,3,5,7,0,0,1,0,0,0,0,1,799114,1309,5828500,758
211821,11,6,6200421,2021,3,18,4,3,6,7,0,0,0,1,0,0,1,0,793297,611,5817693,444
211820,11,2,2400624,2021,4,13,7,3,1,5,0,1,1,0,0,0,0,0,801943,6054,5827050,685
211819,11,2,2400625,2021,3,12,7,3,2,6,0,0,1,0,0,0,0,1,801732,2779,5826259,39
211818,11,9,9501838,2021,5,13,2,2,0,5,0,1,1,0,0,0,0,0,818499,977,5820388,113
211817,11,3,3300515,2021,5,12,6,2,5,2,0,0,1,0,0,0,1,1,801237,5981,5835250,69
211816,11,2,2100106,2021,5,7,4,3,5,3,0,0,1,0,0,0,0,0,798589,5909,5825567,4
211815,11,7,7400824,2021,4,14,7,3,0,3,0,0,1,0,0,0,1,0,797732,8264,5821349,383
211814,11,7,7400823,2021,5,15,7,3,5,3,0,1,0,0,1,0,0,0,797235,626,5820709,561
211813,11,12,12100103,2021,4,15,4,3,6,4,0,0,1,1,0,0,0,0,795340,229,5833838,474
211812,11,5,5100316,2021,3,17,4,3,1,5,0,0,1,0,1,0,0,0,783874,4979,5829091,737
211811,11,2,2100103,2021,4,9,2,3,5,3,0,1,0,0,0,0,1,0,798415,3004,5825797,694
211810,11,7,7501031,2021,4,16,2,3,2,6,0,0,1,0,0,0,0,0,798127,372,5819918,333
211809,11,11,11100204,2021,5,14,7,3,5,3,0,1,0,0,0,0,1,0,806535,8503,5833561,571
211808,11,8,8100102,2021,5,11,7,3,1,5,0,1,1,0,0,0,0,0,800511,4157,5823455,245
211807,11,9,9200613,2021,4,22,2,3,2,6,2,1,1,0,0,0,0,0,807032,6653,5821159,693
211806,11,10,10200627,2021,5,18,3,3,5,2,0,1,1,0,0,0,0,0,811158,3031,5829178,339
211805,11,4,4300415,2021,5,17,7,3,5,7,0,1,1,0,0,0,0,0,791227,3799,5826056,27
211804,11,11,11100308,2021,5,7,5,3,6,7,0,1,0,1,0,0,0,0,804458,3638,5833717,886
211803,11,6,6200313,2021,4,8,2,3,5,3,0,1,1,0,0,0,0,0,795384,8353,5818264,381
211802,11,8,8301037,2021,3,13,4,2,5,7,0,0,1,0,0,0,1,0,804372,2295,5817823,903
211801,11,1,1300733,2021,4,11,3,3,5,2,0,0,1,0,0,0,1,0,797169,8834,5831904,357
211800,11,2,2100104,2021,5,20,3,3,5,3,0,0,1,0,0,0,1,0,799022,5481,5826071,627
211799,11,7,7400822,2021,4,8,3,3,5,2,0,1,1,0,0,0,0,0,796816,4331,5821984,187
211798,11,2,2400623,2021,3,16,2,2,5,2,0,1,1,0,0,0,0,0,800672,4979,5827569,805
211797,11,2,2200208,2021,4,23,5,2,6,2,2,0,1,1,0,0,0,0,797921,602,5825262,537
211796,11,12,12100204,2021,3,11,5,3,5,2,0,1,1,0,0,0,0,0,793826,8347,5832711,75
211795,11,1,1401044,2021,5,6,3,3,5,3,0,1,1,0,0,0,0,0,796202,7565,5830765,371
211794,11,7,7200409,2021,5,17,7,3,1,5,0,1,1,0,0,0,0,0,795719,2853,5824249,111
211793,11,9,9401432,2021,4,12,3,3,0,7,0,0,1,0,0,0,1,0,812362,4841,5820087,177
211792,11,11,11401137,2021,3,19,4,3,0,6,2,0,1,0,1,0,0,0,807130,6548,5825749,962
211791,11,2,2100102,2021,4,13,5,3,5,2,0,1,1,0,0,0,0,0,798448,5041,5826534,963
211790,11,3,3701657,2021,4,14,2,3,0,1,0,1,0,0,0,0,0,0,800080,802,5830573,708
211789,11,3,3400828,2021,5,1,1,2,1,5,2,1,1,0,0,0,0,0,800056,6013,5832600,657
211788,11,9,9100407,2021,5,21,7,2,6,6,1,0,1,1,0,0,0,0,805552,586,5819209,107
211787,11,4,4300518,2021,4,0,1,3,2,6,2,1,0,0,0,0,0,0,792387,1929,5828253,219
211786,11,1,1401047,2021,5,1,3,3,0,1,2,0,0,0,0,0,1,0,795451,466,5830548,455
211785,11,3,3300412,2021,5,13,6,3,6,4,0,0,1,1,0,0,0,0,802054,2637,5838173,48
211784,11,3,3400721,2021,5,8,5,3,5,2,0,1,1,0,0,0,0,0,797886,9743,5833072,841
211783,11,1,1400939,2021,4,23,1,3,0,7,2,0,1,0,0,0,0,1,795275,4963,5831734,277
211782,11,8,8200730,2021,3,15,4,3,3,6,0,1,0,0,0,0,1,0,801466,4387,5817949,965
211781,11,4,4501149,2021,4,17,3,3,5,3,0,1,0,0,0,0,0,0,793482,9274,5824497,246
211780,11,9,9501838,2021,5,18,3,3,2,6,0,0,1,0,0,0,1,0,821520,2779,5819418,802
211779,11,6,6200312,2021,3,13,2,2,5,2,0,0,1,0,0,0,0,0,794973,6426,5819208,318
211778,11,1,1300836,2021,4,9,4,3,5,2,0,1,1,0,0,0,0,0,796447,9768,5829962,939
211777,11,3,3601140,2021,3,18,5,3,5,2,0,1,1,0,0,0,0,0,798412,792,5831802,75
211776,11,12,12100204,2021,5,17,2,3,1,5,0,0,1,0,0,0,0,1,795537,4858,5833116,473
211775,11,4,4500937,2021,4,13,1,3,0,1,0,1,0,0,0,0,0,0,790739,9504,5825038,632
211774,11,10,10100315,2021,5,7,2,3,5,3,0,1,1,0,0,0,0,0,809472,1253,5831215,94
211773,11,9,9200510,2021,4,14,4,3,2,6,0,0,1,0,0,0,1,0,806224,1819,5823176,994
211772,11,5,5200629,2021,5,14,7,3,5,2,0,1,0,0,0,0,1,0,784638,155,5828422,793
211771,11,3,3701554,2021,4,10,3,3,5,5,0,0,1,0,1,0,0,0,799140,9917,5829204,771
211770,11,1,1300733,2021,4,13,7,3,2,6,0,0,1,0,0,0,0,0,797071,6451,5831455,831
211769,11,5,5100211,2021,5,12,6,2,5,2,0,0,1,0,1,0,0,0,781906,6519,5829568,57
211768,11,11,11300724,2021,4,9,3,3,0,2,0,0,1,0,0,0,1,0,804833,521,5827749,377
211767,11,5,5200423,2021,4,16,6,2,5,2,0,0,1,0,1,0,0,0,780873,8535,5828325,22
211766,11,1,1300733,2021,4,17,3,2,6,2,0,0,1,1,0,0,0,1,797680,6729,5831319,602
211765,11,11,11401137,2021,5,14,4,3,0,1,0,1,1,0,0,0,0,0,806869,3566,5826349,661
211764,11,5,5200629,2021,4,10,4,2,5,2,0,0,0,0,0,1,1,0,784740,7589,5828586,431
211763,11,1,1200624,2021,3,15,3,3,5,2,0,1,1,0,0,0,0,0,795668,661,5829732,691
211762,11,7,7200409,2021,4,18,6,3,2,7,0,0,1,0,1,0,0,0,795734,6604,5824492,627
211761,11,3,3300411,2021,3,11,6,2,5,3,0,1,1,0,0,0,0,0,803706,2362,5839176,433
211760,11,1,1400942,2021,5,15,4,3,5,3,0,0,1,0,0,0,0,0,794649,942,5830519,738
211759,11,4,4501149,2021,5,15,3,2,5,7,0,1,1,0,0,0,0,0,793563,4807,5824049,408
211758,11,5,5100211,2021,4,9,6,3,5,2,0,1,1,0,0,0,0,0,783181,3437,5830290,894
211757,11,11,11300620,2021,4,7,3,3,6,7,0,0,1,1,0,0,0,0,803665,3009,5829510,643
211756,11,4,4300416,2021,5,9,7,3,5,2,0,0,1,0,1,0,0,0,791944,5169,5826105,609
211755,11,8,8100419,2021,4,19,3,3,1,5,0,1,1,0,0,0,0,0,802527,9226,5824024,896
211754,11,1,1400938,2021,3,10,3,3,0,6,0,1,1,0,0,0,0,0,793726,257,5830543,702
211753,11,7,7400823,2021,4,16,5,3,2,6,0,0,1,0,1,0,0,1,797094,923,5822140,85
211752,11,2,2500835,2021,5,10,6,3,5,2,0,0,1,0,0,0,0,1,803074,9153,5825942,486
211751,11,9,9100407,2021,5,22,6,3,5,2,2,0,1,0,1,0,0,0,805685,65,5821719,154
211750,11,10,10100210,2021,3,18,4,3,5,3,0,1,1,0,0,0,0,0,809197,3475,5831711,685
211749,11,8,8100417,2021,4,23,3,3,0,1,2,0,0,0,0,0,1,0,802222,5926,5822725,5
211748,11,12,12200412,2021,3,8,7,3,5,3,0,1,1,0,0,0,0,1,791381,7091,5833135,636
211747,11,9,9501939,2021,5,18,2,3,2,6,0,0,1,0,0,0,0,0,809901,7919,5821606,24
211746,11,12,12200412,2021,5,15,5,3,5,3,0,0,1,0,0,0,0,0,790780,9572,5834328,263
211745,11,5,5100317,2021,5,6,4,2,5,3,0,0,0,0,1,0,1,0,787203,6092,5828341,888
211744,11,8,8100415,2021,4,22,6,3,5,2,2,0,1,0,0,0,1,0,801821,5104,5823631,712
211743,11,9,9200511,2021,5,16,1,3,0,1,0,1,0,0,0,0,0,0,807010,6281,5821938,2
211742,11,8,8100208,2021,4,17,4,3,5,3,0,1,1,0,0,0,0,0,801362,1601,5822928,784
211741,11,6,6200313,2021,3,11,4,3,0,6,0,0,1,0,0,0,1,0,795380,2346,5818431,443
211740,11,3,3400721,2021,4,20,6,3,6,6,0,1,0,1,0,0,0,0,798132,2403,5833146,535
211739,11,5,5400943,2021,4,18,2,3,1,5,1,0,1,0,0,0,0,0,782158,644,5820628,699
211738,11,10,10100205,2021,5,16,2,3,5,5,0,0,1,0,1,0,0,0,807291,5665,5832472,89
211737,11,5,5200630,2021,5,13,7,3,2,6,0,0,1,0,0,0,0,0,784548,4794,5828158,301
211736,11,4,4300416,2021,5,14,3,3,5,3,0,1,1,0,0,0,0,0,791291,3096,5826066,28
211735,11,11,11401136,2021,5,7,6,3,6,4,0,1,0,1,0,0,0,0,806110,6492,5825797,268
211734,11,1,1100206,2021,4,8,3,3,2,6,0,1,1,0,0,0,0,0,797788,4591,5827353,161
211733,11,9,9200510,2021,5,15,5,3,5,3,0,1,1,0,0,0,0,0,806199,2845,5823260,598
211732,11,3,3500932,2021,4,17,1,3,2,7,0,0,1,0,0,0,0,0,801777,3777,5832411,685
211731,11,5,5100316,2021,4,11,5,3,6,4,0,0,1,1,0,0,0,0,783900,327,5829084,294
211730,11,1,1200629,2021,4,15,3,3,0,4,0,1,0,1,0,0,0,0,794150,7121,5827240,336