OBJECTID,LAND,BEZ,LOR_ab_2021,UJAHR,UMONAT,USTUNDE,UWOCHENTAG,UKATEGORIE,UART,UTYP1,ULICHTVERH,IstRad,IstPKW,IstFuss,IstKrad,IstGkfz,IstSonstige,USTRZUSTAND,LINREFX,LINREFY,XGCSWGS84,YGCSWGS84
211729,11,6,6200312,2021,5,20,5,2,2,1,0,0,1,0,0,0,0,1,794380,5055,5819086,789
211728,11,7,7200413,2021,4,21,3,3,1,5,2,0,0,0,1,0,0,0,796033,2382,5823627,715
211727,11,12,12100204,2021,3,13,1,2,9,1,0,0,1,0,0,0,0,0,795501,4394,5832474,689
211726,11,11,11100204,2021,4,13,6,3,2,6,0,0,1,0,0,0,0,0,806024,97,5833553,286
211725,11,1,1300836,2021,3,15,5,3,1,5,0,1,1,0,0,0,0,0,796680,4027,5830392,474
211724,11,2,2300315,2021,5,12,2,3,5,2,0,1,0,0,0,0,1,0,800787,4327,5825815,22
211723,11,1,1100207,2021,4,20,2,3,2,7,2,0,1,0,0,0,0,0,798914,8644,5827027,154
211722,11,10,10200418,2021,5,18,2,3,5,3,0,0,1,0,0,0,1,0,811137,5218,5831143,1
211721,11,9,9200717,2021,4,17,4,3,2,6,0,0,1,0,0,0,0,0,809660,114,5819030,476
211720,11,6,6400735,2021,5,15,1,3,5,3,0,0,1,0,1,0,0,0,781431,7216,5815504,867
211719,11,6,6100205,2021,5,18,5,3,0,1,0,1,0,0,0,0,0,0,795075,2394,5820013,414
211718,11,12,12100205,2021,4,8,3,3,6,7,0,0,1,1,0,0,0,0,794907,1616,5833263,466
211717,11,9,9200510,2021,4,17,5,2,9,1,0,0,0,0,1,0,0,0,806214,3134,5823182,951
211716,11,11,11100204,2021,4,15,3,3,5,3,0,0,1,0,1,0,0,0,806403,8346,5833723,16
211715,11,12,12100205,2021,4,17,3,2,5,3,0,1,0,0,1,0,0,0,794554,8435,5833969,997
211714,11,12,12200413,2021,5,14,6,3,5,3,0,1,1,0,0,0,0,1,790803,7493,5834063,528
211713,11,6,6200315,2021,4,0,5,2,1,7,2,0,1,0,0,0,1,0,795438,1412,5817893,463
211712,11,5,5300735,2021,3,13,2,2,5,2,0,0,0,0,0,0,1,0,786445,7695,5831168,56
211711,11,8,8200832,2021,4,19,7,3,0,7,0,0,1,0,0,0,0,0,800913,8499,5817450,344
211710,11,2,2100102,2021,3,8,6,3,5,7,0,0,1,0,1,0,0,1,798295,2187,5826524,998
211709,11,12,12100205,2021,5,22,3,3,5,2,2,0,1,0,1,0,0,1,794786,7663,5834236,663
211708,11,1,1100101,2021,5,14,3,3,6,4,0,0,1,1,0,0,0,0,795053,4023,5825931,368
211707,11,2,2200210,2021,4,18,5,3,5,2,0,1,1,0,0,0,0,0,798287,3693,5825472,86
211706,11,12,12200515,2021,4,17,2,3,5,3,0,0,1,0,1,0,0,0,789990,7426,5834765,14
211705,11,4,4200207,2021,5,13,2,3,5,3,0,1,0,0,0,0,0,0,789622,6424,5824817,348
211704,11,3,3601245,2021,4,8,4,2,5,2,0,1,1,0,0,0,0,0,800874,821,5831048,438
211703,11,8,8100417,2021,5,12,7,2,6,4,0,1,0,1,0,0,0,0,802099,4542,5822982,519
211702,11,1,1200628,2021,4,16,1,3,0,7,0,0,0,0,1,0,0,0,796229,1371,5828292,517
211701,11,1,1300732,2021,5,13,6,3,5,2,0,1,1,0,0,0,0,0,797541,5503,5832722,186
211700,11,3,3701555,2021,4,12,2,3,5,3,0,1,0,0,0,0,1,0,799721,3083,5830080,395
211699,11,1,1100308,2021,4,9,7,3,5,3,0,1,1,0,0,0,0,0,797038,3558,5829319,449
211698,11,10,10300734,2021,5,15,5,3,9,1,0,0,1,0,0,0,0,1,810269,901,5827096,785
211697,11,7,7601544,2021,4,10,4,3,5,7,0,0,1,0,0,0,0,0,799485,4308,5813590,913
211696,11,1,1200628,2021,3,16,3,3,5,2,0,0,1,0,1,0,0,0,796250,4152,5828523,856
211695,11,4,4500939,2021,4,10,1,3,5,3,0,0,1,0,0,0,0,0,792513,497,5824503,746
211694,11,4,4400728,2021,3,10,6,3,5,2,0,1,1,0,0,0,0,0,790677,4228,5822708,534
211693,11,2,2200213,2021,5,16,4,3,5,3,0,1,1,0,0,0,0,0,800146,8407,5825072,34
211692,11,11,2500835,2021,5,15,3,3,6,4,0,1,1,1,0,0,0,0,803307,3104,5826309,522
211691,11,10,10200417,2021,4,18,6,3,5,2,0,0,1,0,0,0,0,0,811353,9886,5831952,941
211690,11,1,1100313,2021,5,15,6,3,5,3,0,1,0,0,1,0,0,0,799475,1867,5826559,791
211689,11,8,8401244,2021,4,12,4,3,4,5,0,1,1,0,0,0,0,0,805970,8421,5816013,649
211688,11,9,9200818,2021,3,11,3,3,2,6,0,0,1,0,0,0,0,0,809765,4971,5820694,734
211687,11,5,5100105,2021,4,12,6,3,8,1,0,0,0,0,1,0,0,0,784915,3918,5831131,579
211686,11,1,1100309,2021,4,12,3,3,4,6,0,1,1,0,0,0,0,0,798714,7069,5828981,115
211685,11,2,2100102,2021,5,18,7,3,5,7,0,0,1,0,1,0,0,1,797941,5881,5826336,176
211684,11,1,1300836,2021,5,15,6,3,1,6,0,0,1,0,1,0,0,0,797345,8446,5831180,622
211683,11,10,10100311,2021,3,15,4,3,5,2,0,1,0,0,0,1,0,0,806317,4421,5830170,419
211682,11,9,9100101,2021,4,13,2,3,5,2,0,1,0,0,0,1,0,0,802351,4626,5824749,185
211681,11,4,4400728,2021,5,15,2,3,5,3,0,1,1,0,0,0,0,0,789830,2699,5823564,219
211680,11,7,7501029,2021,5,9,5,3,0,1,0,0,0,0,1,0,0,1,797525,1797,5820002,67
211679,11,6,6100205,2021,5,18,4,3,5,3,0,0,1,0,0,0,0,0,795530,1703,5819894,941
211678,11,4,4300416,2021,4,2,7,3,2,6,2,1,1,0,0,0,0,0,791804,1861,5825894,688
211677,11,2,2300314,2021,3,8,3,3,5,2,0,1,1,0,0,0,0,0,800285,2009,5826091,69
211676,11,5,5300840,2021,5,5,2,2,5,2,1,1,1,0,0,0,0,1,790058,6026,5829166,396
211675,11,4,4300416,2021,5,7,4,2,5,3,0,1,1,0,0,0,0,0,791830,8976,5826109,919
211674,11,8,8401241,2021,4,8,4,2,0,1,0,1,0,0,0,0,0,0,803843,3175,5818864,747
211673,11,7,7100205,2021,3,9,4,3,0,2,0,0,0,0,0,0,1,0,796046,354,5825344,573
211672,11,11,11100204,2021,5,16,7,3,6,7,0,1,0,1,0,0,0,0,805940,1718,5833720,126
211671,11,6,6200420,2021,4,13,1,3,3,6,0,1,1,0,0,0,0,0,793058,2524,5816619,253
211670,11,3,3400619,2021,5,8,2,3,5,7,0,0,1,0,0,0,0,0,795357,6016,5835082,753
211669,11,3,3601142,2021,5,12,2,3,0,7,0,0,1,0,0,0,1,0,799162,6143,5831006,428
211668,11,1,1100311,2021,5,10,6,3,1,5,0,1,1,0,0,0,0,1,800207,93,5827659,5
211667,11,7,7100102,2021,5,10,5,3,2,6,0,0,1,0,0,0,0,0,794964,3118,5825220,647
211666,11,3,3100102,2021,4,13,3,3,5,3,0,0,1,0,0,0,0,0,804945,8038,5841291,422
211665,11,8,8100209,2021,4,12,1,3,2,6,0,0,1,0,0,0,1,1,801960,5474,5822410,174
211664,11,3,3500933,2021,4,11,6,3,5,3,0,0,1,0,0,0,0,0,802829,5611,5832033,113
211663,11,6,6400737,2021,4,13,4,2,5,3,0,0,1,0,0,0,0,0,785768,8138,5816919,597
211662,11,2,2300315,2021,5,17,4,3,5,3,0,0,1,0,1,0,0,0,800504,863,5826012,19
211661,11,1,1100310,2021,4,12,3,2,1,5,0,1,1,0,0,0,0,0,799069,3587,5828931,532
211660,11,7,7100206,2021,3,19,2,2,5,3,0,1,1,0,0,0,0,0,796869,8266,5824297,634
211659,11,9,9401534,2021,4,12,5,3,5,3,0,1,1,0,0,0,0,0,810885,4949,5820660,769
211658,11,6,6300629,2021,3,12,5,3,5,2,0,0,1,0,0,0,0,0,791751,3033,5819295,966
211657,11,1,1200626,2021,5,19,4,3,0,6,0,0,1,0,1,0,0,1,795142,9674,5828262,815
211656,11,3,3601141,2021,5,19,3,3,2,6,0,1,1,0,0,0,0,0,799193,3441,5831774,93
211655,11,4,4200310,2021,4,9,5,3,2,6,0,0,1,0,0,0,1,1,789786,6698,5826385,158
211654,11,12,12200412,2021,5,15,1,3,2,6,0,0,1,0,0,0,0,0,788628,8514,5833066,611
211653,11,8,8200623,2021,4,17,7,3,6,6,0,1,0,1,0,0,0,0,801606,1467,5820669,737
211652,11,10,10200524,2021,5,18,5,3,6,4,0,0,0,1,1,0,0,0,813444,2626,5830359,177
211651,11,7,7400720,2021,4,18,2,3,5,2,0,1,1,0,0,0,0,0,797392,2355,5823661,568
211650,11,8,8100208,2021,3,13,3,3,1,5,0,1,1,0,0,0,0,0,801311,1709,5822907,949
211649,11,1,1401044,2021,4,18,4,2,1,5,0,0,1,0,0,0,1,1,796148,9272,5831457,732
211648,11,7,7501032,2021,5,14,6,2,0,7,0,0,1,0,0,0,0,0,799988,2399,5820425,423
211647,11,12,12601133,2021,4,17,5,3,5,3,0,0,1,0,0,0,0,0,795732,1172,5837041,346
211646,11,8,8100310,2021,3,9,2,3,3,6,0,1,1,0,0,0,0,0,800564,6287,5825143,715
211645,11,4,4300624,2021,4,19,7,3,5,3,0,1,1,0,0,0,0,0,793352,4692,5826070,589
211644,11,9,9300923,2021,3,15,6,2,6,4,0,0,1,1,0,0,0,0,808962,8849,5815215,832
211643,11,9,9300920,2021,5,7,2,2,5,2,0,1,1,0,0,0,0,0,808075,5021,5816934,102
211642,11,3,3601449,2021,5,12,5,3,5,7,0,0,1,0,0,0,0,0,801911,3304,5830333,347
211641,11,2,2100106,2021,5,17,4,2,5,3,0,0,1,0,0,0,0,0,798584,515,5825563,788
211640,11,9,9200510,2021,4,14,5,2,6,4,0,0,0,1,1,0,0,0,806407,7931,5822247,407
211639,11,7,7100102,2021,4,11,6,3,5,3,0,1,1,0,0,0,0,0,795390,5743,5825193,34
211638,11,7,7400721,2021,4,19,3,3,1,5,0,0,1,0,0,0,0,0,797717,87,5822530,884
211637,11,7,7200409,2021,3,9,4,3,2,6,0,1,1,0,0,0,0,0,795576,4502,5824251,868
211636,11,7,7300517,2021,4,21,6,2,5,2,2,1,0,0,1,0,0,0,794565,5161,5822580,347
211635,11,9,9100305,2021,5,17,1,3,1,5,0,0,1,0,0,0,0,0,804874,1213,5823156,83
211634,11,6,6400737,2021,3,17,4,3,1,5,0,1,1,0,0,0,0,0,785817,619,5817638,197
211633,11,11,11100308,2021,4,10,2,3,1,7,0,0,1,0,0,1,0,0,804351,7175,5834175,292
211632,11,3,3300516,2021,5,12,2,3,5,3,0,0,1,0,0,0,0,0,800778,799,5833548,648
211631,11,1,1200519,2021,5,7,6,3,6,4,0,0,1,1,0,0,0,1,793748,6035,5828917,531
211630,11,9,9502043,2021,5,12,4,2,6,4,0,0,0,1,0,0,1,0,811155,8513,5822077,607
211629,11,1,1401046,2021,5,16,5,3,2,6,0,1,1,0,0,0,0,0,794617,368,5829855,854
211628,11,7,7200413,2021,4,12,6,3,5,3,0,1,1,0,0,0,0,0,796273,414,5823231,42
211627,11,1,1100103,2021,4,15,5,2,5,3,0,1,1,0,0,0,0,0,795385,453,5826006,82
211626,11,10,10100102,2021,5,19,3,3,5,3,0,1,1,0,0,0,0,0,809450,6271,5834611,939
211625,11,3,3601450,2021,3,18,2,3,0,6,0,0,0,0,1,0,1,0,802494,7299,5829266,773
211624,11,7,7100206,2021,4,8,5,3,6,4,0,0,1,1,0,0,0,0,796110,58,5824881,838
211623,11,12,12601235,2021,3,11,5,3,5,2,0,1,1,0,0,0,0,0,795164,2555,5836348,582
211622,11,7,7601238,2021,5,15,3,3,5,3,0,0,1,0,0,0,0,0,798326,6641,5816896,563
211621,11,5,5300735,2021,4,17,1,2,0,1,0,0,0,0,1,0,0,0,786527,8339,5830641,28
211620,11,4,4200311,2021,5,12,2,3,2,6,0,0,1,0,0,0,0,0,790394,973,5825615,548
211619,11,4,4500938,2021,4,16,4,3,5,3,0,1,1,0,0,0,0,0,791434,5973,5824917,816
211618,11,9,9301126,2021,3,6,3,3,5,7,0,0,1,0,0,0,1,0,811307,5457,5817551,931
211617,11,3,3100101,2021,4,6,6,3,3,6,0,0,1,0,1,0,1,0,801538,3154,5839683,97
211616,11,8,8100104,2021,5,14,7,3,5,3,0,0,1,0,1,0,0,0,800844,8889,5822538,93
211615,11,2,2300314,2021,5,14,7,3,5,2,0,1,1,0,0,0,0,0,800141,2163,5825758,732
211614,11,9,9200819,2021,3,18,3,3,2,6,0,0,1,0,0,0,0,0,810055,4659,5819450,307
211613,11,8,8100521,2021,4,20,2,3,0,1,2,1,0,0,0,0,0,0,803816,8378,5822121,158
211612,11,7,7300515,2021,5,20,2,2,5,2,2,1,0,0,0,0,0,0,793501,1304,5822489,424
211611,11,3,3100101,2021,5,6,5,3,5,3,0,0,1,0,0,0,0,0,800855,69,5838761,31
211610,11,4,4500936,2021,5,8,4,3,1,5,0,1,0,0,0,1,0,0,792063,1768,5825715,96
211609,11,2,2400623,2021,4,14,6,3,5,3,0,1,1,0,0,0,0,0,800613,2944,5827116,859
211608,11,5,5100316,2021,4,13,5,3,5,2,0,1,1,0,0,0,0,1,784838,222,5829254,63
211607,11,6,6100208,2021,4,9,6,3,6,2,0,0,1,1,0,0,0,0,794335,981,5820577,777
211606,11,3,3100101,2021,5,20,3,2,2,6,0,0,0,0,1,0,0,0,803857,3249,5841431,15
211605,11,11,11100204,2021,4,16,4,3,5,3,0,1,1,0,0,0,0,0,806641,1306,5832913,114
211604,11,3,3200205,2021,3,7,4,3,0,3,0,1,0,0,0,0,0,0,797419,9991,5835029,425
211603,11,6,6200422,2021,5,11,3,3,5,3,0,0,1,0,0,0,0,0,794483,9081,5816586,577
211602,11,2,2500833,2021,4,19,2,3,5,3,0,1,1,0,0,0,0,0,802855,1533,5826929,195
211601,11,8,8401241,2021,5,16,2,3,0,1,0,0,0,0,1,0,0,0,805178,8864,5818515,689
211600,11,1,1400938,2021,5,23,2,3,1,5,2,0,1,0,0,0,0,0,794376,2963,5830522,858
211599,11,2,2500833,2021,5,20,6,3,2,6,0,1,1,0,0,0,0,1,802634,3477,5827000,3
211598,11,4,4300624,2021,5,16,5,3,5,2,0,1,1,0,0,0,0,0,792857,1934,5826090,307
211597,11,1,1100312,2021,4,8,2,3,0,6,0,1,1,0,0,0,0,1,799708,8277,5827296,176
211596,11,1,1401049,2021,4,17,5,3,5,2,0,0,1,0,0,0,0,0,795901,897,5831931,811
211595,11,12,12200412,2021,5,14,4,3,3,6,0,0,1,0,1,0,0,0,791112,1445,5833942,748
211594,11,12,12500929,2021,4,13,3,3,5,2,0,0,1,0,1,0,0,0,793479,954,5838662,114
211593,11,5,5300735,2021,3,15,1,3,5,2,0,0,1,0,0,0,0,0,786565,7245,5830552,436
211592,11,3,3200308,2021,4,7,5,2,6,4,1,0,1,1,0,0,0,0,798850,1502,5837921,388
211591,11,10,10100209,2021,3,11,5,3,2,6,0,0,1,0,0,0,0,0,809978,5062,5832083,168
211590,11,12,12100206,2021,5,9,4,3,5,3,0,0,1,0,0,0,0,0,794442,4669,5833796,913
211589,11,3,3701555,2021,5,11,3,3,0,6,0,1,1,0,0,0,0,1,799355,143,5830145,186
211588,11,5,5400943,2021,4,7,5,3,0,3,0,0,1,0,1,0,0,1,780783,8618,5820419,579
211587,11,8,8200726,2021,5,14,1,3,2,7,0,0,1,0,0,0,0,0,802574,796,5819932,361
211586,11,2,2100102,2021,4,11,2,3,5,3,0,0,1,0,0,0,0,1,798181,1114,5826513,326
211585,11,10,10300731,2021,5,9,6,3,0,3,0,1,1,0,0,0,0,0,809637,4912,5829700,862
211584,11,8,8300934,2021,4,15,3,3,2,6,0,0,1,0,0,0,0,0,803492,5939,5818202,486
211583,11,9,9100304,2021,3,13,3,3,5,2,0,0,1,0,0,0,1,0,804658,1715,5822148,69
211582,11,5,5300736,2021,4,4,3,2,9,1,2,0,1,0,0,0,0,0,785966,1705,5829222,343
211581,11,2,2200212,2021,5,17,6,3,3,6,0,0,1,0,1,0,0,0,799300,5541,5824562,138
211580,11,11,11501341,2021,4,13,4,2,0,7,0,0,1,0,0,0,0,0,807244,5907,5824185,306
211579,11,2,2200209,2021,3,18,3,3,5,2,0,1,1,0,0,0,0,0,796816,5557,5823974,873
211578,11,6,6300629,2021,4,13,6,2,2,6,0,0,1,0,1,0,0,0,792126,816,5819547,881
211577,11,1,1300732,2021,3,11,7,3,2,6,0,0,1,0,0,0,0,1,797318,9467,5832315,888
211576,11,1,1100310,2021,5,10,2,3,2,6,0,0,1,0,0,0,0,0,799177,9284,5827592,492
211575,11,2,2200210,2021,5,17,5,3,5,2,0,1,1,0,0,0,0,1,798288,3621,5825472,37
211574,11,12,12200412,2021,5,19,4,3,5,7,0,0,1,0,0,1,1,0,791185,4824,5834208,991
211573,11,1,1100207,2021,4,18,6,3,5,3,0,0,1,0,0,0,0,0,798021,5577,5826590,19
211572,11,6,6400844,2021,5,14,7,3,5,3,0,0,1,0,0,0,0,0,791185,246,5820067,926
211571,11,4,4300623,2021,4,13,4,2,5,5,0,0,1,0,1,0,0,0,792728,9021,5826173,711
211570,11,7,7601544,2021,3,12,4,3,1,5,0,0,1,0,0,0,1,0,799988,4794,5813243,746
211569,11,2,2400625,2021,4,13,5,3,5,3,0,1,1,0,0,0,0,0,801467,1492,5827266,505
211568,11,3,3601142,2021,5,9,7,3,5,2,0,1,1,0,0,0,0,0,799135,8157,5830601,412
211567,11,11,11300620,2021,5,18,7,3,5,3,0,0,1,0,0,0,0,1,804220,9808,5829078,515
211566,11,4,4200310,2021,4,12,2,3,6,4,0,0,0,1,0,1,0,0,789112,878,5826963,65
211565,11,5,5200630,2021,5,17,3,2,6,2,0,0,1,1,0,0,0,0,784696,3146,5827631,427
211564,11,1,1200522,2021,5,23,6,3,0,2,2,1,1,0,0,0,0,0,794316,1346,5828380,212
211563,11,11,11501340,2021,5,17,4,3,0,3,0,0,1,0,0,0,1,0,807719,199,5825393,705
211562,11,1,1300835,2021,4,20,4,3,0,1,2,0,0,0,1,0,0,0,797684,5792,5829635,104
211561,11,12,12200411,2021,4,18,1,3,2,6,0,0,1,0,0,0,0,1,792919,822,5832171,963
211560,11,1,1100206,2021,3,14,4,3,0,1,0,1,0,0,0,0,0,0,798228,9018,5827933,277
211559,11,2,2300419,2021,5,11,3,3,1,5,0,1,0,0,0,1,0,0,801400,3962,5825811,48
211558,11,5,5200526,2021,3,11,1,2,6,4,0,0,1,1,0,0,0,0,782179,2692,5827218,948
211557,11,8,8100208,2021,4,12,5,3,3,6,0,0,1,0,1,0,0,0,801645,2681,5822562,106
211556,11,3,3100101,2021,3,8,5,3,5,2,0,0,1,0,0,0,1,0,803011,2345,5842058,66
211555,11,4,4501043,2021,5,8,3,3,3,6,0,0,1,0,1,0,0,0,792642,458,5825123,139
211554,11,12,12500824,2021,4,10,2,3,5,2,0,1,0,0,0,0,1,0,790679,4598,5835379,4
211553,11,1,1100101,2021,5,8,2,3,5,2,0,0,0,0,0,0,1,0,794595,926,5826092,445
211552,11,4,4400726,2021,4,19,4,2,5,2,0,1,1,0,0,0,0,0,790852,4825,5823807,721
211551,11,3,3400721,2021,5,13,7,3,6,7,0,1,0,1,0,0,0,0,798026,5255,5833258,957
211550,11,3,3601347,2021,5,13,5,3,5,3,0,0,1,0,0,0,0,0,799480,6922,5830651,651
211549,11,12,12400722,2021,4,11,3,3,6,7,0,1,0,1,0,0,0,0,791617,3638,5838233,947
211548,11,4,4200311,2021,4,14,6,3,5,2,0,0,1,0,0,0,0,0,790395,3001,5825654,182
211547,11,6,6400839,2021,4,13,4,3,5,3,0,0,1,0,0,0,0,0,789184,622,5818568,49
211546,11,4,4200308,2021,5,13,4,3,2,6,0,0,1,0,1,0,0,0,790411,2711,5827311,184
211545,11,2,2500728,2021,4,13,3,3,6,4,0,0,1,1,0,0,0,0,802937,536,5827843,192
211544,11,1,1200625,2021,3,15,3,3,2,7,0,0,1,0,0,0,1,0,795105,99,5828774,852
211543,11,2,2200211,2021,4,16,5,3,5,3,0,1,0,0,0,0,0,0,798574,3371,5824514,73
211542,11,12,12601235,2021,3,17,7,3,6,4,0,0,1,1,0,0,0,0,795113,8456,5836341,201
211541,11,11,11501238,2021,5,16,4,3,2,6,0,0,1,0,0,0,0,0,805608,4651,5824292,463
211540,11,3,3500934,2021,5,15,3,3,6,2,0,0,1,1,0,0,0,0,801068,4322,5831436,692
211539,11,2,2200212,2021,4,6,6,3,6,4,0,1,0,1,0,0,0,0,799222,6299,5824586,469
211538,11,6,6400843,2021,4,7,3,2,5,3,0,1,1,0,0,0,0,0,791203,6634,5819702,451
211537,11,8,8401242,2021,5,7,7,3,5,3,0,0,1,0,0,0,0,1,804454,6008,5816943,35
211536,11,1,1400942,2021,4,10,4,3,5,7,0,1,1,0,0,0,0,0,794480,7581,5830671,779
211535,11,1,1100309,2021,3,18,2,3,0,7,0,1,0,0,0,0,0,0,798630,389,5828380,884
211534,11,12,12100205,2021,4,10,5,3,5,3,0,0,1,0,0,0,0,1,794503,8382,5834749,328
211533,11,9,9502043,2021,5,13,7,2,5,2,0,1,1,0,0,0,0,0,810991,5924,5821981,77
211532,11,7,7601546,2021,5,14,6,3,5,3,0,0,1,0,0,0,1,0,798379,7769,5813628,995
211531,11,4,4400727,2021,4,17,1,3,1,5,0,1,1,0,0,0,0,1,790926,5257,5823503,475
211530,11,1,1401047,2021,4,11,6,3,5,2,0,0,1,0,0,0,0,0,795517,809,5830743,695
211529,11,7,7400721,2021,5,9,5,3,0,6,0,0,1,0,1,0,0,1,797863,5499,5823990,39
211528,11,11,11200515,2021,4,17,3,3,5,3,0,0,1,0,1,0,0,0,805714,2907,5830899,184
211527,11,3,3100101,2021,3,11,3,3,0,5,0,0,1,0,0,0,0,0,804137,6749,5841825,171
211526,11,7,7501029,2021,4,9,6,3,5,3,0,0,1,0,0,0,1,0,797595,218,5818740,112
211525,11,5,5100207,2021,3,17,6,3,6,7,0,0,0,1,0,0,1,0,780270,7235,5830306,458
211524,11,1,1100312,2021,5,18,4,3,5,3,0,1,1,0,0,0,0,1,799458,893,5827068,327
211523,11,9,9301126,2021,5,17,3,3,5,3,0,1,1,0,0,0,0,0,811426,7366,5817361,517
211522,11,4,4500937,2021,4,11,6,3,0,4,0,0,0,1,0,0,1,0,791520,6029,5825077,297
211521,11,10,10100209,2021,4,14,3,2,6,4,0,0,1,1,0,0,0,0,810010,9178,5832299,846
211520,11,12,12200412,2021,5,17,6,3,2,6,0,0,1,0,1,0,0,0,790416,556,5833695,86
211519,11,6,6100209,2021,4,13,3,3,5,7,0,0,1,0,1,0,0,0,794765,8742,5821102,842
211518,11,5,5200528,2021,3,16,2,3,2,2,0,0,1,0,0,0,0,0,783903,2932,5826601,837
211517,11,7,7100101,2021,4,12,5,3,5,2,0,1,1,0,0,0,0,0,794607,4089,5825435,795
211516,11,11,11400929,2021,5,18,6,3,1,5,0,1,1,0,0,0,0,0,805462,5928,5826923,351
211515,11,4,4300415,2021,3,17,4,3,5,2,0,1,0,0,0,0,1,0,790999,1924,5825628,764
211514,11,1,1300836,2021,4,18,6,3,0,5,0,0,1,0,0,0,1,0,796621,8629,5830480,456
211513,11,2,2500831,2021,3,16,7,3,6,4,0,0,1,1,0,0,0,0,803270,2817,5827427,296
211512,11,7,7400822,2021,5,19,2,3,5,3,0,1,1,0,0,0,0,0,796818,993,5822182,167
211511,11,1,1100308,2021,5,19,5,3,5,7,0,0,1,0,0,0,0,0,797255,5153,5828242,189
211510,11,7,7601544,2021,5,21,4,3,1,5,1,1,1,0,0,0,0,0,799487,6618,5812930,399
211509,11,5,5200630,2021,4,15,6,3,2,6,0,0,1,0,0,0,0,0,784154,9099,5827303,931
211508,11,11,11400929,2021,5,22,7,3,5,7,2,1,1,0,0,0,0,0,805034,9195,5826695,665
211507,11,11,11501339,2021,4,13,4,3,5,2,0,1,1,0,0,0,0,0,807328,6992,5825284,537
211506,11,3,3601141,2021,3,23,4,3,5,3,2,1,1,0,0,0,0,0,799220,3551,5831806,3
211505,11,6,6100205,2021,4,12,7,3,1,5,0,0,1,0,0,0,1,0,796249,962,5819646,549
211504,11,7,7400823,2021,5,17,1,3,5,2,0,1,1,0,0,0,0,0,796908,831,5822294,284
211503,11,3,3701556,2021,5,22,7,3,5,3,2,0,1,0,0,0,1,0,799868,8187,5829785,737
211502,11,8,8401244,2021,4,8,3,3,2,2,0,0,1,0,0,0,0,0,806235,3316,5816373,616
211501,11,9,9200510,2021,5,6,3,3,0,1,1,0,0,0,1,0,0,0,806333,3358,5823098,645
211500,11,1,1200518,2021,5,10,6,3,5,7,0,0,1,0,1,0,0,1,793579,669,5828635,296
211499,11,1,1100310,2021,4,8,4,3,5,2,0,1,0,0,0,1,0,0,799110,6574,5828465,987
211498,11,5,5400943,2021,5,10,5,3,3,6,0,1,0,0,0,0,0,0,780585,46,5819429,818
211497,11,6,6300631,2021,4,8,2,3,6,4,0,0,1,1,0,0,0,0,792990,9096,5817715,58
211496,11,2,2500835,2021,4,12,5,3,2,6,0,1,1,0,0,0,0,0,802458,316,5826320,162
211495,11,8,8100102,2021,5,19,4,3,1,5,0,1,1,0,0,0,0,1,800570,1577,5823270,455
211494,11,1,1100311,2021,4,18,3,3,3,6,0,0,1,0,0,0,0,0,799722,7333,5827561,74
211493,11,2,2100103,2021,3,14,2,3,3,6,0,1,1,0,0,0,0,0,798526,2775,5826212,853
211492,11,8,8100313,2021,4,15,5,3,1,7,0,0,1,0,0,0,0,0,801670,8118,5824343,339
211491,11,5,5200629,2021,3,12,5,2,6,4,0,1,0,1,0,0,0,0,784620,2291,5828426,815
211490,11,1,1401045,2021,5,15,2,3,0,4,0,0,0,1,1,0,0,0,796841,6116,5831548,441
211489,11,8,8300934,2021,4,10,2,3,5,3,0,0,1,0,0,0,0,1,803273,6698,5818322,877
211488,11,7,7200414,2021,5,19,2,3,1,5,0,1,0,0,0,0,1,1,796125,9411,5824025,544
211487,11,1,1100415,2021,4,20,4,3,4,6,1,1,0,0,0,0,1,0,798473,5618,5829097,869
211486,11,2,2400521,2021,5,16,7,3,5,3,0,0,1,0,0,0,0,0,800860,563,5828310,416
211485,11,4,4200308,2021,4,19,1,3,5,2,0,0,1,0,0,0,0,0,790547,9223,5827351,88
211484,11,4,4500937,2021,5,11,6,3,0,1,0,1,0,0,0,0,0,0,790985,3724,5824852,235
211483,11,7,7100103,2021,4,15,2,3,1,5,0,0,1,0,1,0,0,0,795791,1437,5824965,479
211482,11,6,6400844,2021,4,14,6,3,2,6,0,0,1,0,0,0,0,0,790379,1468,5820874,209
211481,11,1,1200517,2021,4,7,3,2,5,3,0,0,1,0,1,0,0,1,793551,608,5829800,218
211480,11,7,7601340,2021,5,11,4,3,2,6,1,0,1,0,0,0,0,0,796138,696,5815932,827
211479,11,6,6200313,2021,4,9,4,3,2,6,0,0,1,0,0,0,0,0,795252,1737,5818641,4
211478,11,10,10300731,2021,3,14,3,3,2,6,0,0,1,0,0,0,1,0,809589,4779,5828368,47
211477,11,1,1200520,2021,4,19,1,3,3,6,1,1,1,0,0,0,0,0,794574,2627,5828482,152
211476,11,9,9200613,2021,3,9,6,3,5,2,0,1,1,0,0,0,0,1,805925,8098,5821837,94
211475,11,10,10200629,2021,5,15,4,3,3,6,0,0,0,0,1,0,1,0,810978,6162,5828216,636
211474,11,4,4200311,2021,5,14,3,3,5,7,0,0,1,0,0,0,0,0,790310,1709,5825634,744