OBJECTID,LAND,BEZ,LOR_ab_2021,UJAHR,UMONAT,USTUNDE,UWOCHENTAG,UKATEGORIE,UART,UTYP1,ULICHTVERH,IstRad,IstPKW,IstFuss,IstKrad,IstGkfz,IstSonstige,USTRZUSTAND,LINREFX,LINREFY,XGCSWGS84,YGCSWGS84
211473,11,11,11300721,2021,4,19,5,3,0,1,0,0,0,0,1,0,0,1,805149,4635,5829977,867
211472,11,12,12200309,2021,5,18,6,3,5,2,0,0,1,0,0,0,1,0,793486,551,5832426,841
211471,11,1,1100205,2021,4,19,3,3,0,2,0,0,1,0,0,0,1,0,796966,2942,5826758,178
211470,11,6,6200421,2021,3,12,3,3,5,7,0,0,1,0,1,0,0,0,793687,7875,5817634,49
211469,11,9,9200819,2021,4,14,6,3,5,3,0,1,1,0,0,0,0,0,810207,3646,5819629,33
211468,11,1,1300733,2021,5,17,6,3,5,3,0,0,1,0,0,0,0,0,797000,3397,5831505,962
211467,11,12,12400618,2021,5,7,6,2,5,3,0,1,1,0,0,0,0,0,786981,4012,5838305,69
211466,11,9,9200512,2021,3,8,4,3,1,5,0,1,1,0,0,0,0,0,807736,32,5821516,781
211465,11,1,1401044,2021,4,16,2,3,0,7,0,1,0,0,0,0,0,0,796120,2609,5831444,694
211464,11,2,2400521,2021,5,15,2,3,1,5,0,1,1,0,0,0,0,0,801175,1019,5828058,537
211463,11,11,11300826,2021,5,14,5,3,5,3,0,1,0,0,0,0,1,0,803818,769,5827212,528
211462,11,2,2500834,2021,5,8,4,3,2,6,0,1,1,0,0,0,0,0,802279,1196,5826858,534
211461,11,1,1300733,2021,4,8,6,3,0,7,0,0,1,0,0,0,0,0,797271,481,5831290,411
211460,11,11,11300725,2021,4,5,6,3,6,7,2,0,1,1,0,0,0,0,805416,3945,5827628,105
211459,11,4,4400832,2021,4,8,4,3,2,7,0,0,1,0,1,0,0,0,791658,9018,5822621,658
211458,11,2,2400623,2021,3,17,4,3,5,2,0,1,1,0,0,0,0,0,800722,798,5826936,406
211457,11,3,3701660,2021,5,14,7,2,5,3,0,1,0,0,0,0,0,0,800973,9125,5829235,2
211456,11,1,1100308,2021,4,5,1,2,6,2,2,0,0,1,0,0,1,1,797376,3035,5828941,196
211455,11,2,2100105,2021,5,6,1,3,9,1,0,0,1,0,0,0,0,0,799877,2905,5825747,578
211454,11,11,11200514,2021,5,18,7,2,6,4,0,0,1,1,0,0,0,1,804925,3148,5830518,864
211453,11,10,10200526,2021,5,7,3,2,2,6,0,0,1,0,0,0,0,0,812599,8203,5830287,127
211452,11,12,12500930,2021,5,15,7,3,0,7,0,1,0,1,0,0,0,0,793004,2339,5835171,376
211451,11,4,4300619,2021,4,18,6,2,3,2,0,1,0,0,0,0,0,0,792979,324,5827563,946
211450,11,6,6300634,2021,4,7,3,3,5,3,0,1,1,0,0,0,0,0,792512,5495,5817836,97
211449,11,8,8401243,2021,5,20,5,2,0,1,2,1,0,0,0,0,0,1,805584,5721,5818629,337
211448,11,7,7400823,2021,5,6,6,3,5,2,0,0,1,0,1,0,0,0,797237,7548,5820695,437
211447,11,9,9100101,2021,3,17,3,3,0,6,0,1,1,0,0,0,0,0,802346,1844,5825322,502
211446,11,8,8100520,2021,4,21,7,3,6,4,2,0,1,1,0,0,0,0,803189,3013,5822700,756
211445,11,1,1100101,2021,3,11,1,3,9,1,0,0,0,0,1,0,0,0,794597,9653,5826125,987
211444,11,2,2500726,2021,5,11,2,3,6,2,0,0,1,1,0,0,0,0,801948,319,5829058,675
211443,11,3,3300516,2021,5,15,6,3,5,2,0,1,0,0,0,0,1,1,801110,7337,5834128,188
211442,11,1,1100416,2021,5,21,4,3,1,5,2,1,1,0,0,0,0,0,798743,8879,5829593,799
211441,11,12,12400721,2021,4,16,5,3,6,7,0,0,0,1,0,0,1,0,791061,9014,5841502,92
211440,11,6,6400843,2021,5,15,1,3,5,2,0,1,1,0,0,0,0,1,792356,741,5820774,74
211439,11,8,8200832,2021,4,11,3,3,5,3,0,0,1,0,0,0,0,0,801612,2886,5816705,6
211438,11,4,4300623,2021,4,11,5,2,5,2,0,0,1,0,1,0,0,0,792739,5839,5826466,409
211437,11,8,8100415,2021,3,15,4,3,0,3,0,1,1,0,0,0,0,0,801533,6589,5823622,683
211436,11,1,1300733,2021,4,19,1,3,5,2,1,1,1,0,0,0,0,0,797134,204,5831802,409
211435,11,10,10400835,2021,5,15,2,2,0,1,0,1,0,0,0,0,0,0,811916,1572,5829746,257
211434,11,12,12100205,2021,5,13,7,2,0,1,0,0,0,0,0,0,1,0,793444,7778,5832584,982
211433,11,5,5200420,2021,4,18,2,3,6,2,0,0,1,1,0,0,0,0,782466,479,5828513,22
211432,11,12,12200310,2021,5,12,2,3,5,2,0,0,1,0,1,0,0,0,792156,4744,5833950,41
211431,11,2,2100106,2021,5,14,7,3,5,3,0,1,1,0,0,0,0,0,799788,4662,5825717,573
211430,11,2,2100104,2021,4,13,4,3,5,3,0,1,1,0,0,0,0,0,799115,493,5826268,597
211429,11,3,3400830,2021,5,10,5,3,6,3,0,0,1,1,0,0,0,0,800034,51,5833421,877
211428,11,2,2300418,2021,4,10,2,3,0,7,0,1,0,0,0,0,0,0,800921,4637,5825537,853
211427,11,9,9401635,2021,3,14,4,3,1,5,0,1,1,0,0,0,0,0,817055,2396,5817048,885
211426,11,7,7400927,2021,4,15,4,3,0,7,0,1,1,0,0,0,0,0,798325,5303,5821000,733
211425,11,7,7601546,2021,5,11,4,3,6,6,0,1,0,1,0,0,0,0,799088,2147,5813142,658
211424,11,8,8300934,2021,4,15,3,3,6,4,0,0,1,1,0,0,0,0,803660,665,5818238,347
211423,11,5,5200631,2021,3,17,2,3,6,2,0,0,1,1,0,0,0,0,784715,3487,5827637,357
211422,11,5,5100210,2021,4,8,6,2,5,2,0,1,1,0,0,0,0,0,784171,9729,5830042,133
211421,11,2,2300316,2021,3,17,6,3,2,6,1,0,1,0,0,0,0,0,801161,7506,5825929,466
211420,11,12,12200309,2021,5,8,2,3,5,3,0,0,1,0,0,1,0,0,793347,1851,5832401,286
211419,11,5,5200423,2021,5,17,2,3,0,6,0,0,1,0,0,0,1,0,781787,6305,5828444,833
211418,11,2,2100103,2021,4,15,4,3,5,2,0,1,1,0,0,0,0,0,798669,55,5826451,223
211417,11,4,4501042,2021,5,0,7,3,0,7,2,0,1,0,0,0,1,0,793671,156,5825881,713
211416,11,11,11401136,2021,4,3,2,3,5,3,2,0,1,0,0,0,0,0,805250,7797,5826117,9
211415,11,9,9200715,2021,5,13,6,2,5,2,0,0,1,0,0,0,0,0,807217,9609,5818289,597
211414,11,5,5200629,2021,4,12,3,2,0,6,0,0,1,0,0,0,1,0,784712,4205,5828610,174
211413,11,1,1300836,2021,4,12,7,3,1,5,0,1,1,0,0,0,0,0,796869,5664,5831353,7
211412,11,1,1100310,2021,4,16,3,3,2,2,0,0,1,0,1,0,0,0,799480,7397,5828849,1
211411,11,8,8100417,2021,5,18,5,3,0,2,0,1,1,0,0,0,0,1,802364,1718,5823232,499
211410,11,12,12500926,2021,4,9,5,3,2,6,0,0,1,0,0,0,0,0,792952,9973,5835420,62
211409,11,11,11300620,2021,3,8,2,3,5,2,0,1,1,0,0,0,0,0,803849,363,5829049,735
211408,11,5,5100315,2021,4,14,1,2,5,2,0,0,1,0,0,0,0,0,784662,1437,5829703,45
211407,11,9,9100306,2021,3,22,6,3,3,6,2,0,1,0,0,0,0,0,804709,9976,5820341,895
211406,11,8,8200730,2021,5,16,3,3,2,6,0,0,1,0,0,0,0,0,801479,276,5817962,747
211405,11,3,3400619,2021,5,13,3,3,0,2,0,1,1,0,0,0,0,0,795821,949,5835221,284
211404,11,7,7601442,2021,4,14,5,3,5,2,0,1,1,0,0,0,0,0,799252,336,5816261,186
211403,11,9,9401329,2021,5,8,6,3,5,3,0,0,1,0,0,0,0,0,811702,1776,5818435,274
211402,11,1,1100308,2021,4,14,4,3,5,2,0,1,1,0,0,0,0,0,797001,8501,5828943,906
211401,11,1,1100415,2021,3,11,3,3,2,6,0,0,1,0,0,0,0,0,798191,298,5829353,873
211400,11,2,2300316,2021,4,12,6,3,1,5,0,1,1,0,0,0,0,0,800586,7697,5826621,389
211399,11,4,4300415,2021,5,15,2,3,5,7,0,1,0,0,0,0,1,0,791212,4261,5826054,427
211398,11,2,2100105,2021,3,16,3,2,1,5,0,1,0,0,0,0,1,0,799180,6807,5825881,837
211397,11,2,2500727,2021,4,11,2,3,0,1,0,1,0,0,0,0,0,0,802208,5503,5827742,753
211396,11,4,4501045,2021,5,8,2,2,1,7,0,0,1,0,0,0,0,0,793798,329,5824930,616
211395,11,10,10100316,2021,5,6,5,2,5,2,0,1,1,0,0,0,0,0,810055,6315,5831663,247
211394,11,1,1200517,2021,5,21,4,3,5,3,2,0,1,0,0,0,1,0,793270,1988,5829027,283
211393,11,7,7400927,2021,4,18,4,3,1,5,0,1,1,0,0,0,0,0,798420,3233,5821278,677
211392,11,12,12601236,2021,4,17,6,3,3,6,0,0,1,0,1,0,0,0,794403,5117,5835700,93
211391,11,5,5100316,2021,4,15,5,3,1,7,0,1,1,0,0,0,0,0,785312,9783,5829418,773
211390,11,10,10300732,2021,5,14,2,3,5,3,0,1,1,0,0,0,0,0,810185,7962,5827959,32
211389,11,7,7400824,2021,5,19,4,3,0,7,0,0,0,0,1,0,0,1,797612,8063,5821388,426
211388,11,9,9501941,2021,4,6,4,2,6,4,0,0,0,1,0,0,1,0,812098,6099,5821374,185
211387,11,4,4501153,2021,3,1,4,2,6,4,2,0,0,1,0,0,1,0,793878,5514,5823120,498
211386,11,12,12500930,2021,5,11,2,3,2,6,0,0,1,0,0,0,0,0,793249,3534,5835172,273
211385,11,3,3400830,2021,4,19,2,3,5,2,0,0,1,0,0,0,0,0,800020,4836,5833422,406
211384,11,5,5100316,2021,5,9,2,3,5,2,0,0,1,0,0,0,1,0,783654,495,5829497,64
211383,11,2,2200210,2021,5,19,2,3,2,6,0,0,1,0,0,0,0,0,798279,8766,5825471,28
211382,11,10,10200420,2021,5,11,6,3,2,1,0,0,1,0,0,0,0,1,811960,996,5830560,461
211381,11,12,12500930,2021,4,9,3,3,2,7,0,0,1,0,0,0,0,0,792856,9853,5835154,801
211380,11,1,1200628,2021,5,14,5,3,1,5,0,1,1,0,0,0,0,0,795511,542,5828108,778
211379,11,1,1100415,2021,4,7,2,3,3,6,0,1,0,0,0,0,1,0,797406,5417,5829163,138
211378,11,5,5200524,2021,4,13,6,2,5,2,0,1,1,0,0,0,0,0,780346,9255,5827611,581
211377,11,6,6300526,2021,5,20,5,3,2,2,0,0,1,0,0,0,0,1,789327,3825,5817264,104
211376,11,5,5300841,2021,4,12,4,3,1,5,0,1,1,0,0,0,0,0,789674,2552,5829357,241
211375,11,12,12200309,2021,3,15,2,3,2,2,0,0,1,0,1,0,0,0,793484,534,5832424,648
211374,11,10,10200524,2021,4,17,5,3,5,2,0,0,1,0,0,0,0,0,812590,1908,5830316,198
211373,11,2,2200213,2021,3,9,5,3,5,2,0,1,1,0,0,0,0,0,799569,7053,5824913,174
211372,11,12,12601236,2021,5,13,4,3,6,4,0,0,1,1,0,0,0,0,794406,1798,5836251,396
211371,11,5,5300736,2021,5,14,2,3,5,2,0,0,1,0,0,0,1,0,786381,7807,5829182,398
211370,11,10,10100313,2021,4,16,4,3,2,6,0,0,1,0,0,0,0,0,808516,21,5831179,298
211369,11,7,7300517,2021,5,10,7,3,1,5,0,1,1,0,0,0,0,0,794059,9703,5822612,185
211368,11,6,6400735,2021,4,19,1,3,2,6,1,1,0,0,1,0,0,0,783086,6078,5817263,213
211367,11,6,6100205,2021,5,19,5,3,1,5,0,0,1,0,0,0,0,0,794822,554,5820057,11
211366,11,3,3300411,2021,4,12,2,3,2,7,0,0,1,0,0,0,0,0,803456,2862,5839322,103
211365,11,10,10100311,2021,3,22,3,2,3,7,2,0,1,0,0,0,1,0,806954,6044,5830402,932
211364,11,7,7100102,2021,4,15,4,3,5,2,0,1,1,0,0,0,0,0,794924,5976,5825609,708
211363,11,7,7300618,2021,5,12,6,3,5,3,0,1,1,0,0,0,0,1,794498,5234,5821873,935
211362,11,3,3300517,2021,5,13,5,3,0,5,0,0,1,0,1,0,0,0,802303,5674,5833811,86
211361,11,11,11300620,2021,4,1,1,3,3,6,2,1,1,0,0,0,0,1,803971,7438,5829823,668
211360,11,2,2500833,2021,3,14,4,3,5,3,0,0,0,0,1,0,1,0,802100,4351,5827357,295
211359,11,6,6200420,2021,4,15,4,3,5,3,0,0,1,0,1,0,0,0,792860,3164,5816468,237
211358,11,4,4300416,2021,5,17,4,3,0,1,0,0,0,0,1,0,0,0,791977,3948,5826020,73
211357,11,1,1100206,2021,4,19,3,3,1,5,0,0,1,0,0,0,0,0,798514,5144,5827851,427
211356,11,7,7501031,2021,3,17,1,3,5,3,0,0,1,0,0,0,0,0,799466,4506,5820504,662
211355,11,12,12601236,2021,4,22,5,3,1,5,2,0,1,0,0,1,0,0,794375,8551,5835899,943
211354,11,1,1401045,2021,3,16,5,3,2,6,0,0,1,0,0,0,0,0,796613,7122,5831735,146
211353,11,8,8401246,2021,5,18,2,3,6,4,0,0,1,1,0,0,0,1,805794,7974,5816849,405
211352,11,4,4300619,2021,5,11,2,3,3,6,0,0,1,0,1,0,0,0,792412,6992,5827205,258
211351,11,7,7400928,2021,4,17,4,3,5,3,0,1,0,0,0,0,0,0,799986,5856,5821312,438
211350,11,1,1300836,2021,5,20,1,3,5,2,0,1,1,0,0,0,0,0,796713,434,5830439,633
211349,11,4,4100102,2021,5,11,5,3,3,2,0,0,1,0,0,0,0,0,791143,844,5829115,658
211348,11,5,5100317,2021,4,11,3,3,2,6,0,0,1,0,0,0,0,0,787571,5034,5828028,3
211347,11,4,4500937,2021,4,7,5,3,5,2,0,1,1,0,0,0,0,0,790985,636,5824831,917
211346,11,9,9200511,2021,4,16,4,3,5,7,0,1,1,0,0,0,0,0,807292,846,5821790,603
211345,11,9,9401431,2021,5,13,6,2,1,5,0,1,1,0,0,0,0,0,811872,5961,5820583,86
211344,11,4,4400726,2021,4,12,5,3,5,3,0,1,1,0,0,0,0,0,790853,565,5823648,402
211343,11,11,11300722,2021,3,12,3,3,0,7,0,0,1,0,0,0,0,0,803734,1624,5828298,151
211342,11,3,3601244,2021,4,15,6,3,5,2,0,1,1,0,0,0,0,0,800083,6956,5831671,617
211341,11,7,7100206,2021,3,13,6,3,1,5,0,1,0,0,0,0,1,0,796688,3945,5824637,258
211340,11,2,2100102,2021,5,19,3,3,5,2,0,0,1,0,0,0,0,1,798210,9628,5826319,642
211339,11,3,3701660,2021,5,7,3,3,2,7,0,1,1,0,0,0,0,1,800743,7049,5829441,288
211338,11,1,1200517,2021,4,8,5,3,3,6,0,0,1,0,0,0,0,0,793522,2977,5829255,593
211337,11,8,8100417,2021,4,20,6,3,0,6,1,0,1,0,0,0,1,0,802565,7469,5823092,709
211336,11,3,3601141,2021,4,16,3,3,2,6,0,0,1,0,0,0,0,0,798828,6206,5831727,243
211335,11,8,8300935,2021,3,14,3,3,1,5,0,1,1,0,0,0,0,0,802293,7897,5817977,616
211334,11,5,5100316,2021,4,12,6,3,0,2,0,0,1,0,0,0,1,0,784846,919,5829229,771
211333,11,5,5200629,2021,5,21,7,3,5,2,1,1,1,0,0,0,0,0,784552,4967,5828178,438
211332,11,7,7100102,2021,3,18,3,2,5,3,0,1,0,0,1,0,0,0,794963,5428,5825408,793
211331,11,6,6400839,2021,4,15,2,3,2,6,0,0,1,0,0,0,0,0,788267,1589,5818648,137
211330,11,2,2400521,2021,5,23,1,3,1,5,2,1,1,0,0,0,0,0,800463,5993,5828314,52
211329,11,1,1200522,2021,5,10,5,3,5,2,0,1,1,0,0,0,0,0,794207,8318,5827711,513
211328,11,2,2400625,2021,5,19,4,2,6,4,0,0,1,1,0,0,0,1,800917,2899,5826830,983
211327,11,2,2200208,2021,5,14,5,3,5,2,0,1,1,0,0,0,0,0,797546,9419,5825062,32
211326,11,8,8100313,2021,4,18,4,3,5,2,0,1,1,0,0,0,0,0,801397,4833,5824766,376
211325,11,4,4300623,2021,4,11,6,3,1,5,0,1,0,0,0,0,1,0,791962,9081,5826453,547
211324,11,11,11300722,2021,4,15,5,2,5,3,0,1,1,0,0,0,0,0,803991,9761,5827772,249
211323,11,8,8100418,2021,5,22,3,3,2,2,2,1,1,0,0,0,0,0,802409,7879,5823720,969
211322,11,11,11400929,2021,3,14,2,3,5,3,0,0,1,0,0,0,0,0,805269,955,5827008,632
211321,11,1,1401048,2021,4,13,5,3,5,2,0,0,1,0,0,0,1,0,795188,4739,5831340,184
211320,11,12,12100101,2021,3,16,5,3,5,2,0,1,0,0,0,0,1,0,795790,9554,5832581,907
211319,11,4,4501150,2021,5,17,2,3,0,3,0,1,1,0,0,0,0,0,793696,6221,5823939,424
211318,11,1,1100308,2021,4,13,2,2,5,2,0,1,1,0,0,0,0,0,797038,2048,5829319,343
211317,11,1,1401047,2021,5,17,2,3,1,5,0,1,1,0,0,0,0,0,795870,9725,5830473,416
211316,11,2,2400521,2021,4,13,5,3,3,6,0,0,1,0,0,1,0,0,800591,1299,5828480,157
211315,11,11,11400931,2021,5,10,1,3,2,6,0,0,1,0,1,0,0,0,806657,5312,5827054,891
211314,11,9,9501939,2021,5,12,6,3,6,7,0,0,1,1,0,0,0,0,811005,1442,5821742,815
211313,11,3,3300517,2021,4,15,2,3,4,6,0,1,1,0,0,0,0,0,802918,5197,5834134,635
211312,11,2,2200209,2021,4,12,5,3,0,3,0,1,1,0,0,0,0,0,797509,1495,5824744,112
211311,11,2,2500835,2021,5,19,4,3,5,2,0,1,1,0,0,0,0,1,803020,729,5825762,14
211310,11,4,4200206,2021,4,19,3,3,5,3,0,0,1,0,1,0,0,0,786235,585,5826007,712
211309,11,4,4200308,2021,3,12,3,2,5,3,0,1,1,0,0,0,0,0,789476,2186,5827467,544
211308,11,2,2200207,2021,4,21,5,2,8,1,2,0,1,0,0,0,0,0,797088,9067,5824720,697
211307,11,3,3300516,2021,3,12,6,3,5,2,0,1,1,0,0,0,0,1,801362,1614,5833159,4
211306,11,1,1400942,2021,5,12,4,3,5,2,0,1,1,0,0,0,0,0,795117,694,5830865,557
211305,11,4,4100101,2021,5,16,4,3,5,2,0,1,0,0,0,0,1,0,790400,2808,5829029,246
211304,11,2,2100106,2021,4,18,5,3,5,3,0,0,1,0,0,0,1,0,798595,5902,5825582,386
211303,11,1,1300836,2021,4,14,3,3,6,4,0,0,1,1,0,0,0,1,796514,5789,5830924,205
211302,11,1,1100205,2021,5,22,6,3,0,1,2,1,0,0,0,0,0,0,797247,82,5827371,914
211301,11,9,9300922,2021,4,13,2,3,5,3,0,0,1,0,0,0,0,0,808170,7128,5815764,477
211300,11,9,9200510,2021,3,9,3,3,2,6,0,0,1,0,0,0,0,0,806226,479,5822179,262
211299,11,6,6400841,2021,4,12,3,3,5,3,0,0,1,0,0,0,0,0,789855,4458,5818753,807
211298,11,11,11200411,2021,5,18,6,2,6,4,0,0,0,1,0,0,1,0,805417,4113,5831622,228
211297,11,9,9501838,2021,4,9,4,2,0,7,0,1,0,0,0,0,0,0,817053,37,5821179,896
211296,11,6,6400838,2021,3,5,4,2,0,7,2,1,0,0,0,0,0,0,787494,4799,5817560,831
211295,11,3,3601245,2021,4,17,6,3,5,3,0,0,1,0,0,0,1,0,800483,3466,5831254,78
211294,11,12,12601133,2021,3,14,7,3,6,4,0,0,1,1,0,0,0,1,795250,4606,5836561,499
211293,11,2,2200213,2021,5,14,2,2,3,6,0,0,1,0,1,0,0,0,799271,3972,5825000,96
211292,11,6,6300524,2021,5,18,5,3,5,3,0,1,0,0,0,0,0,0,788422,7191,5816597,556
211291,11,5,5100208,2021,5,11,4,3,5,3,0,1,0,0,0,0,1,0,782361,4199,5830480,729
211290,11,1,1200624,2021,4,11,7,3,3,6,0,0,1,0,1,0,0,0,795498,8007,5829595,7
211289,11,4,4501043,2021,5,15,1,3,5,3,0,1,1,0,0,0,0,1,792326,6078,5825267,398
211288,11,12,12500930,2021,4,6,3,3,5,7,0,1,1,0,0,0,0,0,793546,762,5834253,109
211287,11,7,7601545,2021,3,13,4,3,6,4,0,0,1,1,0,0,0,0,800736,2987,5813970,819
211286,11,7,7501134,2021,4,18,7,3,5,3,0,0,1,0,0,0,1,0,799168,446,5819063,928
211285,11,12,12100205,2021,5,17,7,2,1,5,0,0,1,0,0,0,0,1,794288,8813,5832922,51
211284,11,2,2300314,2021,5,23,7,3,1,5,2,1,1,0,0,0,0,0,800343,6746,5826261,184
211283,11,4,4300623,2021,4,17,2,3,5,3,0,1,1,0,0,0,0,0,792534,6946,5826123,986
211282,11,2,2500727,2021,5,15,3,3,2,6,0,0,1,0,1,0,0,0,802221,104,5827724,703
211281,11,7,7100103,2021,5,15,7,2,1,5,0,1,1,0,0,0,0,0,795969,6614,5825147,869
211280,11,1,1100416,2021,5,8,5,3,1,5,0,1,1,0,0,0,0,1,798808,1797,5829313,223
211279,11,3,3200308,2021,4,7,2,3,6,4,0,0,1,1,0,0,0,1,800173,57,5836595,828
211278,11,3,3400724,2021,3,14,4,2,0,1,0,1,0,0,0,0,0,0,799766,6193,5834835,588
211277,11,6,6100205,2021,4,13,4,3,2,6,0,0,1,0,0,0,1,0,796144,1608,5819557,513
211276,11,9,9501737,2021,3,10,2,3,0,3,0,1,1,0,0,0,0,0,814242,2069,5822313,542
211275,11,12,12200308,2021,4,15,7,3,1,7,0,0,1,0,1,0,0,0,792703,9618,5833508,305
211274,11,11,11400929,2021,3,14,6,3,0,4,0,1,0,1,0,0,0,0,804830,9695,5826495,116
211273,11,4,4501148,2021,5,9,2,2,5,2,0,0,1,0,1,0,0,0,793347,5271,5823072,654
211272,11,11,11300616,2021,5,15,5,2,6,4,0,0,1,1,1,0,0,0,803215,8623,5830003,234
211271,11,1,1100415,2021,5,9,4,3,5,2,0,1,1,0,0,0,0,0,798309,2921,5829374,771
211270,11,7,7100101,2021,4,9,5,2,5,3,0,1,1,0,0,0,0,0,794589,3843,5825438,74
211269,11,6,6400737,2021,4,17,5,3,5,7,0,0,1,0,0,0,0,0,784891,2812,5817548,676
211268,11,9,9301126,2021,4,0,3,3,3,6,2,0,1,0,0,1,0,0,810172,1341,5817696,985
211267,11,4,4200203,2021,3,15,4,2,0,3,0,0,1,0,1,0,0,0,788310,1191,5826875,6
211266,11,1,1401047,2021,4,19,6,3,1,5,0,1,1,0,0,0,0,0,795423,4491,5830618,317
211265,11,3,3601142,2021,5,15,7,3,2,6,0,1,1,0,0,0,0,0,798261,3498,5830916,532
211264,11,2,2100102,2021,3,17,3,3,3,6,0,0,0,0,0,0,1,0,798196,9419,5825522,24
211263,11,7,7300515,2021,4,13,2,3,1,5,0,1,0,0,0,0,1,0,793759,696,5822941,201
211262,11,1,1401047,2021,5,6,3,3,1,5,0,0,1,0,1,0,0,0,795665,1584,5830549,943
211261,11,10,10100316,2021,5,19,6,3,5,3,0,0,1,0,0,0,0,1,810101,7883,5831390,921
211260,11,4,4200203,2021,5,19,4,3,8,1,0,0,1,0,0,0,0,1,788044,1573,5826858,408
211259,11,1,1400938,2021,5,12,5,3,5,7,0,1,1,0,0,0,0,0,794814,31,5831331,888
211258,11,8,8200624,2021,4,21,6,3,3,6,2,0,1,0,0,0,0,0,801218,586,5820572,702
211257,11,5,5200631,2021,3,10,4,3,5,3,0,0,1,0,0,0,0,0,784643,988,5827975,1
211256,11,8,8100521,2021,4,21,3,3,2,6,2,0,1,0,0,0,0,0,803769,2073,5822188,322
211255,11,6,6200422,2021,4,15,3,3,2,6,0,1,1,0,0,0,0,0,794216,3909,5816862,109
211254,11,5,5200630,2021,5,9,3,3,6,7,0,1,0,1,0,0,0,0,784439,8031,5827586,209
211253,11,12,12400618,2021,3,18,2,3,3,6,0,1,0,0,0,0,0,0,786909,8814,5838379,451
211252,11,4,4501042,2021,4,17,4,2,5,2,0,0,1,0,0,0,0,0,794349,984,5826074,583
211251,11,3,3300412,2021,3,17,5,3,5,3,0,0,1,0,0,0,0,0,802621,5204,5838062,988
211250,11,1,1100207,2021,5,8,3,3,5,3,0,1,1,0,0,0,0,0,798154,8935,5826711,902
211249,11,12,12500930,2021,4,16,7,3,2,2,0,0,1,0,0,0,0,0,792476,501,5834307,667
211248,11,8,8401245,2021,5,16,2,3,5,3,0,0,1,0,0,0,0,0,806606,9344,5815508,621
211247,11,3,3200205,2021,4,10,4,3,5,3,0,0,1,0,0,0,0,0,797314,227,5835283,202
211246,11,8,8100102,2021,5,9,7,3,2,6,0,0,1,0,0,0,1,0,799503,5093,5823753,936
211245,11,1,1100309,2021,5,18,6,3,5,2,0,1,0,0,0,0,0,1,798251,2945,5828942,15
211244,11,7,7100206,2021,4,15,3,3,3,6,0,0,1,0,0,0,0,0,796662,6654,5824826,482
211243,11,2,2200207,2021,4,12,6,2,5,2,0,1,0,0,0,0,1,0,797090,1129,5824709,13
211242,11,12,12500928,2021,5,15,4,3,5,3,0,0,1,0,0,0,0,0,792234,3926,5837196,882
211241,11,5,5100316,2021,4,11,3,3,2,6,0,0,1,0,0,0,0,0,784969,7716,5829414,779
211240,11,11,11300724,2021,3,13,3,3,5,3,0,1,1,0,0,0,0,0,804603,699,5827475,729
211239,11,9,9200819,2021,4,12,6,3,1,5,0,1,1,0,0,0,0,0,810487,763,5820173,614
211238,11,10,10400836,2021,3,14,6,3,5,3,0,0,1,0,0,0,0,0,811571,4337,5827389,854
211237,11,1,1100205,2021,5,7,3,3,0,2,0,1,1,0,0,0,0,0,796995,1329,5826616,928
211236,11,11,11100203,2021,5,15,3,3,6,2,0,0,1,1,0,0,0,0,806824,124,5833826,248
211235,11,4,4300414,2021,4,15,6,3,0,2,0,1,0,0,0,0,1,0,791560,542,5826638,844
211234,11,4,4300623,2021,4,14,3,3,2,6,0,0,1,0,0,0,0,0,792174,8292,5826124,67
211233,11,3,3500936,2021,5,10,6,2,6,2,0,0,1,1,0,0,0,0,801854,3019,5831374,821
211232,11,1,1100313,2021,4,8,3,3,5,3,0,1,0,0,0,0,1,0,799700,5133,5827210,12
211231,11,8,8200622,2021,3,9,3,3,5,2,0,0,1,0,0,0,0,0,801225,2158,5821682,469
211230,11,4,4100102,2021,4,16,4,3,3,6,0,0,1,0,0,0,0,1,791132,4193,5829158,751
211229,11,4,4501041,2021,5,22,6,3,2,2,2,0,1,0,0,0,0,0,793300,1376,5825665,794
211228,11,2,2200207,2021,3,18,4,3,5,2,0,1,1,0,0,0,0,0,797257,234,5824804,713
211227,11,8,8100314,2021,4,18,7,3,5,2,0,1,1,0,0,0,0,0,800365,9658,5824353,417
211226,11,9,9200510,2021,3,11,7,2,5,3,0,1,0,0,0,0,1,0,805905,6177,5822714,449
211225,11,9,9100202,2021,5,16,2,3,5,7,0,0,1,0,0,0,0,0,803228,9,5823857,471
211224,11,4,4300517,2021,5,15,6,3,2,6,0,0,1,0,0,0,0,1,791452,282,5828309,436
211223,11,5,5200422,2021,5,14,4,3,5,2,0,0,1,0,1,0,0,0,780075,953,5828700,69
211222,11,1,1200623,2021,4,12,6,3,5,7,0,0,1,0,0,0,0,0,795432,4634,5829538,317
211221,11,9,9501737,2021,5,9,1,3,0,7,0,0,1,0,0,0,0,1,814831,2065,5823997,861
211220,11,6,6300634,2021,4,19,4,2,0,1,1,0,0,0,1,0,0,0,792171,945,5817834,435
211219,11,1,1200626,2021,3,16,4,2,5,3,0,1,1,0,0,0,0,0,795082,9372,5827876,295
211218,11,11,10100205,2021,4,5,2,3,5,3,2,1,0,0,0,0,1,1,807664,6435,5833598,85
211217,11,2,2100102,2021,5,13,1,3,5,2,0,1,1,0,0,0,0,1,798371,7883,5826337,13