OBJECTID,LAND,BEZ,LOR_ab_2021,UJAHR,UMONAT,USTUNDE,UWOCHENTAG,UKATEGORIE,UART,UTYP1,ULICHTVERH,IstRad,IstPKW,IstFuss,IstKrad,IstGkfz,IstSonstige,USTRZUSTAND,LINREFX,LINREFY,XGCSWGS84,YGCSWGS84
211216,11,2,2300314,2021,5,10,7,3,0,3,0,1,0,0,1,0,0,0,800040,9237,5826344,66
211215,11,10,10100205,2021,4,6,2,3,5,3,0,0,1,0,0,0,0,0,808294,3436,5832811,218
211214,11,6,6100207,2021,5,9,3,3,2,7,0,0,1,0,0,0,0,0,793810,616,5819376,33
211213,11,4,4300623,2021,5,17,7,3,5,2,0,1,1,0,0,0,0,0,792541,5636,5826115,416
211212,11,8,8100207,2021,5,17,5,3,6,4,0,0,1,1,0,0,0,0,801016,5573,5823341,835
211211,11,2,2500726,2021,4,16,1,3,6,4,0,0,0,1,0,0,1,1,801753,1902,5828656,304
211210,11,12,12601235,2021,4,13,5,3,2,2,0,0,1,0,0,0,0,0,794465,8966,5836244,992
211209,11,12,12500825,2021,5,22,4,3,0,1,2,0,0,0,1,0,0,1,792370,4924,5835079,931
211208,11,1,1100311,2021,4,16,3,2,3,6,0,1,0,0,0,0,0,0,799719,6565,5827797,125
211207,11,3,3200308,2021,3,15,2,3,2,6,0,1,1,0,0,0,0,0,800143,3173,5836329,695
211206,11,1,1100102,2021,4,16,5,2,5,3,0,1,1,0,0,0,0,0,796034,1781,5826691,256
211205,11,7,7601339,2021,3,5,5,2,5,2,1,0,1,0,1,0,0,0,795809,1168,5816026,344
211204,11,1,1100416,2021,5,8,2,3,1,5,0,1,1,0,0,0,0,0,798492,2876,5829457,47
211203,11,1,1300834,2021,4,15,1,3,5,3,0,0,1,0,0,0,1,0,797760,1092,5830894,708
211202,11,4,4400728,2021,5,10,2,3,5,2,0,0,1,0,0,1,0,0,790666,2093,5823281,257
211201,11,9,9200819,2021,4,11,4,3,5,2,0,1,1,0,0,0,0,0,810486,4123,5820325,897
211200,11,4,4300623,2021,5,15,1,3,1,5,0,0,1,0,0,0,1,0,791997,485,5826242,314
211199,11,6,6400737,2021,4,18,7,3,5,3,0,0,1,0,0,0,0,0,786119,3566,5816873,711
211198,11,6,6400841,2021,5,12,6,3,2,2,0,0,1,0,0,0,0,0,789832,282,5818728,695
211197,11,4,4501148,2021,4,11,2,3,5,2,0,1,1,0,0,0,0,0,793346,9412,5823082,417
211196,11,1,1401045,2021,4,9,7,3,2,6,0,0,1,0,0,0,0,0,796662,9018,5831673,26
211195,11,7,7501029,2021,4,16,4,3,0,6,0,0,0,0,1,0,0,1,797735,4825,5819132,6
211194,11,1,1100205,2021,5,15,4,2,2,6,0,0,0,0,1,0,1,0,797459,5819,5826827,173
211193,11,4,4501043,2021,4,12,4,2,0,5,0,1,1,0,0,0,0,0,793065,8394,5824814,253
211192,11,5,5300736,2021,3,14,3,3,5,3,0,1,1,0,0,0,0,0,785713,1657,5829289,726
211191,11,1,1100103,2021,4,15,6,3,2,6,0,0,1,0,1,0,0,0,796277,547,5826264,625
211190,11,6,6400844,2021,3,10,6,3,5,3,0,0,1,0,0,0,0,0,790314,4007,5820353,988
211189,11,1,1401047,2021,5,0,3,3,5,3,2,1,1,0,0,0,0,1,795341,8706,5830382,797
211188,11,4,4501042,2021,5,19,3,3,2,6,1,1,1,0,0,0,0,0,794188,3239,5825979,62
211187,11,8,8200623,2021,3,20,2,3,5,2,2,0,1,0,0,0,0,0,801544,2511,5820646,983
211186,11,9,9200715,2021,4,11,5,3,5,2,0,1,1,0,0,0,0,0,808645,9373,5819162,442
211185,11,10,10400940,2021,3,15,5,3,5,3,0,0,1,0,0,0,1,0,812234,7074,5824581,412
211184,11,1,1100102,2021,5,12,2,3,5,2,0,0,1,0,0,0,0,0,796578,3024,5826873,197
211183,11,8,8100415,2021,4,14,7,2,6,4,0,0,1,1,0,0,0,0,801719,8586,5823692,128
211182,11,6,6300528,2021,5,12,2,3,2,6,0,0,1,0,0,0,0,0,790247,299,5815103,383
211181,11,5,5100101,2021,4,13,5,2,6,4,0,0,0,1,0,0,1,0,784869,1131,5832591,653
211180,11,5,5100317,2021,5,13,1,3,2,6,0,1,1,0,0,0,0,0,786992,4826,5828157,7
211179,11,5,5100314,2021,5,23,5,3,1,7,2,0,1,0,0,0,0,0,785227,4724,5830286,524
211178,11,9,9401432,2021,4,14,3,3,5,2,0,0,1,0,0,0,0,0,812133,8133,5820399,908
211177,11,1,1100309,2021,4,15,6,3,0,1,0,1,0,0,0,0,0,0,797748,1908,5828573,284
211176,11,11,11200411,2021,4,16,4,3,6,4,0,0,1,1,0,0,0,0,805153,7951,5831646,443
211175,11,1,1200517,2021,4,7,3,3,0,7,0,0,1,0,0,0,0,0,792683,5797,5828275,236
211174,11,8,8200624,2021,5,13,4,3,6,7,0,1,0,1,0,0,0,0,800956,6063,5820837,408
211173,11,12,12500824,2021,4,13,3,3,1,5,0,1,1,0,0,0,0,0,790957,3405,5836982,189
211172,11,7,7601544,2021,3,11,2,2,5,2,0,0,1,0,0,0,0,0,799795,83,5813977,465
211171,11,1,1100102,2021,4,0,6,3,8,1,2,0,1,0,0,0,0,0,796800,558,5827964,3
211170,11,1,1100309,2021,3,18,6,2,3,6,0,0,1,0,1,0,0,0,798514,7433,5829027,578
211169,11,10,10100313,2021,5,15,4,3,6,2,0,0,1,1,0,0,0,0,809382,21,5831053,64
211168,11,1,1300733,2021,5,14,3,3,5,2,0,0,1,0,0,1,0,0,796992,459,5831473,976
211167,11,12,12200412,2021,4,22,5,3,4,6,2,0,1,0,0,0,0,1,789068,4864,5833650,97
211166,11,2,2100102,2021,4,19,2,3,5,7,0,0,1,0,1,0,0,0,798269,5522,5826520,876
211165,11,5,5100317,2021,5,10,6,3,2,7,0,0,1,0,1,0,0,0,787343,257,5828099,895
211164,11,12,12100205,2021,4,12,4,3,5,2,0,0,1,0,0,0,1,0,794555,3835,5834265,459
211163,11,4,4501148,2021,3,17,2,3,5,2,0,0,1,0,0,0,1,0,793020,481,5823394,206
211162,11,1,1100207,2021,4,20,5,3,3,6,2,0,1,0,0,0,0,0,798844,5709,5827282,74
211161,11,3,3400620,2021,4,21,3,3,0,3,2,1,1,0,0,0,0,1,797411,7617,5833971,81
211160,11,8,8100102,2021,5,9,6,3,5,3,0,1,1,0,0,0,0,1,800136,234,5823278,68
211159,11,4,4400835,2021,5,23,6,3,5,3,2,0,1,0,0,0,0,0,793343,4003,5822283,48
211158,11,2,2200208,2021,3,20,4,2,0,7,1,1,0,0,0,0,0,0,797652,9418,5824944,91
211157,11,9,9100306,2021,4,12,2,3,8,7,0,0,1,0,0,0,0,0,804527,2324,5820035,2
211156,11,1,1100415,2021,3,16,1,3,5,2,0,1,1,0,0,0,0,0,798319,271,5829378,895
211155,11,2,2500727,2021,5,11,2,3,0,2,0,0,0,0,1,0,0,1,802710,2445,5828216,149
211154,11,7,7300618,2021,5,10,5,3,5,2,0,1,1,0,0,0,0,0,794543,9448,5822496,721
211153,11,10,10200627,2021,5,17,4,3,3,6,0,0,1,0,0,0,0,0,811270,773,5829690,135
211152,11,7,7400928,2021,4,17,6,3,7,7,0,0,0,0,1,0,0,0,799950,4048,5821334,884
211151,11,8,8100102,2021,5,15,1,3,2,6,0,0,1,0,0,0,0,1,800465,3085,5823629,793
211150,11,8,8401241,2021,4,17,4,2,5,7,0,0,1,0,0,0,1,0,804660,6771,5818332,91
211149,11,11,11501341,2021,3,21,4,2,5,2,2,0,1,0,0,0,0,0,805667,8096,5824335,66
211148,11,12,12200412,2021,5,16,7,3,0,3,0,1,1,0,0,0,0,0,790806,9425,5834063,75
211147,11,6,6300526,2021,4,9,2,3,2,6,0,0,1,0,0,1,0,0,789562,301,5817345,443
211146,11,9,9100101,2021,4,16,2,3,0,6,0,1,1,0,0,0,1,0,802429,2097,5824317,903
211145,11,1,1100205,2021,5,16,2,3,5,2,0,1,1,0,0,0,0,0,797575,1338,5826531,828
211144,11,1,1400937,2021,5,12,3,3,6,2,0,0,1,1,0,0,0,0,794225,8741,5831625,46
211143,11,1,1200628,2021,5,17,7,3,0,2,0,1,1,0,0,0,0,0,796560,7253,5828691,3
211142,11,3,3200309,2021,5,21,4,2,9,1,2,0,1,0,0,0,0,0,800794,201,5837036,681
211141,11,4,4200308,2021,4,16,7,3,6,4,0,0,1,1,0,0,0,0,790380,2491,5827306,166
211140,11,1,1100415,2021,3,11,4,2,3,6,0,1,0,0,0,0,0,0,797696,7862,5829242,278
211139,11,12,12400720,2021,5,18,5,3,5,3,0,1,1,0,0,0,0,1,790174,937,5840068,789
211138,11,4,4100101,2021,4,13,3,3,2,6,0,0,1,0,0,0,0,0,793363,685,5829644,845
211137,11,11,11100206,2021,3,4,2,3,6,2,2,0,1,1,0,0,0,0,805083,249,5834620,828
211136,11,5,5400943,2021,4,11,6,3,5,3,0,1,1,0,0,0,0,0,780059,2193,5819583,62
211135,11,12,12200515,2021,3,14,5,3,5,3,0,0,1,0,0,0,1,0,790250,9722,5835042,205
211134,11,3,3400618,2021,5,14,2,3,0,3,0,0,1,0,1,0,0,0,795891,5867,5836456,259
211133,11,8,8200726,2021,4,19,2,3,2,2,0,1,1,0,0,0,0,0,802298,5906,5820579,586
211132,11,9,9401534,2021,5,16,2,3,0,1,0,1,0,0,0,0,0,0,810870,5352,5820664,507
211131,11,7,7200307,2021,4,13,4,3,2,6,0,0,1,0,0,0,0,0,794965,2074,5824050,584
211130,11,4,4400728,2021,5,9,1,3,9,1,0,1,0,0,0,0,0,0,789752,9333,5823504,462
211129,11,7,7300516,2021,4,21,7,3,5,2,2,1,0,0,0,0,0,0,794038,8804,5821940,463
211128,11,1,1100207,2021,5,8,5,3,0,6,0,0,0,0,0,0,1,0,798391,3419,5827472,465
211127,11,9,9501939,2021,4,9,3,3,5,2,0,1,1,0,0,0,0,0,810944,6759,5821588,805
211126,11,11,11501238,2021,4,20,5,3,5,3,2,0,1,0,0,0,1,0,803701,5665,5826243,367
211125,11,2,2200209,2021,4,10,4,3,2,6,0,0,1,0,0,0,1,1,797092,8325,5824684,453
211124,11,2,2300316,2021,5,8,6,3,5,3,0,1,1,0,0,0,0,1,800984,2432,5826066,843
211123,11,10,10100311,2021,4,15,5,3,2,6,0,0,1,0,0,0,0,0,807013,155,5829122,49
211122,11,9,9200819,2021,3,11,3,3,2,6,0,0,1,0,0,0,1,0,810485,2583,5820188,293
211121,11,2,2400623,2021,4,9,1,2,0,1,0,1,0,0,0,0,0,0,800420,1163,5827115,939
211120,11,1,1100207,2021,3,6,6,3,3,6,0,1,1,0,0,0,0,1,798846,5314,5827405,156
211119,11,4,4400833,2021,5,8,4,3,5,2,0,0,1,0,0,0,0,0,792057,6281,5822454,29
211118,11,10,10100314,2021,5,17,3,3,2,6,0,0,1,0,0,0,0,0,809031,2183,5830257,504
211117,11,1,1100206,2021,4,22,6,3,5,3,2,0,1,0,0,0,0,0,797738,3051,5827592,267
211116,11,4,4200311,2021,4,15,4,3,3,6,0,0,1,0,1,0,0,0,790370,4063,5825626,562
211115,11,7,7601545,2021,3,15,2,3,5,3,0,0,1,0,0,0,0,0,800266,9725,5814083,875
211114,11,12,12601133,2021,4,12,6,2,5,3,0,0,1,0,0,0,0,0,795733,6528,5837042,579
211113,11,1,1100309,2021,4,19,3,3,5,2,1,1,1,0,0,0,0,0,798685,3961,5828668,26
211112,11,4,4500936,2021,5,19,1,3,6,7,0,0,1,1,0,0,0,0,792102,1065,5825291,292
211111,11,3,3601244,2021,3,16,4,3,5,3,0,1,1,0,0,0,0,0,800082,228,5831671,924
211110,11,8,8100314,2021,4,18,2,3,5,2,0,1,0,0,0,0,1,0,800337,3338,5824337,35
211109,11,3,3400724,2021,5,9,2,3,5,2,0,1,0,0,0,0,1,0,800024,891,5834656,64
211108,11,1,1300836,2021,5,17,5,3,5,3,0,0,1,0,0,0,0,0,796672,5594,5830136,176
211107,11,5,5200634,2021,5,18,4,3,2,6,0,0,1,0,1,0,0,0,785033,363,5826308,488
211106,11,8,8100417,2021,4,14,6,2,6,4,0,0,1,1,0,0,0,0,802217,1426,5822802,689
211105,11,1,1200628,2021,4,6,5,2,5,3,0,0,1,0,0,0,1,0,795697,3044,5828178,941
211104,11,8,8100312,2021,4,16,6,3,0,6,0,0,1,0,0,0,1,0,801177,8039,5824097,695
211103,11,1,1100206,2021,5,11,3,3,1,7,0,0,1,0,0,1,0,0,797602,696,5827695,2
211102,11,8,8200623,2021,5,16,3,3,5,3,0,0,1,0,0,0,1,0,802466,2732,5820720,542
211101,11,7,7100102,2021,4,11,6,3,5,2,0,0,1,0,0,0,0,0,794957,8779,5825654,493
211100,11,8,8100521,2021,5,15,6,3,2,2,0,0,1,0,0,0,0,1,802950,7521,5822468,377
211099,11,4,4400726,2021,4,21,3,2,6,4,2,0,1,1,0,0,0,0,790858,2788,5824648,82
211098,11,6,6300524,2021,3,15,2,3,2,7,0,1,1,0,0,0,0,0,788954,5289,5817125,577
211097,11,4,4200310,2021,4,13,6,3,5,3,0,0,1,0,0,0,0,0,789326,3865,5826835,227
211096,11,7,7400721,2021,4,11,3,3,5,3,0,0,1,0,0,0,0,0,797284,5334,5823161,111
211095,11,7,7501031,2021,5,12,6,3,0,7,0,0,1,0,1,0,0,1,799210,3481,5820044,78
211094,11,7,7400824,2021,5,12,6,1,6,2,0,0,0,1,0,1,0,0,797863,3141,5822206,231
211093,11,7,7501029,2021,3,15,3,3,5,2,0,1,1,0,0,0,0,0,797494,102,5820206,71
211092,11,4,4300416,2021,4,11,2,3,0,7,0,1,0,0,0,0,0,0,791560,1679,5826491,326
211091,11,2,2500833,2021,5,13,2,2,5,3,0,1,1,0,0,0,0,0,802251,2526,5827327,9
211090,11,12,12601031,2021,5,13,6,3,0,7,0,0,1,0,1,0,0,0,793845,4771,5837372,682
211089,11,6,6300524,2021,5,8,4,3,1,5,0,1,1,0,0,0,0,0,788536,3358,5817278,77
211088,11,1,1200517,2021,4,13,7,3,5,2,0,0,1,0,1,0,0,0,794585,5935,5829785,567
211087,11,11,10100205,2021,5,20,7,3,0,7,2,0,1,0,0,0,1,0,807363,2469,5833142,523
211086,11,8,8100310,2021,4,14,4,3,1,5,0,1,0,0,0,0,1,0,800989,138,5824791,84
211085,11,2,2200210,2021,3,8,4,2,3,6,0,1,1,0,0,0,0,0,798198,5573,5825070,652
211084,11,2,2300315,2021,5,18,7,3,2,6,0,1,1,0,0,0,0,0,800153,1365,5825759,691
211083,11,10,10200629,2021,4,13,2,3,5,3,0,1,1,0,0,0,0,0,811035,922,5829169,91
211082,11,4,4400728,2021,5,15,2,3,5,2,0,1,1,0,0,0,0,0,790674,4889,5822688,19
211081,11,3,3100102,2021,5,17,3,3,5,3,0,0,1,0,0,0,0,0,804651,8907,5841368,133
211080,11,1,1300836,2021,5,16,7,3,5,3,0,0,1,0,0,0,0,0,796672,6446,5830136,189
211079,11,5,5200423,2021,5,15,5,3,5,2,0,0,1,0,0,0,0,0,781977,15,5828459,821
211078,11,5,5100312,2021,4,21,7,2,6,2,2,0,1,1,0,0,0,1,784620,2,5830939,735
211077,11,1,1100205,2021,3,12,4,3,5,3,0,1,1,0,0,0,0,0,796974,8975,5826858,743
211076,11,8,8100104,2021,4,15,3,3,3,6,0,0,1,0,1,0,0,0,800905,544,5822390,996
211075,11,2,2200210,2021,5,16,4,3,3,6,0,1,1,0,0,0,0,0,798152,421,5825444,695
211074,11,10,10200627,2021,4,17,3,3,3,6,0,1,1,0,0,0,0,0,811292,4458,5829779,427
211073,11,8,8301036,2021,3,16,2,3,6,2,0,0,1,1,0,0,0,0,803347,9594,5817392,937
211072,11,7,7601340,2021,4,19,5,3,1,5,0,0,1,0,0,0,0,0,796497,8425,5815888,96
211071,11,12,12500930,2021,3,10,5,3,2,6,0,0,1,0,0,0,0,0,792487,3132,5834332,609
211070,11,5,5100317,2021,5,17,2,3,2,6,0,0,1,0,0,0,1,0,787996,282,5827892,635
211069,11,4,4200310,2021,5,18,3,3,2,6,0,0,1,0,0,0,0,0,789346,6868,5826177,97
211068,11,4,4200311,2021,4,15,4,3,5,2,0,1,1,0,0,0,0,0,790506,8058,5826184,672
211067,11,1,1100207,2021,5,9,1,2,5,3,0,1,1,0,0,0,0,0,798559,7937,5826813,427
211066,11,9,9401534,2021,4,17,7,3,0,1,0,0,0,0,1,0,0,1,811057,6144,5820653,83
211065,11,1,1401044,2021,5,18,6,2,5,7,0,0,1,0,1,0,0,0,796180,7805,5831233,656
211064,11,11,11200411,2021,4,11,3,3,2,7,0,0,1,0,0,0,0,0,805135,851,5831396,284
211063,11,12,12500825,2021,3,16,3,3,5,3,0,0,1,0,0,0,1,1,792411,1936,5835217,463
211062,11,10,10100205,2021,4,12,3,3,5,3,0,0,1,0,0,0,0,0,807624,8067,5832371,179
211061,11,12,12200412,2021,5,13,6,3,0,3,0,0,1,0,0,0,0,1,791347,58,5834191,762
211060,11,8,8200730,2021,4,18,4,3,5,2,0,1,1,0,0,0,0,0,801370,6877,5819268,199
211059,11,1,1401045,2021,3,14,3,3,1,5,0,1,1,0,0,0,0,0,796692,574,5831726,979
211058,11,4,4500937,2021,4,17,6,3,1,5,0,1,1,0,0,0,0,0,791847,8256,5825233,715
211057,11,1,1300834,2021,3,13,6,3,3,6,0,1,1,0,0,0,0,0,798046,399,5830869,262
211056,11,9,9200613,2021,5,18,2,3,1,5,0,1,1,0,0,0,0,0,808157,7524,5821058,19
211055,11,4,4501153,2021,5,16,5,3,5,2,0,1,1,0,0,0,0,0,793944,2742,5823436,154
211054,11,3,3500933,2021,5,19,4,3,2,6,0,1,1,0,0,0,0,0,801939,4522,5831698,878
211053,11,11,11300618,2021,4,14,5,3,2,6,0,0,1,0,0,0,0,0,802400,9898,5829008,353
211052,11,7,7601339,2021,4,15,6,3,0,4,0,0,0,1,0,0,1,0,795877,1419,5815299,577
211051,11,8,8100312,2021,4,18,3,3,6,4,0,0,1,1,0,0,0,0,800908,7804,5824269,491
211050,11,8,8100314,2021,3,9,4,3,3,6,0,1,1,0,0,0,0,0,801036,4536,5823868,377
211049,11,4,4501045,2021,4,20,6,3,5,2,2,0,1,0,0,0,0,0,793472,3711,5824751,697
211048,11,8,8100209,2021,5,10,7,3,2,6,0,0,1,0,0,0,0,0,801092,726,5821975,314
211047,11,8,8401241,2021,3,17,3,3,0,1,0,1,0,0,0,0,0,0,804060,2892,5818557,452
211046,11,2,2100104,2021,4,7,2,3,1,6,0,1,1,0,0,0,0,0,798896,5979,5826275,374
211045,11,2,2400623,2021,5,13,2,3,5,2,0,0,1,0,1,0,0,0,800345,8595,5827172,4
211044,11,7,7400720,2021,5,19,7,3,5,3,0,0,1,0,0,0,0,0,797672,5155,5823645,611
211043,11,6,6300634,2021,5,12,3,3,5,2,0,1,1,0,0,0,0,0,792121,3734,5818808,284
211042,11,4,4300620,2021,5,17,5,3,5,2,0,1,0,0,0,0,1,0,793465,169,5827527,73
211041,11,12,12200411,2021,4,7,6,3,1,7,0,0,1,0,0,1,0,0,793097,5415,5832424,215
211040,11,3,3501038,2021,4,14,5,3,5,3,0,1,1,0,0,0,0,0,803568,972,5832277,594
211039,11,5,5200527,2021,5,10,3,2,9,7,0,0,0,0,0,0,1,0,782313,5675,5827367,516
211038,11,7,7300516,2021,3,18,2,3,1,5,0,1,1,0,0,0,0,0,794033,3706,5821631,691
211037,11,4,4501148,2021,4,8,5,3,0,5,0,0,1,0,1,0,0,0,792916,9291,5823321,498
211036,11,4,4501042,2021,3,11,4,3,0,7,0,1,0,0,0,0,0,1,794309,241,5825566,16
211035,11,12,12500929,2021,5,16,3,3,2,6,0,0,1,0,1,0,0,0,794360,9755,5837518,44
211034,11,1,1100309,2021,4,12,2,3,1,5,0,1,1,0,0,0,0,0,798467,361,5828975,331
211033,11,10,10100311,2021,5,10,2,3,0,7,0,0,0,0,1,0,1,0,807237,7695,5828291,328
211032,11,3,3400725,2021,4,14,4,3,5,3,0,0,1,0,1,0,0,0,799239,654,5835178,107
211031,11,9,9100409,2021,5,14,1,3,0,7,0,1,0,0,0,0,0,0,807176,514,5819865,882
211030,11,9,9100304,2021,5,13,6,3,6,2,0,0,1,1,0,0,0,0,804400,8189,5821752,163
211029,11,8,8401245,2021,4,18,7,3,6,4,0,0,1,1,0,0,0,0,806313,9654,5815172,915
211028,11,12,12200308,2021,4,22,5,3,8,1,2,0,0,0,1,0,0,0,793088,4441,5833204,85
211027,11,8,8100102,2021,5,19,4,3,2,6,0,1,1,0,0,0,0,1,800568,1936,5823276,351
211026,11,1,1400938,2021,4,17,3,3,5,3,0,0,1,0,0,0,0,0,794439,4062,5831013,961
211025,11,9,9200819,2021,3,5,3,2,5,3,2,1,1,0,0,0,0,0,810056,8643,5819476,836
211024,11,6,6200312,2021,4,8,6,3,5,3,0,0,1,0,0,0,0,0,794760,4902,5819248,891
211023,11,3,3400725,2021,3,17,6,3,5,2,0,0,1,0,1,0,0,0,799956,8671,5835683,809
211022,11,9,9100407,2021,5,19,3,3,9,1,0,0,1,0,0,0,0,1,805159,968,5821478,46
211021,11,12,12200310,2021,5,8,3,3,5,2,0,0,1,0,0,1,0,1,792228,163,5833779,836
211020,11,8,8100312,2021,4,14,4,3,0,4,0,1,0,1,0,0,0,0,801311,452,5824211,998
211019,11,2,2100104,2021,3,18,4,2,5,3,0,1,1,0,0,0,0,0,799410,6206,5826157,35
211018,11,8,8200622,2021,5,6,3,3,5,2,0,0,1,0,0,0,1,0,801324,9569,5821331,897
211017,11,1,1400942,2021,4,5,2,3,2,6,0,0,1,0,0,0,1,1,794645,1623,5830831,523
211016,11,7,7300619,2021,5,16,2,3,2,2,0,0,1,0,1,0,0,0,796053,9394,5822855,38
211015,11,1,1100205,2021,5,20,2,3,5,3,0,1,1,0,0,0,0,0,797398,5979,5826956,56
211014,11,11,11300619,2021,5,14,6,3,0,6,0,0,1,0,1,0,0,0,803853,9392,5828705,447
211013,11,8,8100521,2021,5,18,4,3,5,3,0,1,1,0,0,0,0,0,802953,496,5822471,138
211012,11,1,1400942,2021,4,12,1,3,2,6,0,0,1,0,0,0,0,1,794628,672,5830543,137
211011,11,1,1100310,2021,4,21,6,3,1,5,2,1,1,0,0,0,0,0,798987,57,5828560,489
211010,11,8,8200622,2021,5,11,4,3,6,4,0,1,0,1,0,0,0,0,801268,4221,5821509,861
211009,11,1,1401044,2021,4,19,3,3,1,5,1,0,1,0,0,0,0,0,796626,7703,5831624,884
211008,11,8,8100105,2021,3,18,1,3,6,6,0,1,0,1,0,0,0,0,800839,139,5822115,149
211007,11,1,1100207,2021,4,8,5,3,5,3,0,1,1,0,0,0,0,0,797892,6009,5826671,194
211006,11,6,6300633,2021,3,15,5,3,2,6,0,0,1,0,1,0,0,0,793243,1995,5818348,915
211005,11,9,9100203,2021,5,6,4,3,5,2,0,0,1,0,0,0,0,0,803785,486,5823283,638
211004,11,4,4200311,2021,5,17,3,3,2,2,0,0,1,0,0,0,0,0,790023,5264,5825237,592
211003,11,2,2300316,2021,4,8,5,3,1,5,0,1,1,0,0,0,0,1,801087,7852,5826315,553
211002,11,1,1100206,2021,5,12,7,3,5,3,0,0,1,0,0,0,0,0,797877,82,5827467,24
211001,11,9,9200614,2021,4,7,3,3,0,1,0,1,0,0,0,0,0,0,808090,7057,5820968,768
211000,11,8,8301037,2021,5,15,6,3,0,1,0,0,0,0,0,0,1,0,804663,632,5817817,598
210999,11,9,9200715,2021,4,10,2,3,5,3,0,1,0,0,0,0,1,0,809218,816,5818619,13
210998,11,5,5100316,2021,3,14,2,3,5,3,0,0,1,0,0,1,0,0,784782,177,5828809,74
210997,11,8,8401243,2021,4,18,3,2,6,7,1,0,0,1,1,0,0,1,806238,6195,5817289,233
210996,11,1,1400942,2021,5,19,6,3,5,3,0,0,1,0,0,0,0,1,794917,6931,5830561,401
210995,11,5,5100208,2021,4,10,4,3,5,2,0,0,1,0,0,0,0,0,782359,6096,5830492,579
210994,11,9,9501939,2021,3,9,3,3,5,3,0,1,1,0,0,0,0,0,810822,8129,5821366,1
210993,11,3,3601141,2021,4,8,1,3,6,4,0,0,1,1,0,0,0,0,799191,93,5831330,916
210992,11,1,1100308,2021,3,14,6,3,5,3,0,1,1,0,0,0,0,1,796928,8497,5828126,166
210991,11,12,12500930,2021,5,9,2,2,0,1,0,0,1,0,0,0,0,0,793936,2325,5835181,409
210990,11,12,12100205,2021,5,16,5,3,2,2,0,0,1,0,0,0,0,0,794538,2666,5832979,94
210989,11,1,1100312,2021,5,17,4,2,5,3,0,1,1,0,0,0,0,0,799488,4747,5827073,169
210988,11,5,5100104,2021,4,10,6,3,5,3,0,0,1,0,0,0,0,0,785852,9197,5831729,408
210987,11,3,3400828,2021,4,15,5,3,5,7,0,1,1,0,0,0,0,0,799724,1576,5832504,329
210986,11,8,8200833,2021,4,12,4,3,5,3,0,0,1,0,1,0,0,0,801895,41,5816960,825
210985,11,11,11300617,2021,3,19,4,3,5,2,2,1,1,0,0,0,0,0,803066,807,5829528,161
210984,11,9,9200715,2021,4,18,4,2,2,6,1,0,1,0,0,0,0,0,809196,5662,5818339,8
210983,11,5,5100316,2021,5,13,7,3,2,6,0,0,1,0,1,0,0,0,784497,2975,5828871,575
210982,11,4,4400729,2021,5,17,7,3,5,3,0,0,1,0,0,0,0,1,790565,743,5822036,703
210981,11,8,8200725,2021,4,8,3,3,2,2,0,0,1,0,0,0,0,0,800644,886,5819367,902
210980,11,12,12100205,2021,5,17,3,3,5,3,0,1,1,0,0,0,0,0,795564,3886,5834516,939
210979,11,11,11401033,2021,5,22,6,3,1,1,2,0,1,0,0,0,0,1,807520,4272,5827763,153
210978,11,4,4400830,2021,5,17,5,2,2,7,0,0,1,1,0,0,0,0,790983,4187,5822993,405
210977,11,2,2200212,2021,4,15,1,3,5,3,0,1,1,0,0,0,0,1,799611,2348,5824523,121
210976,11,7,7200307,2021,3,13,4,3,2,6,0,0,1,0,1,0,0,0,794934,7163,5824578,991
210975,11,8,8200832,2021,5,9,3,3,1,5,0,0,1,0,0,0,0,0,801499,3033,5817729,224
210974,11,7,7100206,2021,3,19,1,3,0,3,0,1,0,0,0,0,1,0,796112,5526,5824921,606
210973,11,1,1401049,2021,4,20,4,3,3,5,2,0,1,0,0,0,0,0,796346,4098,5831849,905
210972,11,2,2200209,2021,3,12,5,3,0,7,0,1,0,0,0,0,0,0,797102,9566,5824439,211
210971,11,8,8100312,2021,5,13,3,3,1,5,0,1,1,0,0,0,0,0,801464,7265,5824102,5
210970,11,4,4501146,2021,4,15,1,3,5,7,0,1,1,0,0,0,0,0,793217,4336,5823926,706
210969,11,4,4100101,2021,5,2,2,3,0,1,2,1,0,0,0,0,0,0,789604,5615,5830350,335
210968,11,11,11300826,2021,4,14,4,2,2,7,0,0,1,0,1,0,0,0,804125,9247,5826815,19
210967,11,5,5300737,2021,5,15,1,3,5,2,0,1,1,0,0,0,0,0,787749,2835,5830017,576
210966,11,4,4400832,2021,4,12,4,3,5,3,0,1,1,0,0,0,0,0,791346,5215,5821988,648
210965,11,3,3400721,2021,5,13,6,3,5,3,0,1,0,0,0,0,1,0,797776,9225,5832954,855
210964,11,6,6200314,2021,4,16,2,3,5,3,0,1,0,0,1,0,0,0,794718,6581,5818101,715
210963,11,4,4200311,2021,4,15,5,3,0,7,0,0,0,0,1,0,0,0,790510,9731,5826554,832
210962,11,8,8100417,2021,4,16,4,2,5,3,0,0,1,1,0,0,0,0,802579,2588,5823086,479
210961,11,5,5400943,2021,5,15,4,3,2,6,0,0,1,0,0,0,0,0,780274,279,5821118,767
210960,11,5,5100104,2021,4,20,4,3,5,3,1,1,1,0,0,0,0,0,785997,2099,5831721,833