OBJECTID,LAND,BEZ,LOR_ab_2021,UJAHR,UMONAT,USTUNDE,UWOCHENTAG,UKATEGORIE,UART,UTYP1,ULICHTVERH,IstRad,IstPKW,IstFuss,IstKrad,IstGkfz,IstSonstige,USTRZUSTAND,LINREFX,LINREFY,XGCSWGS84,YGCSWGS84
210959,11,5,5200528,2021,3,14,3,3,5,2,0,1,1,0,0,0,0,0,783251,4561,5826372,86
210958,11,2,2100101,2021,4,6,5,3,5,2,0,0,1,0,0,1,0,0,797857,6124,5825641,1
210957,11,1,1300733,2021,3,19,7,2,1,5,1,1,1,0,0,0,0,0,797544,8367,5831285,817
210956,11,2,2300419,2021,5,18,4,3,5,3,1,1,1,0,0,0,0,1,801590,6399,5825952,41
210955,11,1,1401045,2021,5,12,3,3,5,2,0,1,1,0,0,0,0,0,796704,6463,5831624,16
210954,11,12,12601235,2021,4,11,6,3,2,6,0,0,1,0,0,0,0,0,794600,2671,5836264,598
210953,11,9,9401432,2021,4,13,3,3,2,2,0,0,1,0,0,0,0,0,812136,5076,5820183,958
210952,11,9,9100408,2021,5,5,7,3,5,2,0,1,1,0,0,0,0,0,806528,6391,5820098,24
210951,11,3,3500934,2021,4,17,3,3,9,1,0,0,1,0,0,0,0,0,800858,641,5832102,317
210950,11,1,1100205,2021,3,3,3,2,6,2,2,0,1,1,0,0,0,1,796972,3391,5826716,618
210949,11,8,8100314,2021,4,10,6,3,5,3,0,1,0,0,1,0,0,0,800367,4853,5824325,521
210948,11,12,12200309,2021,5,12,6,3,2,4,0,0,1,1,0,0,0,1,792886,4102,5832723,419
210947,11,5,5100312,2021,5,15,6,3,5,2,0,1,1,0,0,0,0,0,784488,9296,5830919,965
210946,11,4,4400726,2021,3,19,4,3,5,3,0,1,1,0,0,0,0,0,790852,3043,5823648,922
210945,11,7,7100204,2021,4,18,6,3,1,5,0,1,1,0,0,0,0,0,795501,6469,5824750,513
210944,11,12,12200307,2021,3,10,7,3,5,7,0,0,1,0,0,0,0,1,793538,4047,5834134,31
210943,11,3,3601450,2021,5,7,2,3,5,3,0,0,1,0,1,0,0,0,801940,5269,5829769,365
210942,11,9,9200715,2021,5,16,6,3,5,3,0,1,1,0,0,0,0,1,807398,468,5818318,354
210941,11,1,1100312,2021,5,17,4,3,1,5,0,1,1,0,0,0,0,0,799257,7479,5826928,986
210940,11,3,3400723,2021,4,0,7,3,5,3,2,0,1,0,0,0,0,0,798603,3798,5833049,902
210939,11,1,1300835,2021,5,14,1,3,2,6,0,0,1,0,1,0,0,0,797173,8421,5830389,456
210938,11,12,12200309,2021,4,18,4,3,5,2,0,1,1,0,0,0,0,0,793041,5728,5832662,813
210937,11,1,1400938,2021,3,17,4,3,5,5,0,0,1,0,0,0,0,0,793834,9646,5830334,752
210936,11,2,2100106,2021,4,11,6,3,6,4,0,0,0,1,1,0,0,0,799178,5505,5825621,932
210935,11,12,12200515,2021,4,17,2,2,5,3,0,0,1,0,0,0,0,0,790373,4114,5834875,346
210934,11,12,12400617,2021,5,17,6,3,2,6,0,1,1,0,0,0,0,0,785768,9057,5836840,89
210933,11,9,9501737,2021,4,15,3,3,0,1,0,1,0,0,0,0,0,0,814206,1082,5821659,548
210932,11,1,1200522,2021,3,7,3,3,3,6,0,0,1,0,0,1,0,0,793684,1213,5828010,129
210931,11,4,4100102,2021,4,12,4,3,0,1,0,0,0,0,1,0,0,0,791173,6885,5829089,183
210930,11,9,9501737,2021,5,12,6,1,6,7,0,0,1,1,0,0,0,0,814150,8154,5821717,553
210929,11,3,3200205,2021,4,11,5,2,5,3,0,0,1,0,0,0,0,0,797907,9131,5835183,724
210928,11,1,1200623,2021,3,16,4,3,5,2,0,1,1,0,0,0,0,0,794957,557,5829449,752
210927,11,10,10100311,2021,4,9,7,3,1,5,0,0,1,0,0,0,1,0,807115,2393,5828067,135
210926,11,12,12400723,2021,3,17,1,3,1,5,0,0,1,0,0,0,1,0,791724,3852,5838951,512
210925,11,11,11300722,2021,5,15,2,3,2,6,0,0,1,0,0,0,0,0,803791,1982,5827705,341
210924,11,10,10200421,2021,5,14,6,3,5,3,0,0,1,0,0,0,0,0,812077,3656,5830608,758
210923,11,6,6400840,2021,5,22,4,3,5,2,2,1,1,0,0,0,0,0,788833,4552,5819602,443
210922,11,2,2400521,2021,4,12,7,3,3,6,0,0,1,0,0,0,0,0,800662,1224,5828466,353
210921,11,2,2300314,2021,5,18,7,3,2,6,0,0,1,0,0,0,0,0,800041,3319,5825751,466
210920,11,6,6200315,2021,4,7,3,3,6,4,1,0,1,1,0,0,0,0,796040,3713,5817525,487
210919,11,8,8100103,2021,3,14,4,3,2,7,0,1,1,0,0,0,0,0,800597,7063,5823187,771
210918,11,3,3500932,2021,4,13,7,3,0,2,0,1,1,0,0,0,0,0,801854,9584,5832900,984
210917,11,1,1300836,2021,4,8,2,3,5,3,0,1,1,0,0,0,0,0,796500,9258,5830346,851
210916,11,7,6100210,2021,5,21,1,3,2,6,2,0,1,0,0,0,0,0,795316,6793,5821012,85
210915,11,6,6300527,2021,5,17,7,3,1,7,0,0,1,0,0,0,0,0,790485,4608,5818084,407
210914,11,3,3601244,2021,4,16,3,1,6,7,0,0,0,1,0,1,0,0,800274,1818,5831567,624
210913,11,10,10100313,2021,5,5,3,3,3,6,0,0,1,0,0,0,1,0,807762,172,5830720,739
210912,11,11,11200410,2021,5,10,6,3,0,1,0,0,0,0,1,0,0,1,806482,8784,5832264,107
210911,11,3,3601245,2021,5,17,5,3,5,3,0,1,1,0,0,0,0,0,800467,11,5831061,165
210910,11,2,2200210,2021,4,19,4,3,5,7,1,0,1,0,0,0,0,0,798817,7416,5825110,925
210909,11,5,5100104,2021,4,8,2,3,5,2,0,1,0,0,0,1,0,0,785209,4833,5831445,376
210908,11,1,1200623,2021,4,12,5,3,1,5,0,0,1,0,1,0,0,0,794977,8894,5829387,992
210907,11,1,1300836,2021,5,18,4,2,1,5,0,1,1,0,0,0,0,0,796691,9015,5829859,969
210906,11,2,2300419,2021,4,15,3,3,2,6,0,0,1,0,0,0,0,0,801651,443,5825896,791
210905,11,10,10100313,2021,3,13,2,3,2,6,0,0,1,0,0,0,0,0,807826,1943,5830744,37
210904,11,4,4200311,2021,4,11,6,3,5,3,0,1,0,0,0,0,1,0,790430,1974,5825978,652
210903,11,9,9501939,2021,3,15,5,3,6,7,0,0,0,1,1,0,0,0,810332,2636,5821354,665
210902,11,9,9200511,2021,5,10,2,3,0,2,0,1,1,0,0,0,0,0,807848,4591,5822058,364
210901,11,9,9401329,2021,4,15,1,3,4,6,0,0,1,0,0,0,0,0,813726,542,5818857,353
210900,11,1,1100101,2021,5,14,2,3,5,3,0,1,1,0,0,0,0,0,794570,1647,5826081,533
210899,11,9,9300920,2021,4,7,4,3,5,2,2,1,1,0,0,0,0,0,808841,1667,5817390,135
210898,11,8,8401243,2021,5,12,7,3,5,3,0,1,0,0,0,0,0,0,805772,322,5817107,54
210897,11,7,7400823,2021,4,23,7,3,1,7,2,0,1,0,1,0,0,0,797046,1097,5821985,21
210896,11,1,1300732,2021,5,20,5,2,6,7,1,0,1,1,0,0,0,0,797630,5683,5832810,742
210895,11,2,2500831,2021,4,15,3,3,5,3,0,0,1,0,1,0,0,0,802815,9622,5827300,156
210894,11,12,12200310,2021,4,18,5,3,6,7,1,1,0,1,0,0,0,0,792204,5268,5833644,993
210893,11,5,5400943,2021,4,11,4,2,5,3,0,0,1,0,0,1,0,1,779998,7026,5821525,96
210892,11,1,1200522,2021,5,15,4,2,1,5,0,1,1,0,0,0,0,0,794256,5498,5828091,518
210891,11,7,7100101,2021,4,10,4,3,2,2,0,0,1,0,0,0,0,0,794606,4881,5825506,252
210890,11,6,6400838,2021,3,16,3,2,5,3,0,1,0,0,0,0,1,0,787067,6434,5818090,685
210889,11,1,1401046,2021,4,18,7,3,5,3,0,0,1,0,0,0,0,0,794832,7719,5830187,6
210888,11,8,8200623,2021,3,12,6,3,5,2,0,1,1,0,0,0,0,0,802455,8016,5820690,541
210887,11,9,9401329,2021,5,10,4,3,2,6,0,0,1,0,0,0,0,0,814677,732,5818280,447
210886,11,7,7100205,2021,5,20,3,3,2,6,1,0,1,0,0,0,0,0,796032,7273,5825348,239
210885,11,5,5100312,2021,4,16,5,2,6,4,0,0,1,1,0,0,0,0,784764,2202,5830428,88
210884,11,4,4200308,2021,5,10,7,3,2,6,0,0,1,0,0,0,0,0,790403,3104,5827309,896
210883,11,3,3601245,2021,4,19,3,3,5,3,0,1,1,0,0,0,0,0,800230,7406,5831186,584
210882,11,8,8401241,2021,3,17,3,3,5,3,1,1,1,0,0,0,0,0,804304,1851,5819652,28
210881,11,6,6100205,2021,4,14,5,3,5,2,0,0,1,0,1,0,0,0,794987,7719,5820025,288
210880,11,3,3500934,2021,4,11,3,3,0,1,0,0,0,0,0,0,1,0,800438,4535,5832269,557
210879,11,9,9401635,2021,5,20,5,3,3,6,0,1,1,0,0,0,0,1,817812,5588,5817972,443
210878,11,4,4501043,2021,5,17,6,3,2,7,0,0,1,0,1,0,0,0,792471,394,5825282,733
210877,11,6,6300526,2021,3,21,4,3,0,2,2,0,1,0,1,0,0,0,789341,9784,5817294,255
210876,11,11,11200514,2021,4,11,2,3,1,5,0,0,1,0,0,0,0,0,804816,9225,5830614,16
210875,11,6,6400843,2021,3,12,7,3,5,2,0,0,1,0,0,0,0,0,791104,6806,5819243,515
210874,11,5,5200631,2021,5,18,2,3,1,5,0,0,1,0,0,0,1,0,784734,435,5827514,281
210873,11,10,10400940,2021,5,13,5,3,5,3,0,0,1,0,0,0,0,1,812367,6819,5824285,563
210872,11,1,1401045,2021,5,19,4,3,3,6,0,0,1,0,0,0,0,0,796699,948,5831951,332
210871,11,7,7200409,2021,4,16,6,3,1,5,0,1,1,0,0,0,0,0,795838,255,5824326,337
210870,11,4,4501043,2021,5,15,2,3,6,4,0,0,1,1,0,0,0,0,792777,6399,5825304,208
210869,11,4,4200308,2021,4,14,4,3,5,2,0,1,1,0,0,0,0,0,790210,9262,5827298,62
210868,11,9,9100306,2021,3,13,4,3,2,6,0,0,1,0,0,0,0,0,803786,1832,5820881,645
210867,11,4,4200309,2021,5,18,7,3,5,3,0,0,1,0,0,0,0,0,789091,121,5827177,988
210866,11,4,4500939,2021,4,10,2,3,0,3,0,1,1,0,0,0,0,0,792204,2753,5824876,433
210865,11,12,12200309,2021,5,14,2,3,5,2,0,1,0,0,0,0,1,0,793492,2332,5832428,374
210864,11,6,6100102,2021,5,21,7,3,6,7,2,0,0,1,0,0,1,0,793538,14,5820450,367
210863,11,5,5100211,2021,5,14,3,2,2,2,0,0,1,0,1,0,0,0,781916,1831,5829567,653
210862,11,9,9200613,2021,5,20,7,2,8,1,1,0,1,0,0,0,0,0,805859,753,5821778,571
210861,11,4,4200311,2021,5,13,4,3,0,3,0,1,1,0,0,0,0,0,790739,7919,5826718,92
210860,11,10,10200420,2021,4,17,1,3,5,3,0,0,1,0,0,0,1,1,811992,6029,5830703,374
210859,11,9,9200819,2021,4,14,5,3,5,3,0,0,1,0,0,0,0,0,810184,628,5820391,587
210858,11,5,5300736,2021,4,12,3,3,2,6,0,0,1,0,0,0,0,0,786818,3557,5829747,14
210857,11,6,7300619,2021,4,11,2,3,2,6,0,0,1,0,0,0,0,0,795121,9441,5821294,351
210856,11,5,5200631,2021,5,20,5,3,1,5,2,0,1,0,0,0,0,1,784792,4452,5826880,86
210855,11,4,4400835,2021,4,19,3,3,5,3,0,0,1,0,0,0,0,0,792825,6448,5821856,686
210854,11,3,3300411,2021,3,15,1,3,5,3,0,0,1,0,1,0,0,0,803793,413,5839220,722
210853,11,11,11200515,2021,4,15,5,2,1,7,0,0,1,0,0,0,0,1,805561,7434,5830265,315
210852,11,7,7100102,2021,3,22,5,3,6,2,2,0,1,1,0,0,0,0,795519,8203,5825477,438
210851,11,9,9200715,2021,5,6,3,3,0,2,0,1,0,0,0,0,1,0,809480,6822,5818371,539
210850,11,8,8200832,2021,4,19,1,3,1,5,2,1,1,0,0,0,0,0,801520,8131,5816580,527
210849,11,4,4300416,2021,5,20,2,3,0,7,1,0,0,0,1,0,0,1,791741,373,5826105,43
210848,11,12,12100205,2021,4,18,4,3,5,2,0,0,1,0,0,0,1,0,793795,136,5832735,895
210847,11,9,9200715,2021,5,17,1,3,5,2,0,1,1,0,0,0,0,0,809404,156,5818446,512
210846,11,8,8300934,2021,4,14,7,3,5,2,0,0,1,0,0,0,0,0,803160,776,5818437,406
210845,11,11,2500835,2021,4,18,1,3,2,6,0,0,1,0,0,0,0,0,803323,265,5826306,262
210844,11,7,7501134,2021,5,14,1,3,2,7,0,0,1,0,0,0,0,0,799697,4058,5819022,722
210843,11,12,12400721,2021,5,13,7,3,5,3,0,0,1,0,0,0,0,1,790311,9933,5841090,889
210842,11,4,4300620,2021,4,8,2,3,5,2,0,1,1,0,0,0,0,0,794159,5592,5827006,593
210841,11,1,1401043,2021,5,13,2,3,2,6,0,0,1,0,0,0,1,0,795670,45,5830901,793
210840,11,2,2100104,2021,5,11,6,3,5,2,0,1,0,0,0,1,0,1,799185,1007,5826256,13
210839,11,2,2400521,2021,5,7,5,3,5,2,0,1,0,0,0,0,1,0,800485,7326,5828469,318
210838,11,3,3601244,2021,4,15,2,3,5,3,0,1,1,0,0,0,0,0,800085,6,5831671,331
210837,11,3,3601244,2021,3,14,4,2,5,3,0,1,1,0,0,0,0,0,800084,1161,5831671,529
210836,11,3,3400618,2021,5,7,4,3,3,6,0,1,0,0,0,1,0,0,796189,5773,5836498,118
210835,11,1,1100207,2021,4,15,3,3,5,3,0,0,1,0,1,0,0,0,798221,3573,5826622,411
210834,11,8,8200832,2021,3,16,2,3,2,6,0,1,1,0,0,0,0,0,801544,55,5817531,435
210833,11,4,4100101,2021,4,16,5,3,5,2,0,0,1,0,0,0,0,0,793352,206,5829681,351
210832,11,12,12200309,2021,3,19,5,3,1,5,2,1,1,0,0,0,0,0,793198,862,5832620,806
210831,11,6,6300633,2021,5,12,2,3,5,3,0,1,1,0,0,0,0,0,792938,1633,5819048,805
210830,11,2,2100105,2021,4,17,7,3,1,5,0,0,1,0,0,0,0,0,799725,4769,5825784,297
210829,11,8,8100104,2021,5,15,2,3,0,1,0,1,0,0,0,0,0,0,800948,9428,5822315,26
210828,11,6,6300528,2021,4,15,4,2,0,6,0,0,1,0,1,0,0,0,790576,9406,5815193,11
210827,11,11,11300826,2021,5,0,7,3,1,5,2,0,0,0,1,0,1,1,804365,3906,5826857,869
210826,11,12,12200310,2021,4,15,1,2,5,2,0,0,1,0,1,0,0,0,792183,186,5832945,877
210825,11,1,1100102,2021,5,18,5,3,2,7,0,0,1,0,0,0,1,0,796908,4228,5826684,389
210824,11,1,1401045,2021,4,13,3,3,2,6,0,0,1,0,0,0,0,0,796838,7662,5831562,531
210823,11,1,1400938,2021,4,12,7,3,2,6,0,0,1,0,0,0,0,0,793878,5495,5830057,809
210822,11,2,2200209,2021,4,16,3,3,5,2,0,1,0,0,0,0,1,1,797100,5989,5824292,881
210821,11,7,7300515,2021,5,15,4,3,5,2,0,1,1,0,0,0,0,0,793901,228,5822395,951
210820,11,8,8200622,2021,4,15,5,3,0,6,0,0,0,0,0,0,1,0,801224,3322,5821668,587
210819,11,10,10100209,2021,3,7,3,3,2,6,0,0,1,0,0,0,0,0,809937,6314,5831679,768
210818,11,12,12400618,2021,4,10,1,3,0,2,0,1,0,0,1,0,0,0,785964,148,5839248,384
210817,11,10,10100311,2021,3,9,6,3,4,5,0,1,1,0,0,0,0,0,807551,3097,5828280,264
210816,11,10,10200627,2021,5,16,3,3,0,7,0,0,1,0,0,0,0,0,811261,9852,5829653,875
210815,11,10,10300734,2021,5,15,3,3,2,6,0,0,1,0,0,0,0,0,809634,2576,5826400,953
210814,11,8,8100419,2021,4,13,6,3,5,7,0,0,1,0,1,0,0,0,802105,7012,5824413,594
210813,11,4,4200310,2021,5,15,6,3,2,6,0,0,1,0,0,0,0,0,789970,4,5826237,357
210812,11,7,7501029,2021,4,14,4,3,2,6,0,0,1,0,0,0,0,0,797478,2589,5819282,246
210811,11,7,7100102,2021,3,12,3,3,5,7,0,0,1,0,1,0,0,0,795442,1162,5825720,689
210810,11,7,7601544,2021,4,5,5,3,5,3,2,1,1,0,0,0,0,1,799062,912,5814264,64
210809,11,2,2400623,2021,4,12,3,3,6,4,0,0,1,1,0,0,0,0,800578,552,5827053,2
210808,11,9,9401635,2021,5,15,2,3,5,3,0,1,0,0,0,0,0,0,819487,204,5818434,732
210807,11,9,9501939,2021,3,19,3,3,2,6,0,0,1,0,0,0,1,0,809661,4615,5821479,75
210806,11,11,11300721,2021,4,11,2,2,0,3,0,0,1,0,0,0,1,0,804944,259,5828708,831
210805,11,3,3601245,2021,5,16,2,3,5,2,0,0,1,0,0,0,0,0,800606,2795,5831407,648
210804,11,2,2200210,2021,5,20,4,3,5,3,2,0,1,0,0,0,0,0,798032,8728,5824847,806
210803,11,3,3701554,2021,5,22,4,3,1,5,2,0,1,0,1,0,0,0,798941,5151,5829965,844
210802,11,2,2200212,2021,4,9,6,3,5,2,0,1,1,0,0,0,0,0,800269,3621,5824383,639
210801,11,5,5100317,2021,3,16,4,3,5,2,0,1,1,0,0,0,0,0,785306,6709,5828678,392
210800,11,4,4400727,2021,5,19,1,3,5,2,0,0,1,0,0,0,0,1,790958,9948,5823027,337
210799,11,9,9100306,2021,5,13,4,3,2,5,0,0,1,0,0,0,0,0,804338,1858,5819725,367
210798,11,2,2300418,2021,4,9,4,2,5,5,0,1,1,0,0,0,0,0,801137,9028,5825081,498
210797,11,1,1300733,2021,3,8,4,2,5,3,0,0,1,0,0,0,1,0,797075,8775,5831681,599
210796,11,1,1200517,2021,5,13,2,3,0,7,0,1,0,0,0,0,0,0,793542,3113,5828158,422
210795,11,8,8200622,2021,4,13,2,3,5,3,0,1,1,0,0,0,0,0,801651,4128,5821579,973
210794,11,12,12601236,2021,5,15,2,3,2,6,0,0,1,0,0,0,0,0,794327,444,5836333,187
210793,11,3,3601141,2021,5,11,2,3,5,2,0,0,1,0,0,0,1,0,798990,3381,5831802,613
210792,11,1,1200520,2021,5,20,6,3,1,5,1,1,1,0,0,0,0,1,794139,1252,5828450,758
210791,11,3,3500934,2021,5,14,5,3,2,6,0,0,1,0,0,0,0,0,801077,9634,5832020,127
210790,11,6,6100207,2021,4,14,1,2,5,3,0,0,1,0,0,0,1,0,793962,409,5819619,771
210789,11,1,1300836,2021,4,17,5,3,1,5,0,0,1,0,1,0,0,0,796899,1971,5831387,944
210788,11,7,7400927,2021,5,14,4,3,5,3,0,0,0,0,1,0,1,0,798716,2265,5821874,12
210787,11,2,2300316,2021,4,19,4,3,4,7,0,1,0,1,0,0,0,0,801349,19,5826123,833
210786,11,4,4300622,2021,3,15,1,3,6,7,0,0,1,1,0,0,0,0,793789,3264,5826287,997
210785,11,8,8301036,2021,4,18,5,3,2,6,0,0,1,0,0,0,0,0,803380,9345,5817498,638
210784,11,7,7400822,2021,3,14,5,3,5,3,0,0,1,0,0,0,0,0,796820,8675,5822180,297
210783,11,4,4200310,2021,5,19,4,3,2,2,0,0,1,0,0,0,0,1,790044,5208,5826673,82
210782,11,5,5300737,2021,5,13,2,3,2,3,0,0,1,0,0,0,0,0,787594,7293,5829401,366
210781,11,8,8200729,2021,4,16,4,3,5,3,0,1,1,0,0,0,0,0,799537,696,5817722,667
210780,11,5,5100317,2021,5,23,1,3,1,5,2,1,1,0,0,0,0,0,785263,6632,5828683,175
210779,11,9,9401534,2021,4,17,1,3,5,2,0,1,1,0,0,0,0,0,811358,9466,5820172,317
210778,11,6,6200313,2021,5,19,6,3,5,3,0,0,1,0,1,0,0,0,795304,4025,5818536,4
210777,11,4,4500937,2021,4,13,3,3,2,6,0,0,1,0,0,0,0,0,790893,177,5824753,602
210776,11,2,2200208,2021,3,19,3,3,0,2,0,1,0,0,0,0,1,0,797913,354,5825279,649
210775,11,6,6100206,2021,4,17,3,3,0,6,0,1,1,0,0,0,0,0,794197,8605,5819428,554
210774,11,8,8100314,2021,5,19,6,3,1,5,0,1,1,0,0,0,0,0,800667,9728,5824296,121
210773,11,12,12400618,2021,4,18,5,3,5,3,0,1,1,0,0,0,0,0,786991,3658,5838311,44
210772,11,3,3200309,2021,3,9,2,3,2,6,0,0,0,0,1,0,1,0,800138,816,5837724,339
210771,11,8,8100521,2021,4,17,7,3,5,3,0,1,1,0,0,0,0,0,802103,9058,5822451,565
210770,11,2,2300314,2021,3,19,6,3,0,3,2,1,0,0,0,0,1,0,800116,2313,5825756,834
210769,11,7,7300516,2021,5,16,2,3,5,2,0,1,1,0,0,0,0,0,793986,451,5821567,684
210768,11,2,2400623,2021,5,19,5,3,1,5,0,1,1,0,0,0,0,0,801241,2658,5827768,991
210767,11,3,3500933,2021,5,20,4,3,6,4,1,0,1,1,0,0,0,0,802650,4373,5832424,402
210766,11,8,8401139,2021,4,15,4,3,5,3,0,1,1,0,0,0,0,0,803577,5312,5818638,677
210765,11,12,12601031,2021,4,12,6,3,3,2,0,0,1,0,0,0,1,0,793475,1896,5836992,618
210764,11,3,3400619,2021,4,8,3,2,5,2,0,0,1,0,1,0,0,0,795633,7013,5835623,174
210763,11,1,1100206,2021,3,12,4,3,5,3,0,1,1,0,0,0,0,0,797883,8696,5827479,959
210762,11,3,3200310,2021,4,15,6,3,2,6,0,0,1,0,0,0,0,0,799269,2216,5837678,515
210761,11,4,4200308,2021,5,11,7,3,0,2,0,0,1,0,0,0,1,0,789948,368,5827379,847
210760,11,3,3601346,2021,5,9,6,3,1,5,0,1,1,0,0,0,0,0,799419,6476,5830809,642
210759,11,1,1300733,2021,4,19,2,3,5,7,0,0,1,0,1,0,0,1,797288,5386,5831275,629
210758,11,5,5300839,2021,4,17,5,3,0,7,0,1,0,0,0,0,0,0,788897,9076,5830083,753
210757,11,6,6400843,2021,4,19,3,3,0,2,1,1,1,0,0,0,0,1,791677,874,5820658,463
210756,11,4,4300416,2021,4,18,3,2,5,3,0,1,0,0,1,0,0,1,791997,7192,5825978,282
210755,11,4,4501042,2021,5,17,5,3,0,1,0,1,0,0,0,0,0,1,793903,6187,5826058,263
210754,11,8,8100105,2021,4,6,4,3,5,2,0,1,0,0,0,0,1,0,801173,8018,5821800,491
210753,11,1,1400942,2021,3,8,2,3,6,4,0,1,0,1,0,0,0,0,794609,3496,5830796,727
210752,11,2,2500726,2021,4,15,6,3,5,2,0,1,1,0,0,0,0,0,801962,1072,5828236,961
210751,11,4,4300623,2021,3,9,6,2,5,2,0,1,1,0,0,0,0,1,792736,2973,5826094,556
210750,11,12,12500930,2021,5,14,3,3,2,6,0,0,1,0,0,0,0,1,792909,6433,5835184,728
210749,11,5,5200629,2021,5,9,2,3,5,2,0,0,1,0,0,0,0,0,784300,923,5828706,849
210748,11,12,12100103,2021,4,17,5,3,6,7,0,0,1,1,0,0,0,1,795647,1912,5833554,514
210747,11,4,4501044,2021,4,16,3,3,0,6,0,0,1,0,1,0,0,0,793183,973,5824554,802
210746,11,7,7400826,2021,3,15,3,2,4,6,0,0,1,0,0,0,0,0,796761,2048,5819990,106
210745,11,6,6300524,2021,4,14,6,3,6,4,0,0,1,1,0,0,0,0,788513,2224,5816864,52
210744,11,9,9100306,2021,4,8,3,3,2,6,0,0,1,0,0,0,1,0,804218,5224,5821056,354
210743,11,10,10200417,2021,5,13,7,3,5,2,0,1,1,0,0,0,0,0,811298,162,5831620,77
210742,11,1,1100207,2021,5,12,7,3,1,5,0,1,1,0,0,0,0,1,798309,806,5826736,331
210741,11,11,11200514,2021,3,16,3,3,2,7,0,0,1,0,0,0,0,0,805436,6294,5830302,949
210740,11,9,9501939,2021,4,14,2,3,5,3,0,1,1,0,0,0,0,0,810822,8129,5821366,1
210739,11,6,6100101,2021,5,15,2,3,5,3,0,1,0,0,0,0,1,0,793517,6294,5820653,656
210738,11,3,3400620,2021,5,18,5,3,5,2,0,1,0,0,0,0,0,0,797949,959,5833669,902
210737,11,11,11200513,2021,5,18,4,3,2,6,0,0,1,0,0,0,0,0,804350,5283,5830824,248
210736,11,6,6300632,2021,4,10,6,3,5,3,0,0,1,0,0,0,0,0,792504,638,5817473,217
210735,11,5,5100105,2021,3,11,4,2,2,6,0,0,1,0,0,0,0,0,784379,9378,5831073,71
210734,11,7,7601341,2021,5,18,3,3,0,2,0,1,1,0,0,0,0,0,797599,5324,5815556,719
210733,11,6,6100207,2021,4,8,4,3,2,6,0,0,1,0,0,0,1,0,793402,6135,5820065,231
210732,11,1,1100309,2021,3,14,4,3,8,7,0,0,0,0,0,0,1,0,798659,6103,5828550,589
210731,11,7,7200307,2021,5,20,2,3,5,3,2,0,1,0,0,0,0,1,794839,2389,5824674,58
210730,11,8,8100521,2021,4,11,2,3,5,3,0,0,1,0,0,0,0,0,803761,1029,5821792,987
210729,11,5,5400943,2021,5,17,2,3,2,7,2,0,1,0,1,0,0,1,780259,9578,5821084,826
210728,11,8,8200833,2021,5,12,3,2,5,3,0,1,1,0,0,0,0,0,802291,299,5816652,757
210727,11,2,2100106,2021,5,16,7,3,3,6,0,1,1,0,0,0,0,0,799196,2182,5825623,839
210726,11,9,9200716,2021,5,14,6,3,5,3,0,1,1,0,0,0,0,0,808916,4005,5819068,123
210725,11,8,8200831,2021,4,9,2,3,2,6,0,0,1,0,0,0,1,1,799899,7779,5816559,146
210724,11,4,4400830,2021,4,10,6,3,5,3,0,1,1,0,0,0,0,0,791309,672,5822998,915
210723,11,2,2200210,2021,4,15,3,3,5,2,0,1,1,0,0,0,0,0,798288,8761,5825321,198
210722,11,1,1200517,2021,5,6,4,3,5,2,0,1,1,0,0,0,0,1,793500,7226,5829379,96
210721,11,5,5300736,2021,4,15,3,3,2,6,0,0,1,0,0,0,0,0,786087,864,5829144,833
210720,11,3,3601142,2021,3,10,3,3,1,5,0,1,0,0,0,0,1,0,799033,3107,5831080,22
210719,11,5,5300841,2021,4,15,5,3,2,6,0,0,1,0,0,0,0,0,789245,9695,5829300,595
210718,11,4,4500939,2021,3,16,6,3,2,7,0,0,1,0,0,0,0,0,791954,3249,5824170,25
210717,11,1,1100310,2021,5,14,4,3,5,2,0,1,0,0,0,1,0,0,799508,8506,5828834,917
210716,11,10,10100207,2021,5,15,4,3,6,4,0,0,1,1,0,0,0,0,810260,5632,5832047,698
210715,11,11,11100203,2021,4,18,5,3,5,3,1,1,0,0,0,0,0,0,806852,5446,5834050,803
210714,11,1,1300836,2021,5,17,1,3,2,6,0,0,1,0,0,0,0,0,796733,7103,5830469,411
210713,11,5,5200629,2021,4,12,3,3,2,6,0,0,1,0,0,0,0,0,784651,8568,5828611,369
210712,11,2,2200209,2021,5,7,6,3,6,2,0,0,1,1,0,0,0,0,796835,9202,5823980,338
210711,11,7,7300619,2021,4,18,2,3,1,5,1,1,1,0,0,0,0,0,795371,9868,5822246,74
210710,11,4,4501045,2021,3,10,2,3,2,6,0,0,1,0,0,0,0,0,793984,62,5825106,578
210709,11,2,2300314,2021,4,18,3,3,0,1,0,1,0,0,0,0,0,1,799886,4533,5825915,856
210708,11,10,10100206,2021,4,10,3,3,5,3,0,0,1,0,0,0,0,0,808836,3845,5832767,342
210707,11,1,1200623,2021,5,18,6,3,5,7,0,0,1,0,0,0,0,1,795036,619,5829174,788
210706,11,5,5100316,2021,4,10,5,3,2,6,0,0,1,0,0,0,0,0,784819,6563,5829067,201
210705,11,6,6200317,2021,3,17,3,3,1,5,0,0,1,0,0,0,0,0,796242,7693,5817008,897
210704,11,7,7501031,2021,4,11,7,3,5,2,0,0,0,0,1,0,1,0,798539,9938,5819659,86
210703,11,12,12400619,2021,3,14,7,3,2,6,0,1,1,0,0,0,0,1,787044,3865,5836939,116