OBJECTID,LAND,BEZ,LOR_ab_2021,UJAHR,UMONAT,USTUNDE,UWOCHENTAG,UKATEGORIE,UART,UTYP1,ULICHTVERH,IstRad,IstPKW,IstFuss,IstKrad,IstGkfz,IstSonstige,USTRZUSTAND,LINREFX,LINREFY,XGCSWGS84,YGCSWGS84
210702,11,9,9501737,2021,5,10,2,3,4,6,0,1,0,0,0,0,0,0,816733,2985,5821240,477
210701,11,2,2400624,2021,5,18,5,3,6,7,0,0,0,1,0,0,1,0,801420,642,5827677,26
210700,11,1,1100103,2021,5,10,4,2,5,3,0,0,1,0,1,0,0,0,795328,1595,5826172,31
210699,11,4,4200311,2021,4,15,7,3,2,6,0,0,1,0,0,0,0,0,789747,3709,5825169,712
210698,11,2,2300316,2021,5,15,1,3,5,3,0,1,1,0,0,0,0,1,800747,3528,5826523,524
210697,11,9,9501838,2021,4,16,3,2,4,6,0,0,1,0,1,0,0,0,818397,6752,5821163,517
210696,11,12,12601235,2021,3,15,3,3,2,2,0,0,1,0,0,1,0,0,795290,625,5836367,28
210695,11,12,12601133,2021,4,11,7,3,5,3,0,0,1,0,0,0,0,0,795399,1409,5836785,656
210694,11,9,9401329,2021,5,11,7,3,5,3,0,1,1,0,0,0,0,0,811681,9439,5818517,256
210693,11,8,8300934,2021,4,12,2,3,1,5,0,0,1,0,0,0,0,0,803363,8612,5818275,501
210692,11,7,7100101,2021,5,21,2,3,1,7,2,1,1,0,0,0,0,0,794827,1935,5825123,939
210691,11,1,1401045,2021,5,18,6,3,2,6,0,0,1,0,0,0,0,1,796998,4725,5831896,803
210690,11,11,11300618,2021,5,16,5,3,2,6,0,0,1,0,0,0,0,0,802917,1286,5828723,423
210689,11,2,2500835,2021,4,6,2,3,5,3,0,1,0,0,0,0,1,1,802560,95,5825955,21
210688,11,10,10200629,2021,3,9,4,3,0,7,0,1,0,0,0,0,0,0,810813,5377,5828156,218
210687,11,1,1100207,2021,4,16,3,2,5,3,0,1,1,0,0,0,0,0,797894,2297,5826569,598
210686,11,1,1300835,2021,5,18,4,3,2,1,0,0,1,0,0,0,1,0,797680,7924,5830672,293
210685,11,1,1200517,2021,3,19,1,3,0,2,2,0,1,0,0,0,1,1,792601,7101,5828770,457
210684,11,1,1200627,2021,4,18,4,3,2,6,0,0,1,0,0,0,0,0,795969,7,5828703,631
210683,11,4,4500936,2021,3,14,5,3,0,3,0,0,1,0,1,0,0,0,792303,669,5825374,439
210682,11,5,5100314,2021,5,17,3,3,3,6,0,0,1,0,0,0,1,0,785174,216,5829628,195
210681,11,2,2100103,2021,4,16,1,3,2,6,0,0,1,0,0,0,0,0,798688,7846,5826443,916
210680,11,1,1100313,2021,5,7,2,3,5,3,0,0,1,0,0,0,0,1,799981,7286,5826940,108
210679,11,9,9100304,2021,4,9,4,2,1,5,0,1,1,0,0,0,0,0,804865,5379,5822180,672
210678,11,6,6400842,2021,5,19,1,2,3,6,0,0,1,0,1,0,0,0,789613,6836,5820478,853
210677,11,1,1300835,2021,5,18,6,3,5,3,0,1,1,0,0,0,0,0,796984,508,5830180,333
210676,11,1,1100207,2021,4,9,3,3,5,3,0,0,1,0,0,0,0,0,798856,3431,5826771,77
210675,11,1,1400938,2021,4,13,6,3,2,6,0,1,0,0,0,0,0,0,794594,914,5829881,353
210674,11,9,9301126,2021,3,6,4,3,5,3,0,0,1,0,0,0,0,0,810838,3205,5818461,54
210673,11,11,11300620,2021,4,15,2,2,5,3,0,0,1,0,0,0,0,0,804212,2582,5829085,582
210672,11,2,2200209,2021,5,16,3,3,5,7,0,0,1,0,0,0,0,0,797761,5257,5824597,537
210671,11,3,3300411,2021,5,19,6,3,0,1,0,0,1,0,0,0,0,1,803873,1378,5839557,324
210670,11,7,7300618,2021,5,23,3,3,1,5,2,0,1,0,0,0,1,0,794330,2207,5821982,17
210669,11,1,1200517,2021,5,10,5,3,5,7,0,0,1,0,0,0,0,0,793515,9364,5828169,441
210668,11,3,3601141,2021,4,5,6,2,5,2,1,1,1,0,0,0,0,0,799246,3127,5831804,245
210667,11,3,3200308,2021,3,10,4,2,6,2,0,0,1,1,0,0,0,0,799160,2107,5837581,822
210666,11,1,1100206,2021,5,11,3,3,5,3,0,1,1,0,0,0,0,0,797738,3024,5827592,283
210665,11,3,3701660,2021,3,18,2,3,1,5,1,1,1,0,0,0,0,0,800439,5716,5829074,332
210664,11,9,9401329,2021,4,3,4,3,7,7,2,0,0,0,1,0,0,0,814011,5416,5818615,385
210663,11,4,4100101,2021,3,16,5,2,8,1,0,0,0,0,1,0,0,0,793380,7838,5829953,568
210662,11,3,3601449,2021,5,21,2,3,1,5,2,0,1,0,0,0,0,0,801692,91,5830121,6
210661,11,4,4501045,2021,4,20,2,3,5,3,2,0,1,0,0,0,0,0,793478,8413,5824756,3
210660,11,6,6200314,2021,5,8,2,3,1,5,0,1,1,0,0,0,0,0,794715,2898,5818097,505
210659,11,12,12200412,2021,4,18,4,3,5,2,0,1,1,0,0,0,0,0,788665,8742,5833198,299
210658,11,2,2500726,2021,5,7,7,3,5,2,0,0,1,0,0,0,1,0,801868,1959,5828990,971
210657,11,1,1100206,2021,5,22,5,3,5,3,2,0,1,0,0,0,0,0,797738,4514,5827591,403
210656,11,4,4501153,2021,4,10,2,3,5,2,0,1,0,0,0,0,1,0,794093,671,5824092,924
210655,11,8,8200726,2021,4,20,5,3,4,6,2,0,1,0,0,0,0,0,801338,7904,5820019,382
210654,11,7,7100101,2021,4,15,3,3,5,2,0,0,1,0,0,1,0,0,794607,622,5825510,42
210653,11,1,1401049,2021,5,15,4,3,5,2,0,1,1,0,0,0,0,0,795882,7878,5831928,604
210652,11,1,1100205,2021,4,17,3,3,5,3,0,1,1,0,0,0,0,0,797159,215,5826452,686
210651,11,9,9501941,2021,3,7,3,3,2,6,0,0,1,0,1,0,0,0,810887,8495,5821268,891
210650,11,7,7300619,2021,4,12,6,2,0,3,0,1,1,0,0,0,0,0,795875,2336,5822993,678
210649,11,12,12400722,2021,3,14,6,3,5,3,0,0,1,0,0,0,0,0,790879,5397,5839182,398
210648,11,9,9200511,2021,5,19,3,2,3,6,0,0,1,0,1,0,0,1,807289,7978,5822424,288
210647,11,5,5100101,2021,5,13,2,3,0,1,0,1,0,0,0,0,0,0,785333,6841,5833396,333
210646,11,7,7200307,2021,4,14,6,3,2,6,0,0,1,0,1,0,0,0,794964,9204,5824054,56
210645,11,10,10100209,2021,4,17,2,3,5,3,0,1,1,0,0,0,0,0,810010,9645,5832300,158
210644,11,5,5100317,2021,5,22,6,2,6,4,2,0,1,1,0,0,0,0,785502,3541,5828592,297
210643,11,4,4300619,2021,4,17,3,3,2,6,0,0,1,0,0,0,0,0,791702,3155,5827524,136
210642,11,3,3300411,2021,3,13,3,3,6,7,0,0,1,1,0,0,0,0,804184,3156,5838973,412
210641,11,5,5100210,2021,4,12,6,3,5,3,0,1,1,0,0,0,0,0,783977,2623,5830082,41
210640,11,12,12601235,2021,4,9,3,3,5,7,0,0,1,0,0,0,1,0,794743,7568,5835811,825
210639,11,2,2200209,2021,5,18,6,3,1,5,0,0,1,0,0,0,0,0,796928,6953,5823985,285
210638,11,9,9501737,2021,3,15,4,3,2,2,0,1,1,0,0,0,0,0,814210,1481,5821997,471
210637,11,3,3400829,2021,4,18,6,3,2,6,0,1,1,0,0,0,0,0,799671,6944,5832818,828
210636,11,6,6200313,2021,3,11,7,3,2,6,0,1,1,0,0,0,0,1,795169,1472,5818216,855
210635,11,3,3400828,2021,5,18,2,2,5,3,0,1,1,0,0,0,0,0,799731,8901,5832503,607
210634,11,4,4300623,2021,5,12,5,3,6,4,0,0,1,1,0,0,0,1,792144,5823,5826481,474
210633,11,7,7100205,2021,5,13,4,3,5,3,0,0,1,0,0,0,0,0,796166,5526,5825313,327
210632,11,1,1100103,2021,4,22,6,3,5,2,2,0,1,0,0,0,1,0,795418,8692,5825827,7
210631,11,12,12100102,2021,5,12,1,3,5,3,0,0,1,0,0,0,0,0,796297,6875,5833228,963
210630,11,11,11200410,2021,4,17,4,3,5,3,0,1,1,0,0,0,0,0,804935,8343,5831927,764
210629,11,11,11401137,2021,3,14,4,3,0,2,0,1,1,0,0,0,0,0,807105,9107,5825754,11
210628,11,12,12200412,2021,4,15,1,2,5,3,0,1,1,0,0,0,0,0,789846,1393,5833340,272
210627,11,1,1100102,2021,5,13,7,3,1,5,0,1,1,0,0,0,0,0,796167,8003,5826733,968
210626,11,8,8100208,2021,5,10,7,3,5,7,0,0,1,0,0,0,0,0,801532,7246,5822707,815
210625,11,11,11100204,2021,4,7,2,3,6,2,0,0,1,1,0,0,0,0,806911,1095,5832628,248
210624,11,4,4300624,2021,5,21,2,3,1,5,2,0,1,0,0,0,0,0,792784,8947,5826601,347
210623,11,5,5100317,2021,5,8,6,3,5,3,0,0,1,0,0,0,0,0,787090,7813,5828345,623
210622,11,1,1100206,2021,5,8,4,3,5,2,0,1,1,0,0,0,0,0,797205,2731,5827496,998
210621,11,1,1100415,2021,4,18,7,3,5,3,0,1,1,0,0,0,0,0,797694,4832,5829016,599
210620,11,1,1100312,2021,4,9,5,3,1,5,0,1,1,0,0,0,0,0,799667,707,5827114,459
210619,11,2,2400624,2021,5,19,4,3,2,6,1,1,1,0,0,0,0,1,801917,8482,5827099,652
210618,11,7,7400826,2021,4,14,3,3,2,6,0,0,1,0,0,0,0,0,796534,894,5819872,936
210617,11,9,9100305,2021,3,14,2,3,6,4,0,0,1,1,0,0,0,0,804978,3575,5822612,401
210616,11,8,8301036,2021,4,13,5,2,2,6,0,0,1,0,0,0,1,0,803706,4172,5817990,796
210615,11,2,2400623,2021,3,9,5,2,6,4,0,0,0,1,1,0,0,0,800578,3564,5827052,834
210614,11,2,2100106,2021,5,9,3,3,0,4,0,1,0,1,0,0,0,1,799991,4029,5825443,1
210613,11,1,1400940,2021,4,3,1,2,1,5,2,0,1,0,0,0,0,0,795122,4718,5832317,478
210612,11,9,9200717,2021,5,11,2,3,6,7,0,0,1,1,0,0,0,0,809501,696,5819089,949
210611,11,3,3300411,2021,4,7,4,3,5,3,0,1,1,0,0,0,0,0,804039,1861,5838951,363
210610,11,1,1300732,2021,5,11,1,3,0,6,0,0,1,0,1,0,0,0,797268,3287,5832174,751
210609,11,3,3501038,2021,4,10,1,3,4,6,0,1,1,0,0,0,0,0,803476,1819,5832683,7
210608,11,4,4300620,2021,5,11,6,3,1,1,0,1,1,0,0,0,0,0,794088,3629,5827146,693
210607,11,2,2500834,2021,4,11,2,3,5,2,0,1,1,0,0,0,0,0,802157,4383,5826942,178
210606,11,3,3601244,2021,4,18,6,3,6,7,0,1,0,1,0,0,0,1,800187,3399,5831655,755
210605,11,7,7300619,2021,4,12,4,2,5,7,0,0,1,0,0,0,0,0,796052,811,5822853,723
210604,11,8,8100102,2021,5,0,5,3,5,3,2,0,1,0,0,0,0,1,800380,7412,5823330,469
210603,11,6,6300525,2021,4,14,4,3,2,2,0,1,0,0,0,0,1,0,790094,426,5815241,695
210602,11,1,1200520,2021,3,15,3,3,2,2,0,1,1,0,0,0,0,0,794567,6066,5828658,639
210601,11,7,7601544,2021,4,19,7,3,4,6,0,0,1,0,0,0,0,0,798978,1575,5814307,475
210600,11,5,5100316,2021,3,7,7,3,5,7,0,0,1,0,0,0,1,0,784310,417,5828924,89
210599,11,7,7400823,2021,5,21,3,3,5,2,1,0,1,0,0,0,0,1,796917,1111,5822287,268
210598,11,4,4501043,2021,5,18,2,3,0,3,0,1,1,0,0,0,0,0,792646,445,5825180,872
210597,11,2,2500836,2021,4,17,6,3,2,6,0,0,1,0,0,0,0,0,803197,3467,5825808,267
210596,11,1,1200623,2021,5,17,6,3,3,6,0,1,1,0,0,0,0,1,795355,2858,5829461,35
210595,11,8,8100314,2021,4,10,4,3,1,5,0,0,1,0,0,0,0,0,801216,177,5823802,376
210594,11,1,1100416,2021,3,15,2,3,1,5,0,1,0,0,0,0,1,0,798816,6552,5829368,547
210593,11,8,8301036,2021,4,23,5,3,1,5,2,0,1,0,0,0,0,0,803633,8726,5817894,444
210592,11,1,1100207,2021,4,11,3,3,5,2,0,1,1,0,0,0,0,0,798028,9545,5826591,209
210591,11,2,2500835,2021,5,14,6,3,5,2,0,1,1,0,0,0,0,1,803250,8299,5826009,436
210590,11,9,9301025,2021,5,23,6,3,1,5,2,0,1,0,0,0,0,1,811803,1879,5814733,61
210589,11,8,8401241,2021,3,16,3,3,5,2,0,0,1,0,0,0,0,0,804046,9733,5818556,12
210588,11,5,5300737,2021,4,8,2,3,0,2,0,1,1,0,0,0,0,0,787936,3246,5830043,31
210587,11,4,4200310,2021,5,15,2,3,5,2,0,0,1,0,0,0,0,0,789222,1374,5826009,91
210586,11,3,3200308,2021,5,15,5,3,2,2,0,1,1,0,0,0,0,0,799808,1992,5836713,973
210585,11,1,1401044,2021,4,17,3,3,5,3,0,1,1,0,0,0,0,1,796203,5215,5830765,259
210584,11,4,4200311,2021,5,14,4,3,2,6,0,0,1,0,0,0,1,0,790111,7531,5825343,899
210583,11,10,10300731,2021,4,13,3,3,2,6,0,0,1,0,0,0,0,0,809651,8128,5830245,859
210582,11,3,3100102,2021,3,10,2,3,5,2,0,0,1,0,1,0,0,0,804573,491,5841313,946
210581,11,12,12200309,2021,4,18,5,3,2,6,0,0,1,0,0,0,0,0,793300,9093,5832617,591
210580,11,6,6100205,2021,3,0,7,3,5,7,2,0,1,0,0,0,0,0,795462,9563,5819669,253
210579,11,2,2100101,2021,5,13,4,3,2,6,0,0,1,0,0,0,0,0,797863,8747,5825584,128
210578,11,5,5100317,2021,5,16,2,3,4,2,0,1,1,0,0,0,0,0,787662,468,5828015,617
210577,11,12,12601032,2021,4,13,6,3,5,3,0,0,1,0,0,0,0,0,792936,5673,5837545,425
210576,11,12,12100102,2021,4,21,2,3,2,6,2,1,1,0,0,0,0,0,795743,2834,5833133,185
210575,11,8,8401241,2021,5,16,6,3,6,4,0,0,1,1,0,0,0,0,803961,597,5819064,75
210574,11,4,4300623,2021,4,16,4,3,5,2,0,1,0,0,0,0,1,0,792737,17,5826395,65
210573,11,2,2500831,2021,3,10,3,3,5,2,0,1,1,0,0,0,0,0,803045,7907,5826985,973
210572,11,12,12100101,2021,4,17,4,3,5,3,0,0,1,0,0,0,0,0,796391,6412,5832679,726
210571,11,12,12200309,2021,5,9,6,3,0,5,0,0,1,0,0,0,1,1,793235,9022,5832454,835
210570,11,9,9100101,2021,5,21,6,3,5,3,0,0,1,0,0,0,0,0,802083,3078,5825008,762
210569,11,2,2300315,2021,3,18,4,3,5,2,0,1,1,0,0,0,0,0,800366,2415,5825803,936
210568,11,11,11300826,2021,4,7,6,3,7,7,0,1,0,0,0,0,0,0,803817,764,5827191,561
210567,11,2,2200210,2021,3,9,7,3,5,3,0,0,1,0,0,0,1,1,798292,991,5824815,637
210566,11,5,5100317,2021,5,18,2,3,0,1,0,1,0,0,0,0,0,0,787112,8967,5828132,338
210565,11,8,8100521,2021,5,15,6,3,2,6,0,0,1,0,0,0,1,1,802972,5344,5821814,863
210564,11,7,7400826,2021,5,1,4,3,1,7,2,0,1,0,0,0,0,0,796885,6199,5820214,751
210563,11,1,1100206,2021,4,20,6,3,5,3,1,1,1,0,0,0,0,0,797875,927,5827467,61
210562,11,5,5100209,2021,5,21,7,3,5,2,0,0,1,0,0,0,0,0,783702,8617,5830173,49
210561,11,5,5100316,2021,4,18,4,2,9,1,0,0,0,0,1,0,0,1,784934,7103,5829359,492
210560,11,3,3701660,2021,3,13,4,3,6,7,0,1,0,1,0,0,0,0,800435,652,5829516,187
210559,11,5,5300735,2021,4,17,6,3,6,4,0,0,1,1,0,0,0,0,786507,7523,5831466,784
210558,11,5,5100317,2021,4,10,2,2,2,6,0,0,1,0,0,0,0,0,787529,407,5828039,601
210557,11,11,11200410,2021,4,16,2,3,5,3,0,1,1,0,0,0,0,0,805037,174,5832122,788
210556,11,1,1100309,2021,5,11,1,3,1,5,0,1,1,0,0,0,0,1,798993,1595,5828846,541
210555,11,6,6400838,2021,5,15,7,3,5,3,0,1,1,0,0,0,0,0,786423,2763,5818351,422
210554,11,4,4501148,2021,4,13,3,3,0,7,0,0,0,0,0,0,1,0,792810,4942,5823233,29
210553,11,7,7400927,2021,5,11,3,3,5,3,0,0,1,0,0,0,1,0,798627,8785,5820661,229
210552,11,6,6100103,2021,5,20,7,3,2,6,1,0,1,0,0,0,0,0,793026,298,5821527,579
210551,11,1,1200623,2021,5,1,5,3,5,2,2,0,1,0,1,0,0,0,795863,1895,5828935,953
210550,11,9,9301228,2021,4,12,1,2,9,1,0,0,1,0,0,0,0,1,816441,27,5810287,859
210549,11,7,7200307,2021,4,10,5,3,5,3,0,1,1,0,0,0,0,0,794807,6164,5824037,366
210548,11,4,4400835,2021,5,16,5,3,5,3,0,0,1,0,0,0,0,1,793380,5828,5821960,262
210547,11,6,6400839,2021,4,17,3,3,2,7,0,0,0,0,1,0,1,0,788677,962,5819252,59
210546,11,4,4500939,2021,3,23,2,3,3,6,2,0,1,0,0,0,0,0,792440,736,5824095,889
210545,11,10,10200629,2021,4,11,6,3,6,2,0,0,1,1,0,0,0,0,810950,1536,5828191,658
210544,11,8,8200727,2021,3,11,5,3,5,3,0,1,1,0,0,0,0,0,802191,6309,5819276,57
210543,11,8,8401246,2021,5,7,2,3,5,3,0,1,0,0,0,0,1,0,806188,8218,5816650,17
210542,11,1,1300733,2021,4,17,1,3,2,6,0,0,1,0,1,0,0,0,797190,1846,5831917,126
210541,11,6,6100207,2021,5,11,2,3,2,2,0,1,1,0,0,0,0,0,794242,3052,5820272,6
210540,11,3,3400724,2021,4,6,4,2,5,3,0,1,1,0,0,0,0,0,800023,6073,5834674,557
210539,11,7,7601544,2021,5,14,7,3,5,2,0,0,1,0,0,0,0,0,799777,221,5813975,764
210538,11,4,4100102,2021,4,18,7,3,0,6,0,0,1,0,1,0,0,0,791203,482,5829155,589
210537,11,2,2200211,2021,5,12,5,3,1,7,0,0,1,0,0,0,0,0,798554,5671,5824513,745
210536,11,1,1300836,2021,4,12,3,3,0,6,0,1,1,0,0,0,0,0,796474,1266,5829938,145
210535,11,12,12500927,2021,4,12,7,3,0,3,0,1,0,0,0,0,1,0,792794,4076,5836693,198
210534,11,7,7300619,2021,4,1,4,2,1,5,2,1,1,0,0,0,0,0,796009,5244,5822793,464
210533,11,6,6400843,2021,5,12,6,3,6,7,0,0,1,1,0,0,0,0,791566,9191,5820631,349
210532,11,2,2200210,2021,4,22,5,3,0,7,2,1,0,0,0,0,0,1,798216,9787,5825458,16
210531,11,12,12601235,2021,3,11,2,3,2,6,0,0,1,0,0,0,0,0,795713,779,5836429,467
210530,11,6,6300634,2021,4,9,1,3,5,2,0,0,0,0,1,0,1,0,791767,1237,5817838,673
210529,11,5,5100316,2021,3,14,6,2,6,4,0,0,1,1,0,0,0,0,783857,7676,5829096,614
210528,11,10,10400940,2021,5,17,4,3,5,2,0,0,1,0,0,0,1,1,812385,122,5824266,174
210527,11,1,1100206,2021,5,16,3,3,3,6,0,1,0,0,0,0,1,0,797786,9752,5827254,199
210526,11,2,2500727,2021,4,19,6,3,2,6,0,1,1,0,0,0,0,0,802686,985,5828122,1
210525,11,6,6300527,2021,4,16,3,3,6,4,0,0,1,1,0,0,0,0,790716,254,5817905,514
210524,11,3,3601244,2021,3,14,3,3,5,3,0,0,1,0,0,0,0,0,800113,3531,5831694,208
210523,11,1,1100103,2021,4,16,6,3,5,7,0,1,1,0,0,0,0,0,796028,2645,5825596,58
210522,11,1,1401045,2021,5,14,7,3,6,2,0,0,1,1,0,0,0,1,796463,5106,5831924,831
210521,11,3,3300517,2021,5,2,7,1,8,1,2,0,1,0,0,0,0,0,803713,779,5834120,683
210520,11,9,9200715,2021,3,15,4,3,2,6,0,0,1,0,0,0,0,0,808991,7883,5818093,84
210519,11,9,9100306,2021,4,16,2,3,2,2,0,0,1,0,1,0,0,0,805019,534,5820673,16
210518,11,1,1300834,2021,5,18,2,3,2,6,0,0,1,0,0,0,0,0,797971,3904,5830851,769
210517,11,4,4501042,2021,5,15,5,3,5,2,0,0,1,0,1,0,0,0,793967,5306,5826143,208
210516,11,4,4300619,2021,5,20,4,3,0,7,0,0,0,0,1,0,0,0,792376,9613,5827629,68
210515,11,4,4500937,2021,4,16,6,3,0,2,0,1,1,0,0,0,0,0,791019,738,5824863,47
210514,11,8,8100103,2021,4,15,5,3,3,6,0,0,1,0,1,0,0,0,800704,3264,5822907,393
210513,11,10,10100311,2021,5,13,1,3,5,2,0,1,1,0,0,0,0,0,807490,1125,5829152,222
210512,11,3,3601245,2021,5,18,3,3,5,2,0,1,0,0,0,0,0,0,800880,784,5831061,928
210511,11,2,2500833,2021,4,18,4,3,0,1,0,1,0,0,0,0,0,0,802339,75,5827095,172
210510,11,4,4501153,2021,3,13,4,3,5,2,0,1,1,0,0,0,0,0,794027,6652,5824057,516
210509,11,11,11300617,2021,5,14,2,2,6,4,0,0,1,1,0,0,0,0,803149,3056,5829581,299
210508,11,7,7100102,2021,4,19,2,3,2,7,0,1,1,0,0,0,0,0,795090,7289,5825114,548
210507,11,2,2100106,2021,5,15,2,3,5,7,0,0,1,0,1,0,0,0,799968,1088,5825473,111
210506,11,4,4300518,2021,5,11,2,2,5,7,0,1,1,0,0,0,0,0,792089,4329,5827965,3
210505,11,9,9200818,2021,5,18,6,3,1,5,0,1,1,0,0,0,0,1,810495,6761,5820356,262
210504,11,2,2200211,2021,5,7,5,3,6,4,0,0,0,1,0,0,1,0,798324,5812,5824173,567
210503,11,11,11501340,2021,4,7,2,3,3,6,0,1,0,0,0,1,0,0,807347,5202,5825140,76
210502,11,5,5100316,2021,4,7,5,2,0,1,0,0,0,0,1,0,0,0,785000,3635,5829395,381
210501,11,8,8100312,2021,5,15,4,3,3,6,0,0,1,0,0,0,0,0,801446,3402,5823875,745
210500,11,2,2200213,2021,5,19,4,3,2,6,0,1,0,0,0,0,1,0,800153,1657,5825058,227
210499,11,4,4300517,2021,4,15,7,3,0,2,0,1,1,0,0,0,0,0,791705,952,5827845,831
210498,11,4,4501146,2021,5,19,7,3,0,5,0,1,0,0,0,0,1,0,792314,156,5823781,556
210497,11,6,6100208,2021,4,11,5,3,6,4,0,0,1,1,0,0,0,0,794767,8279,5820566,29
210496,11,11,11100204,2021,3,15,4,3,5,2,0,1,0,0,0,0,1,0,806850,4751,5832567,741
210495,11,6,6200423,2021,5,18,1,3,4,6,0,1,1,0,0,0,0,1,793831,7005,5816317,239
210494,11,6,6400736,2021,4,14,1,2,7,7,0,1,0,0,0,0,0,0,786205,4406,5816042,821
210493,11,6,6400840,2021,4,16,2,3,2,6,0,0,1,0,0,0,0,0,788858,8146,5819535,177
210492,11,3,3200206,2021,5,15,2,3,6,7,0,0,1,1,0,0,0,0,798409,5363,5834846,318
210491,11,1,1100103,2021,5,18,7,3,0,5,0,1,1,0,0,0,0,0,796169,4011,5825980,485
210490,11,7,7100101,2021,5,17,3,3,2,6,0,0,1,0,0,0,1,0,794527,4735,5825835,308
210489,11,8,8401139,2021,5,17,6,3,4,5,0,1,1,0,0,0,0,0,803192,2754,5818917,705
210488,11,6,6100207,2021,5,14,4,3,2,6,0,1,1,0,0,0,0,0,794229,6137,5820280,901
210487,11,12,12200411,2021,4,18,1,3,2,6,0,0,1,0,0,1,0,1,793187,3609,5832335,98
210486,11,7,7601546,2021,3,12,4,2,2,6,0,0,1,0,0,0,0,0,798116,2034,5814245,239
210485,11,11,11501340,2021,5,18,5,2,5,3,0,0,1,0,0,0,1,1,808002,1569,5824740,509
210484,11,6,6100205,2021,4,15,3,2,6,4,0,0,1,1,0,0,0,0,795096,379,5819670,725
210483,11,8,8100208,2021,3,12,1,3,6,4,0,1,0,1,0,0,0,0,801626,816,5822565,477
210482,11,8,8200832,2021,4,10,6,3,6,4,0,0,1,1,0,0,0,0,800999,4577,5816277,305
210481,11,2,2200209,2021,3,8,5,3,5,2,0,1,1,0,0,0,0,0,797101,3481,5824481,482
210480,11,4,4501043,2021,5,7,3,2,5,2,0,1,0,0,0,1,0,0,792834,1337,5824344,824
210479,11,5,5100105,2021,5,9,2,3,2,6,0,0,1,0,0,0,1,0,784747,7598,5831111,673
210478,11,4,4300620,2021,4,10,5,3,0,6,0,0,1,0,0,0,1,1,793843,5917,5827013,998
210477,11,7,7100102,2021,5,22,7,3,6,2,2,0,1,1,0,0,0,0,795468,303,5825557,35
210476,11,10,10100205,2021,4,12,7,2,0,6,0,0,1,0,1,0,0,0,807582,69,5831311,494
210475,11,4,4400834,2021,5,13,6,3,5,2,0,1,1,0,0,0,0,0,792603,69,5823006,821
210474,11,10,10300734,2021,4,16,2,3,1,3,0,0,1,0,0,0,0,0,809943,9957,5827056,326
210473,11,2,2100105,2021,4,20,5,3,5,3,2,1,0,0,0,0,1,0,799559,5717,5825858,404
210472,11,5,5100105,2021,5,12,6,3,5,3,0,0,1,0,0,0,0,1,785162,1209,5831166,2
210471,11,4,4200310,2021,4,9,4,3,2,6,0,0,1,0,0,1,0,0,789871,6341,5826226,511
210470,11,7,7601442,2021,3,13,3,3,5,3,0,0,1,0,1,0,0,0,799724,9294,5815167,695
210469,11,9,9501939,2021,4,14,6,3,5,3,0,1,1,0,0,0,0,0,811062,368,5821898,305
210468,11,4,4501153,2021,3,13,6,3,3,6,0,0,1,0,1,0,0,0,794028,9179,5824040,703
210467,11,7,7300517,2021,5,16,3,3,2,6,0,1,1,0,0,0,0,0,794406,384,5822360,137
210466,11,1,1200522,2021,5,22,4,3,5,2,2,1,1,0,0,0,0,0,794572,299,5828352,12
210465,11,6,6100103,2021,4,20,5,3,6,2,2,0,1,1,0,0,0,1,792746,369,5821717,847
210464,11,3,3300413,2021,4,9,5,3,6,4,0,0,1,1,0,0,0,0,803227,4207,5838048,183
210463,11,3,3701556,2021,4,19,3,3,0,6,0,1,1,0,0,0,0,0,799785,1214,5829557,283
210462,11,4,4300416,2021,3,11,3,3,3,6,0,1,1,0,0,0,0,0,791960,73,5826031,317
210461,11,3,3400724,2021,4,17,6,3,5,2,0,1,1,0,0,0,0,0,800024,9774,5834542,705
210460,11,1,1300732,2021,5,15,1,2,0,1,0,0,1,0,1,0,0,1,797314,8624,5832307,139
210459,11,4,4400726,2021,3,14,3,3,3,6,0,0,0,0,1,0,1,0,790725,7001,5824965,319
210458,11,5,5200423,2021,4,7,2,3,5,7,0,0,0,0,1,1,0,0,781984,6157,5828468,785
210457,11,10,10200418,2021,5,14,3,3,2,1,0,1,1,0,0,0,0,0,810964,2229,5830915,731
210456,11,12,12200412,2021,5,16,6,3,2,6,0,0,1,0,0,1,0,1,791561,4305,5834014,732
210455,11,5,5100105,2021,5,11,4,3,1,5,0,1,1,0,0,0,0,0,785043,519,5831879,566
210454,11,4,4200310,2021,5,17,4,3,5,3,0,0,1,0,0,0,0,0,789652,579,5826500,596
210453,11,7,7100102,2021,4,17,6,3,1,5,0,1,1,0,0,0,0,0,795353,5195,5825531,227
210452,11,3,3601244,2021,4,9,5,3,5,3,0,1,1,0,0,0,0,0,800085,3217,5831671,277
210451,11,5,5100314,2021,5,18,3,3,3,6,0,0,1,0,0,0,0,0,785196,7087,5829765,28
210450,11,1,1100310,2021,3,10,1,3,5,2,0,0,1,0,0,0,0,0,799244,971,5828468,804
210449,11,5,5300841,2021,4,9,5,3,6,7,0,0,0,1,0,0,1,0,789549,5489,5829288,376
210448,11,1,1300732,2021,3,17,5,3,5,2,0,1,1,0,0,0,0,0,797411,3538,5832512,327
210447,11,3,3400826,2021,5,7,2,3,6,7,0,0,0,1,0,0,1,0,798644,406,5832754,616
210446,11,1,1300733,2021,4,9,2,3,5,3,0,1,1,0,0,0,0,1,797152,8574,5831854,653