OBJECTID,LAND,BEZ,LOR_ab_2021,UJAHR,UMONAT,USTUNDE,UWOCHENTAG,UKATEGORIE,UART,UTYP1,ULICHTVERH,IstRad,IstPKW,IstFuss,IstKrad,IstGkfz,IstSonstige,USTRZUSTAND,LINREFX,LINREFY,XGCSWGS84,YGCSWGS84
210445,11,12,12500825,2021,5,6,2,3,5,3,0,0,1,0,0,0,0,0,792398,9887,5835229,928
210444,11,5,5100312,2021,4,13,5,2,5,7,0,0,1,0,0,0,0,1,784464,7669,5830880,657
210443,11,4,4200311,2021,5,13,1,3,5,2,0,1,1,0,0,0,0,0,790294,4297,5826007,627
210442,11,8,8200730,2021,5,20,6,2,2,7,0,0,1,0,0,0,0,0,801454,998,5818082,269
210441,11,2,2300316,2021,4,15,2,3,5,3,0,0,0,0,1,0,1,0,801245,4986,5826202,133
210440,11,1,1100415,2021,4,22,5,3,2,7,2,1,1,0,0,0,0,0,798193,9159,5829354,222
210439,11,8,8100312,2021,4,17,3,3,5,3,0,1,1,0,1,0,0,0,801259,2858,5824833,55
210438,11,4,4300414,2021,5,12,4,3,1,5,0,1,1,0,0,0,0,0,791355,9799,5826634,306
210437,11,11,11501238,2021,4,13,3,3,0,2,0,1,1,0,0,0,0,0,804098,6172,5825992,899
210436,11,5,5100316,2021,3,11,3,3,5,2,0,0,1,0,0,0,1,0,784102,6845,5829005,308
210435,11,5,5200633,2021,4,16,5,3,5,2,0,1,1,0,0,0,0,0,783761,7864,5826932,3
210434,11,9,9100407,2021,3,16,6,3,2,2,0,0,1,0,0,0,0,0,805519,9313,5821502,419
210433,11,4,4400728,2021,5,17,3,3,5,3,0,0,1,0,0,0,0,0,789610,2421,5823358,909
210432,11,2,2400625,2021,5,17,4,3,3,6,0,1,1,0,0,0,0,0,801094,223,5826637,1
210431,11,7,7300517,2021,4,15,6,3,6,7,0,0,1,1,0,0,0,0,794355,7701,5822213,594
210430,11,6,6300632,2021,4,8,3,3,5,3,0,1,1,0,0,0,0,0,791543,6516,5817466,664
210429,11,12,12200309,2021,5,11,6,2,6,4,0,0,1,1,0,0,0,0,793326,2949,5832770,154
210428,11,1,1401049,2021,4,9,3,3,5,2,0,1,1,0,0,0,0,0,795878,702,5831961,265
210427,11,1,1300836,2021,3,12,3,2,5,3,0,0,1,0,0,0,0,0,796661,7177,5830361,176
210426,11,1,1200520,2021,4,10,4,3,5,2,0,1,1,0,0,0,0,0,794585,3778,5828435,86
210425,11,12,12500927,2021,4,7,3,3,6,2,0,0,1,1,0,0,0,0,792636,1769,5835828,416
210424,11,5,5100209,2021,5,10,6,3,5,2,0,0,1,0,0,0,0,1,783561,834,5830196,711
210423,11,12,12200515,2021,4,16,4,2,3,6,0,1,0,0,0,0,0,0,789171,9593,5835322,169
210422,11,1,1100310,2021,3,18,3,3,2,6,0,0,1,0,0,0,0,0,799140,942,5828465,348
210421,11,9,9200512,2021,4,17,1,3,5,3,0,0,1,0,1,0,0,0,809343,8583,5821490,412
210420,11,9,9502043,2021,3,1,7,3,9,1,2,0,1,0,0,0,0,0,811363,3094,5822769,213
210419,11,7,7601442,2021,5,15,2,3,1,5,0,1,0,0,0,0,1,0,798600,6482,5814860,203
210418,11,4,4200310,2021,5,9,5,3,5,2,0,1,1,0,0,0,0,0,789870,1354,5826218,139
210417,11,10,10200417,2021,5,19,4,3,5,3,0,1,1,0,0,0,0,0,811313,9615,5831718,315
210416,11,1,1100416,2021,4,14,6,3,2,6,0,0,1,0,0,0,0,0,798161,2878,5829854,623
210415,11,1,1200518,2021,1,14,2,3,6,4,0,0,1,1,0,0,0,1,793377,8003,5828532,281
210414,11,1,1300733,2021,2,16,1,3,5,2,0,1,1,0,0,0,0,0,797163,1137,5831883,339
210413,11,3,3300514,2021,3,0,1,3,8,1,2,0,1,0,0,0,0,0,801614,8219,5836167,289
210412,11,9,9301024,2021,1,12,3,3,0,7,0,0,1,0,0,0,0,0,810137,5056,5815890,396
210411,11,2,2500833,2021,2,13,2,3,2,6,0,0,1,0,0,0,0,2,802748,6808,5826962,893
210410,11,1,1200623,2021,2,17,5,3,2,2,1,0,1,0,0,0,0,0,795471,3704,5829570,434
210409,11,5,5100316,2021,1,12,5,3,2,6,0,0,1,0,0,0,0,0,784498,2462,5828898,495
210408,11,3,3200204,2021,3,12,4,3,5,2,0,1,1,0,0,0,0,0,798057,5053,5837198,717
210407,11,7,7400823,2021,1,16,3,3,5,7,2,1,1,0,0,0,0,1,797333,887,5821876,502
210406,11,11,11200513,2021,1,9,3,3,5,3,0,1,1,0,0,0,0,1,804874,878,5830920,13
210405,11,8,8100314,2021,2,13,3,3,2,6,0,0,1,0,0,0,1,0,801050,7554,5823853,811
210404,11,1,1100312,2021,3,11,2,3,1,5,0,0,1,0,0,0,1,0,799475,5319,5826607,826
210403,11,8,8401245,2021,3,18,3,3,2,2,2,0,1,0,0,0,1,0,806766,612,5815614,745
210402,11,2,2100106,2021,2,12,2,2,2,6,0,0,1,0,0,0,0,1,799987,3088,5825420,943
210401,11,3,3601245,2021,2,17,7,3,0,2,2,1,1,0,0,0,0,0,800292,5455,5831596,42
210400,11,3,3500934,2021,1,16,7,3,5,2,2,0,1,0,0,0,1,1,801311,7324,5831931,585
210399,11,1,1300836,2021,2,6,2,3,5,7,2,1,1,0,0,0,0,1,796369,9621,5830303,188
210398,11,4,4200311,2021,3,7,5,2,5,3,0,1,1,0,0,0,0,0,790469,566,5826712,408
210397,11,4,4501042,2021,2,7,4,3,2,2,0,0,1,0,0,0,0,0,794557,6299,5825993,198
210396,11,2,2200210,2021,1,7,7,3,9,1,0,0,1,0,0,0,0,0,798626,5758,5825098,501
210395,11,3,3500936,2021,3,11,5,3,5,3,0,1,0,0,0,0,1,0,801856,6315,5831369,482
210394,11,7,7400823,2021,3,11,5,2,5,7,0,0,1,0,0,0,0,1,796901,4729,5820709,41
210393,11,6,6200317,2021,3,7,6,3,5,3,0,0,1,0,0,0,0,0,796561,2491,5817637,477
210392,11,11,11200514,2021,2,16,5,3,6,7,0,0,1,1,0,0,0,0,804968,2647,5830057,776
210391,11,2,2500835,2021,1,3,1,3,0,1,2,0,0,0,0,0,1,0,803109,543,5826286,463
210390,11,8,8200726,2021,3,5,3,3,6,4,2,0,0,1,0,0,1,1,801267,5507,5819661,241
210389,11,2,2100101,2021,1,12,3,3,5,7,0,1,1,0,0,0,0,1,797585,931,5825949,119
210388,11,11,11300722,2021,2,6,4,3,6,2,2,0,1,1,0,0,0,1,804237,6751,5828690,52
210387,11,3,3200207,2021,3,15,3,3,2,6,0,0,1,0,0,0,0,0,800108,2264,5836219,19
210386,11,10,10100209,2021,2,13,5,3,6,4,0,0,1,1,0,0,0,2,809561,305,5832151,57
210385,11,11,11300617,2021,2,17,5,3,2,6,0,0,1,0,0,0,1,0,803183,7154,5829596,311
210384,11,8,8200832,2021,1,5,3,3,6,2,2,0,0,1,0,0,1,1,800637,5972,5816188,605
210383,11,6,6300634,2021,3,15,5,3,5,2,0,0,1,0,0,0,0,0,792939,726,5817768,685
210382,11,9,9200715,2021,1,17,6,3,5,3,2,0,1,0,0,0,0,1,808559,981,5818331,457
210381,11,11,11200411,2021,3,14,1,3,5,2,0,0,1,0,0,0,0,0,805717,436,5831376,826
210380,11,10,10400837,2021,3,13,2,3,5,3,0,1,1,0,0,0,0,0,809998,3682,5824357,137
210379,11,3,3200205,2021,1,14,3,2,5,3,0,0,1,0,0,0,0,1,797879,4557,5836017,544
210378,11,12,12500824,2021,1,13,4,2,1,5,0,0,1,0,0,0,0,1,791399,6769,5836556,259
210377,11,1,1300834,2021,2,16,1,3,2,6,0,0,1,0,0,0,0,0,797714,4126,5830668,348
210376,11,3,3500935,2021,3,15,2,3,6,6,0,1,0,1,0,0,0,0,801698,3821,5831372,677
210375,11,2,2400623,2021,1,16,5,3,2,6,0,0,1,0,0,0,0,1,800323,6345,5827720,972
210374,11,3,3601243,2021,3,20,3,2,5,3,2,0,1,0,0,0,0,0,799767,6968,5831418,234
210373,11,4,4501040,2021,1,8,4,3,5,2,0,1,1,0,0,0,0,1,792696,1814,5825474,236
210372,11,9,9100306,2021,2,5,6,3,6,2,2,0,1,1,0,0,0,1,804024,2995,5821201,652
210371,11,6,6300632,2021,3,16,2,2,6,4,0,0,1,1,0,0,0,0,792687,7764,5817352,315
210370,11,3,3400829,2021,1,13,4,3,5,3,0,1,1,0,0,0,0,1,799683,4523,5832692,365
210369,11,10,10400837,2021,3,9,4,3,0,3,0,1,1,0,0,0,0,0,810171,8628,5825516,327
210368,11,11,11401137,2021,2,21,2,2,0,7,2,0,1,0,0,0,0,0,806784,2168,5826590,537
210367,11,9,9200715,2021,1,16,5,3,5,2,1,1,0,0,0,0,1,0,808327,5654,5818866,563
210366,11,2,2500833,2021,1,19,5,3,0,1,2,1,0,0,0,0,0,1,802596,129,5827012,188
210365,11,1,1200623,2021,3,15,6,3,1,5,0,1,0,0,0,0,1,0,795257,4243,5828794,245
210364,11,11,11501339,2021,2,16,2,3,5,3,0,1,1,0,0,0,0,0,806064,5274,5825132,863
210363,11,1,1100206,2021,3,15,3,3,3,6,0,1,1,0,0,0,0,0,798182,1874,5827537,797
210362,11,5,5200629,2021,3,18,5,2,6,4,2,0,0,1,0,0,1,1,784706,1565,5828587,869
210361,11,10,10100311,2021,2,7,3,3,5,2,0,0,1,0,0,0,1,2,806476,6233,5829741,658
210360,11,2,2100102,2021,3,15,3,2,1,5,0,1,1,0,0,0,1,0,798347,7274,5826263,83
210359,11,5,5200423,2021,1,17,7,3,5,2,2,0,1,0,0,0,0,1,780873,7645,5828324,703
210358,11,9,9200715,2021,2,6,5,2,5,3,2,0,1,0,0,0,1,1,808813,7946,5818997,791
210357,11,9,9200511,2021,2,14,5,3,1,5,0,0,1,0,0,0,1,1,806985,6382,5821945,815
210356,11,11,11200512,2021,3,20,7,3,5,2,2,0,1,0,0,0,1,0,802872,9425,5831238,245
210355,11,6,6100205,2021,2,12,4,3,0,2,0,1,1,0,0,0,0,0,795349,9968,5819991,137
210354,11,8,8100206,2021,1,16,6,3,3,6,0,1,1,0,0,0,0,0,800967,334,5823524,697
210353,11,12,12601134,2021,3,13,6,2,6,4,0,0,1,1,0,0,0,0,794068,57,5836543,57
210352,11,3,3200207,2021,1,19,6,2,6,4,2,0,1,1,0,0,0,1,800067,5331,5835822,392
210351,11,5,5100316,2021,3,21,7,3,3,6,2,0,1,0,0,0,0,1,784819,6361,5829070,961
210350,11,12,12601235,2021,3,8,2,3,5,2,0,0,1,0,0,0,1,0,794624,6151,5836268,397
210349,11,7,7601442,2021,2,14,5,3,0,5,0,0,1,0,0,0,0,0,799399,1518,5814365,625
210348,11,4,4501150,2021,1,10,6,3,6,7,0,0,1,1,0,0,0,1,793906,8354,5824030,9
210347,11,8,8300935,2021,1,14,1,3,6,4,0,0,1,1,0,0,0,0,802667,8377,5818093,624
210346,11,12,12601235,2021,3,5,3,2,2,7,2,0,1,0,0,0,1,1,794481,742,5836247,189
210345,11,9,9200510,2021,3,17,4,3,5,2,0,1,1,0,0,0,0,0,806599,8004,5822782,188
210344,11,10,10100205,2021,2,7,3,3,5,3,0,0,1,0,0,0,0,2,808402,4386,5833052,18
210343,11,4,4500939,2021,3,16,3,3,5,3,0,1,1,0,0,0,0,0,792336,2679,5824093,226
210342,11,1,1100308,2021,1,7,6,3,6,4,2,0,1,1,0,0,0,0,796649,434,5829049,899
210341,11,7,7400825,2021,2,14,2,3,6,2,0,0,1,1,0,0,0,2,797809,942,5821044,332
210340,11,3,3701555,2021,2,14,5,3,6,4,0,1,1,1,0,0,0,1,799684,349,5830034,991
210339,11,11,11400930,2021,3,10,7,2,5,3,0,0,1,0,0,0,0,0,805904,2557,5826550,331
210338,11,1,1200623,2021,2,15,4,3,2,6,0,0,1,0,0,0,0,0,795278,4987,5829389,32
210337,11,4,4300623,2021,1,18,7,3,1,5,2,1,1,0,0,0,0,1,792358,992,5826028,905
210336,11,8,8100415,2021,3,17,4,2,5,2,1,0,1,0,0,0,1,0,801998,7026,5823298,5
210335,11,3,3400829,2021,3,16,5,3,5,3,0,0,1,0,0,0,0,1,799768,6003,5832816,962
210334,11,6,6300631,2021,2,16,6,3,5,3,1,1,1,0,0,0,0,1,792324,8704,5816603,275
210333,11,1,1100309,2021,3,21,7,2,5,3,2,1,0,0,0,0,0,1,798126,7,5828963,615
210332,11,8,8200725,2021,2,15,7,3,5,3,0,0,1,0,0,0,0,0,799911,3691,5819067,28
210331,11,8,8401241,2021,1,12,2,3,5,7,0,0,1,0,0,1,0,1,804348,482,5819096,397
210330,11,4,4500938,2021,1,7,2,3,1,5,2,1,1,0,0,0,0,1,791580,9614,5825004,674
210329,11,1,1300733,2021,1,16,3,2,0,2,1,0,1,0,1,0,0,1,797353,4982,5831201,537
210328,11,4,4200207,2021,1,14,5,3,5,2,0,1,0,0,0,0,0,1,788474,5169,5825176,805
210327,11,6,6300526,2021,3,16,3,3,5,3,0,0,1,0,0,0,0,0,788367,992,5817753,792
210326,11,9,9401329,2021,1,12,3,3,5,3,0,1,0,0,0,1,0,1,811548,273,5818933,783
210325,11,7,7300619,2021,2,12,2,3,5,2,0,0,1,0,0,0,0,2,795392,9711,5821007,642
210324,11,2,2100104,2021,2,8,5,3,0,1,0,0,0,0,1,0,0,1,798953,2508,5826344,742
210323,11,7,7400823,2021,1,13,2,3,3,6,0,0,1,0,0,0,0,0,797289,7441,5821226,553
210322,11,10,10400835,2021,3,19,5,3,5,3,2,0,1,0,0,0,0,0,812422,3193,5829384,261
210321,11,2,2400623,2021,1,17,1,3,1,5,2,1,1,0,0,0,0,1,800898,3692,5826940,841
210320,11,4,4501042,2021,3,13,2,3,1,5,0,0,1,0,0,0,0,0,793517,7443,5825549,37
210319,11,8,8200832,2021,1,18,3,3,6,2,2,0,1,1,0,0,0,1,801021,3403,5817079,19
210318,11,6,6200316,2021,1,16,3,3,2,6,1,0,1,0,0,0,0,0,795998,4224,5817704,698
210317,11,4,4400727,2021,2,8,2,3,6,4,0,0,0,1,0,0,1,0,791378,8934,5824265,691
210316,11,1,1100308,2021,3,13,3,3,0,7,0,0,1,0,0,0,1,0,797609,8673,5828365,603
210315,11,12,12200310,2021,3,15,5,3,6,4,0,0,0,1,0,0,1,1,792245,1414,5833320,58
210314,11,1,1300732,2021,1,8,4,3,5,2,0,1,1,0,0,0,0,0,797588,1029,5832768,797
210313,11,1,1200624,2021,2,14,6,3,2,6,0,0,1,0,0,0,1,1,795658,4184,5829732,916
210312,11,7,7601340,2021,3,16,2,3,2,3,0,1,1,0,0,0,0,0,796532,6273,5815645,34
210311,11,4,4300416,2021,1,4,3,3,9,1,2,0,1,0,0,0,0,1,791404,3789,5826085,216
210310,11,4,4400830,2021,3,5,5,3,1,5,2,1,0,0,0,0,1,0,792322,9255,5823123,865
210309,11,8,8401241,2021,2,15,3,3,2,6,0,0,1,0,0,0,0,1,804797,402,5817837,957
210308,11,1,1300836,2021,1,8,5,2,3,6,0,1,0,0,0,0,1,0,796972,8233,5831473,33
210307,11,1,1401045,2021,1,9,5,3,2,6,0,0,1,0,0,1,0,1,796701,7575,5831920,195
210306,11,2,2400521,2021,3,11,5,3,5,2,0,1,1,0,0,0,0,0,801250,9859,5827845,583
210305,11,2,2200209,2021,2,13,2,3,5,2,0,0,1,0,1,0,0,0,796910,6563,5824296,646
210304,11,7,7501134,2021,3,12,4,2,6,4,0,0,1,1,0,0,0,1,799281,6041,5817627,918
210303,11,9,9200715,2021,3,9,5,3,5,2,0,0,1,0,0,0,0,0,808643,3584,5819165,301
210302,11,6,6200313,2021,2,6,4,2,6,2,2,0,1,1,0,0,0,1,795347,9998,5818440,847
210301,11,12,12200412,2021,3,13,2,3,5,7,0,0,1,0,0,0,0,0,788636,8984,5833095,233
210300,11,6,6100102,2021,1,17,5,2,5,2,2,0,1,0,0,0,0,1,793647,6117,5820593,207
210299,11,1,1200518,2021,2,13,5,3,5,2,0,1,1,0,0,0,0,1,793431,4977,5828526,88
210298,11,2,2500833,2021,1,9,5,3,0,1,0,0,0,0,1,0,0,1,802458,29,5827055,745
210297,11,2,2300316,2021,3,17,6,3,5,2,0,1,1,0,0,0,0,0,800700,3395,5826552,211
210296,11,7,7601238,2021,2,7,4,3,2,6,0,0,1,0,0,0,0,0,797680,8939,5817273,162
210295,11,4,4100102,2021,1,16,6,3,0,7,1,1,0,0,0,0,0,1,791127,7118,5829152,424
210294,11,4,4501149,2021,3,13,6,3,5,2,0,1,1,0,0,0,0,0,793465,21,5824499,503
210293,11,8,8100311,2021,1,21,6,3,1,5,2,1,1,0,0,0,0,1,800695,6899,5824359,707
210292,11,3,3400827,2021,3,19,6,2,2,5,2,1,1,0,0,0,0,0,799172,5147,5832457,15
210291,11,8,8100209,2021,2,18,6,3,0,7,2,0,1,0,0,0,0,0,801811,873,5821965,232
210290,11,11,11300721,2021,1,0,7,3,0,1,2,1,0,0,0,0,0,0,805052,6253,5829100,798
210289,11,5,5100209,2021,1,18,2,3,5,2,2,0,1,0,0,0,0,1,783691,3843,5830170,573
210288,11,3,3601142,2021,1,10,3,2,6,4,0,1,0,1,0,0,0,0,798732,9707,5830327,74
210287,11,9,9100407,2021,2,10,6,3,6,4,0,0,1,1,0,0,0,0,805615,9296,5819682,643
210286,11,7,7200409,2021,3,4,1,3,1,1,2,0,1,0,0,0,0,0,795177,864,5824367,973
210285,11,1,1100309,2021,2,13,2,3,2,6,0,0,1,0,0,0,0,2,798068,353,5828936,66
210284,11,4,4500937,2021,2,16,5,3,2,6,0,0,1,0,0,0,0,0,791469,7825,5825060,96
210283,11,5,5200527,2021,1,17,2,1,6,4,2,0,1,1,0,0,0,0,783187,9829,5827502,959
210282,11,1,1401046,2021,3,12,4,3,5,2,0,0,1,0,0,0,0,0,794616,9598,5829881,925
210281,11,4,4300623,2021,1,1,7,3,0,4,2,0,1,1,0,0,0,2,792726,1893,5826122,625
210280,11,12,12400617,2021,2,17,6,2,5,3,2,1,1,0,0,0,0,1,785956,5297,5837001,543
210279,11,2,2400623,2021,1,11,3,3,5,3,0,1,1,0,0,0,0,1,801242,4196,5827686,705
210278,11,4,4300517,2021,1,19,3,3,6,2,2,0,1,1,0,0,0,1,791482,8917,5828283,193
210277,11,4,4300619,2021,2,19,2,3,5,2,2,1,1,0,0,0,0,0,791780,9285,5827465,256
210276,11,4,4501042,2021,3,10,2,2,3,5,0,1,1,0,0,0,0,0,794341,4057,5825624,502
210275,11,4,4300416,2021,3,13,4,3,5,7,0,1,1,0,0,0,0,0,791596,98,5826097,691
210274,11,1,1200522,2021,1,10,3,3,5,3,0,1,1,0,0,0,0,1,794219,46,5828307,448
210273,11,6,6400737,2021,2,13,7,3,0,6,0,1,0,0,0,0,1,0,785418,2688,5818372,444
210272,11,11,11300721,2021,3,17,3,3,0,1,0,0,0,0,1,0,0,0,805165,62,5829789,449
210271,11,1,1100102,2021,1,11,3,3,2,6,0,0,1,0,0,0,1,0,796630,4979,5826687,258
210270,11,1,1400938,2021,2,10,4,3,6,4,0,0,1,1,0,0,0,2,793779,5145,5830452,119
210269,11,8,8100313,2021,2,18,5,3,0,4,1,0,0,1,1,0,0,0,801372,5603,5824763,708
210268,11,7,7601544,2021,1,16,2,3,2,6,0,0,1,0,0,0,0,0,799901,2985,5813192,173
210267,11,2,2200210,2021,3,12,4,3,5,3,0,1,1,1,0,0,0,0,798486,7613,5825222,172
210266,11,5,5100315,2021,3,21,2,2,6,4,2,0,1,1,1,0,0,0,784879,2492,5829539,282
210265,11,6,6300633,2021,1,11,2,2,9,1,0,0,1,0,0,0,0,2,793203,7041,5819646,822
210264,11,1,1401047,2021,1,7,4,3,5,2,2,1,1,0,0,0,0,1,795259,2603,5830462,14
210263,11,9,9100304,2021,2,17,2,3,6,2,1,0,1,1,0,0,0,0,804805,8299,5822374,842
210262,11,4,4200310,2021,3,20,2,3,5,3,2,0,1,0,0,0,1,1,789459,6764,5826669,538
210261,11,2,2400623,2021,3,12,4,3,5,2,0,1,1,0,0,0,0,0,800674,8061,5827572,211
210260,11,3,3701658,2021,2,17,1,3,2,6,2,0,1,0,0,0,0,2,800104,8559,5829686,466
210259,11,11,11300721,2021,2,11,7,3,0,7,0,1,1,0,0,0,1,0,805431,4175,5829110,898
210258,11,1,1300733,2021,1,12,4,3,6,7,0,0,1,1,0,0,0,1,797096,9793,5831730,188
210257,11,12,12500930,2021,2,15,3,3,5,2,0,1,1,0,0,0,0,0,793947,3557,5835309,322
210256,11,5,5200420,2021,2,11,7,3,4,6,0,0,1,0,0,0,1,2,782766,6567,5828174,187
210255,11,9,9401329,2021,1,22,4,3,7,7,2,0,0,0,1,0,0,0,812832,4219,5819345,776
210254,11,12,12200515,2021,3,13,6,3,2,7,0,0,1,0,0,0,0,0,789961,763,5835548,387
210253,11,1,1300835,2021,2,16,2,3,5,2,0,0,1,0,0,0,0,0,797391,3274,5830020,483
210252,11,10,10100313,2021,1,12,5,2,2,6,0,0,1,0,1,0,0,0,808517,3689,5831180,74
210251,11,1,1401044,2021,3,15,4,3,1,1,0,0,1,0,0,0,1,1,796178,8376,5831232,303
210250,11,1,1100310,2021,3,19,5,3,0,1,2,0,0,0,0,0,1,1,798478,96,5828247,781
210249,11,3,3601140,2021,3,9,7,3,5,2,0,1,0,0,0,0,1,0,798517,3773,5831494,439
210248,11,7,7601545,2021,2,20,4,3,0,5,2,0,1,0,0,0,0,0,800566,565,5814129,337
210247,11,12,12500824,2021,3,18,2,3,6,2,2,0,1,1,0,0,0,0,790701,544,5835392,387
210246,11,12,12500928,2021,1,19,5,3,6,4,2,0,1,1,0,0,0,1,792077,8752,5837104,955
210245,11,9,9100101,2021,2,19,4,3,6,2,2,0,1,1,0,0,0,1,802353,5095,5824747,89
210244,11,3,3200310,2021,3,17,6,3,0,4,0,0,1,1,0,0,0,0,799530,4832,5837790,807
210243,11,3,3601453,2021,2,17,7,3,5,2,2,1,1,0,0,0,0,2,802387,823,5828846,5
210242,11,3,3200204,2021,2,15,4,2,5,2,0,1,1,0,0,0,0,0,798049,287,5837195,636
210241,11,12,12100205,2021,1,9,3,3,2,6,0,0,1,0,0,0,0,2,794248,1748,5835451,153
210240,11,8,8100312,2021,3,8,5,3,0,6,0,0,1,0,1,0,0,0,801071,7586,5824917,433
210239,11,9,9100305,2021,2,18,1,3,5,2,2,0,1,0,0,0,1,2,805017,3174,5822704,571
210238,11,11,11100204,2021,3,15,7,3,5,2,0,0,1,0,0,0,0,1,805956,7822,5833709,218
210237,11,6,6200314,2021,1,18,5,3,2,6,2,0,1,0,0,0,0,1,794571,9571,5817705,787
210236,11,8,8100104,2021,1,16,1,3,0,5,2,1,1,0,0,0,0,1,800872,8111,5822467,963
210235,11,8,8100102,2021,2,16,1,2,5,2,0,0,1,0,1,0,0,0,800486,377,5823549,643
210234,11,1,2100104,2021,3,16,2,3,2,7,0,0,1,0,0,0,0,0,799364,8239,5826332,852
210233,11,7,7501031,2021,1,11,4,3,5,3,0,1,0,0,0,1,0,0,799470,617,5820515,232
210232,11,4,4400834,2021,2,18,4,3,6,4,2,0,1,1,0,0,0,2,792669,8231,5823057,32
210231,11,12,12400723,2021,2,12,5,3,5,3,0,0,1,0,0,0,0,0,791698,2701,5839251,104
210230,11,11,11300617,2021,1,18,4,3,5,2,2,1,1,0,0,0,0,0,803090,3371,5829538,646
210229,11,8,8100209,2021,3,7,4,3,2,6,0,0,1,0,0,0,0,0,801743,1908,5822067,88
210228,11,4,4501152,2021,1,14,6,3,5,2,0,1,1,0,0,0,0,0,793976,6113,5824458,417
210227,11,4,4200308,2021,1,13,3,3,2,2,0,0,1,0,0,0,0,2,788491,4479,5827719,59
210226,11,1,1100102,2021,1,19,3,3,0,6,2,0,1,0,1,0,0,1,795072,3777,5827223,179
210225,11,3,3500934,2021,2,15,2,3,5,3,0,0,1,0,0,0,0,0,800502,9514,5831781,198
210224,11,4,4300624,2021,3,18,3,2,5,3,2,1,1,0,0,0,0,0,793257,5868,5826077,906
210223,11,3,3501038,2021,3,17,4,3,1,5,0,1,0,0,0,1,0,0,803167,3237,5831369,699
210222,11,4,4400726,2021,2,17,7,3,6,6,2,0,1,1,0,0,0,2,790233,3152,5824588,42
210221,11,7,7601236,2021,2,21,7,2,6,4,2,0,1,1,0,0,0,0,796567,4106,5816249,672
210220,11,7,7501029,2021,1,18,6,2,6,3,2,0,1,1,0,0,0,1,797367,2653,5819343,935
210219,11,7,7400823,2021,2,16,3,3,6,2,2,0,0,1,1,0,0,1,797289,7079,5821226,116
210218,11,9,9100304,2021,1,11,3,3,6,4,0,1,1,1,0,0,0,1,804601,5042,5822059,646
210217,11,9,9501838,2021,3,17,5,3,2,6,0,0,1,0,0,0,0,0,820165,4117,5819626,72
210216,11,7,7100102,2021,3,7,7,3,8,1,0,0,1,0,0,0,0,0,794961,5168,5825560,45
210215,11,9,9502043,2021,2,14,4,3,5,3,0,1,1,0,0,0,0,0,809220,5463,5823021,8
210214,11,1,1300733,2021,1,23,5,3,9,1,2,0,1,0,0,0,0,1,797021,4522,5831512,53
210213,11,9,9200819,2021,3,7,4,3,5,2,0,1,1,0,0,0,0,0,810778,3393,5818648,881
210212,11,1,1100309,2021,3,15,6,3,1,5,0,1,0,0,0,1,0,0,798670,5822,5828707,183
210211,11,12,12200412,2021,3,6,2,3,2,6,0,0,1,0,0,0,0,0,789784,5522,5833673,884
210210,11,1,1300834,2021,2,18,2,3,2,6,2,0,1,0,0,0,0,2,797437,3871,5831142,679
210209,11,6,6100208,2021,1,11,2,3,5,7,0,0,1,0,0,0,1,2,794767,9487,5820813,1
210208,11,7,7400720,2021,3,14,3,2,5,2,0,0,1,0,0,0,1,0,797207,361,5823599,939
210207,11,4,4300624,2021,1,20,2,3,6,2,2,0,1,1,0,0,0,1,793345,4028,5826090,331
210206,11,7,7601547,2021,2,9,4,2,6,7,0,0,1,1,0,0,0,1,800034,353,5813250,115
210205,11,10,10300734,2021,2,13,6,2,6,4,0,0,1,1,0,0,0,1,809578,4244,5825289,759
210204,11,11,11401137,2021,3,8,2,3,2,6,0,1,1,0,0,0,0,0,806776,4317,5825678,45
210203,11,4,4300622,2021,1,8,4,3,5,2,0,1,1,0,0,0,0,1,793676,862,5826072,268
210202,11,9,9401329,2021,2,11,3,3,1,5,0,0,1,0,0,0,0,1,811788,4997,5818279,506
210201,11,7,7601238,2021,1,9,5,2,2,2,0,0,1,0,0,0,0,0,798522,7335,5816818,134
210200,11,7,7200308,2021,3,16,6,3,0,4,0,1,0,1,0,0,0,0,795143,4031,5823170,735
210199,11,9,9200510,2021,2,17,3,3,6,7,1,1,0,1,0,0,0,0,806447,4401,5822249,315
210198,11,8,8100102,2021,1,14,7,3,1,5,0,0,1,0,0,0,1,1,800516,58,5823437,743
210197,11,4,4400728,2021,3,17,4,2,6,4,0,0,1,1,0,0,0,0,790037,9893,5823780,664
210196,11,8,8100208,2021,3,8,5,3,0,2,0,1,1,0,0,0,0,1,801637,967,5822641,373
210195,11,8,8200726,2021,3,17,1,3,5,2,1,0,1,0,0,0,0,0,802369,622,5819929,247
210194,11,9,9200715,2021,2,11,3,3,5,3,0,0,1,0,0,0,0,1,808100,9629,5818953,636
210193,11,10,10100312,2021,3,15,3,3,5,3,0,1,1,0,0,0,0,0,808498,75,5829508,787
210192,11,7,7100101,2021,1,17,5,3,1,5,2,1,1,0,0,0,0,1,794637,7079,5825746,476
210191,11,3,3400619,2021,2,16,4,3,5,3,0,0,1,0,0,0,0,1,795863,1973,5835596,65
210190,11,9,9501737,2021,3,8,6,3,0,3,0,0,1,0,0,0,0,1,814210,1404,5821999,652