OBJECTID,LAND,BEZ,LOR_ab_2021,UJAHR,UMONAT,USTUNDE,UWOCHENTAG,UKATEGORIE,UART,UTYP1,ULICHTVERH,IstRad,IstPKW,IstFuss,IstKrad,IstGkfz,IstSonstige,USTRZUSTAND,LINREFX,LINREFY,XGCSWGS84,YGCSWGS84
209932,11,7,7400927,2021,1,16,3,3,2,6,1,0,1,0,0,0,1,1,798427,9681,5821047,981
209931,11,1,1100309,2021,1,18,4,3,1,5,2,1,1,0,0,0,0,1,797974,241,5828708,174
209930,11,4,4400830,2021,2,16,2,3,0,7,0,1,0,0,0,0,0,0,792456,353,5823099,367
209929,11,4,7300515,2021,3,19,3,3,2,6,2,0,1,0,0,0,1,0,793401,7597,5822272,651
209928,11,11,11501339,2021,3,18,4,3,0,2,2,0,1,0,1,0,0,0,806360,2016,5825047,834
209927,11,2,2400521,2021,2,20,2,2,6,4,2,0,1,1,0,0,0,2,800735,9064,5828488,342
209926,11,8,8100415,2021,2,14,1,3,2,6,0,0,1,0,0,0,0,0,801483,5111,5823877,875
209925,11,4,4501042,2021,1,15,7,3,2,6,0,0,1,0,0,0,0,0,794414,82,5825875,234
209924,11,6,6300524,2021,2,10,2,3,5,2,0,1,1,0,0,0,0,2,788266,8855,5816714,592
209923,11,7,7100205,2021,1,10,5,3,0,2,0,0,0,0,0,0,1,0,796054,4282,5825342,474
209922,11,6,6400841,2021,3,14,5,3,5,3,0,1,1,0,0,0,0,0,790009,4873,5819156,125
209921,11,9,9300922,2021,3,9,6,2,4,5,0,0,1,0,0,0,0,1,807991,56,5815469,697
209920,11,3,3500934,2021,2,14,4,3,5,3,0,1,1,0,0,0,0,0,801095,7429,5831492,418
209919,11,2,2200211,2021,1,13,6,3,2,6,0,0,1,0,0,0,1,0,797917,925,5824578,66
209918,11,9,9200613,2021,3,16,4,2,1,5,0,1,1,0,0,0,0,0,807334,1011,5821034,796
209917,11,11,11401033,2021,1,0,5,2,0,7,2,0,1,0,0,0,0,1,806922,4417,5827729,16
209916,11,9,9100305,2021,3,5,6,2,5,2,2,0,1,0,0,0,1,1,805014,8883,5822700,789
209915,11,12,12400720,2021,2,9,6,3,5,7,0,0,1,0,0,0,0,0,790090,7795,5840098,831
209914,11,9,9200715,2021,3,11,1,3,2,6,0,0,1,0,0,0,0,1,807685,4364,5818114,884
209913,11,4,4200308,2021,2,14,5,3,3,2,0,0,1,0,0,0,0,0,790576,6992,5827337,965
209912,11,12,12100204,2021,1,7,6,3,5,3,2,0,1,0,0,0,0,1,795471,99,5832482,135
209911,11,8,8401246,2021,3,15,3,3,5,2,0,1,0,0,1,0,0,0,807005,1593,5817444,192
209910,11,8,8100208,2021,1,17,2,3,2,6,2,0,0,0,0,0,1,1,801593,958,5822840,268
209909,11,1,1100308,2021,2,12,4,3,1,5,0,1,1,0,0,0,0,1,797493,8255,5828806,548
209908,11,3,3400724,2021,3,17,6,3,5,3,1,1,1,0,0,0,0,0,800030,6468,5834667,931
209907,11,3,3500934,2021,2,11,5,3,2,6,0,0,1,0,0,1,0,2,801059,9122,5831419,745
209906,11,9,9100409,2021,2,15,5,3,5,3,0,0,1,0,0,0,1,0,807062,2563,5818317,923
209905,11,1,1100207,2021,1,9,3,3,5,3,0,1,1,0,0,0,0,0,798481,8171,5826666,263
209904,11,1,1400942,2021,3,15,5,3,5,3,0,0,1,0,0,0,0,0,794648,3517,5830521,459
209903,11,10,10100104,2021,3,19,7,3,6,4,2,0,1,1,0,0,0,1,810321,1266,5833581,103
209902,11,7,7501029,2021,3,12,2,3,5,2,0,0,1,0,0,0,1,0,797539,533,5819904,582
209901,11,6,6400843,2021,1,18,3,3,6,4,2,0,1,1,0,0,0,1,792010,5294,5820635,54
209900,11,1,1400937,2021,1,14,4,3,5,2,0,0,1,0,0,0,0,0,793963,9515,5832013,577
209899,11,4,4400728,2021,2,10,2,3,5,2,0,1,1,0,0,0,0,0,790684,5371,5822677,51
209898,11,9,9200614,2021,3,19,2,3,5,3,2,1,1,0,0,0,0,1,808381,692,5820893,165
209897,11,1,1100312,2021,3,12,5,3,1,5,0,1,1,0,0,0,0,1,799264,1482,5826920,941
209896,11,12,12200309,2021,1,5,4,3,1,5,2,1,1,0,0,0,0,1,793008,9193,5832673,572
209895,11,10,10200629,2021,2,13,7,3,5,3,0,0,1,0,0,0,0,1,811123,3312,5828405,991
209894,11,10,10200627,2021,2,14,7,2,6,4,0,0,1,1,0,0,0,0,811178,3624,5829839,525
209893,11,12,12500824,2021,1,17,4,3,1,5,2,0,1,0,0,1,0,1,790634,4532,5835709,823
209892,11,3,3400721,2021,3,15,4,3,6,7,0,0,1,1,0,0,0,0,797998,3787,5832663,995
209891,11,12,12200411,2021,2,20,3,3,5,3,2,0,1,0,0,0,0,1,792897,799,5832158,918
209890,11,12,12601235,2021,1,15,4,3,5,2,0,0,1,0,0,0,0,0,795279,5599,5836363,276
209889,11,4,4100101,2021,1,15,4,2,0,7,0,0,1,0,1,0,0,1,790122,5964,5829360,124
209888,11,12,12200309,2021,3,13,6,3,2,6,0,0,1,0,0,0,1,0,792537,7334,5832838,495
209887,11,9,9100306,2021,2,8,3,3,2,6,0,0,1,0,0,0,0,0,804259,3534,5820137,122
209886,11,1,1100310,2021,3,19,4,3,5,7,2,1,1,0,0,0,0,0,798950,7953,5827814,98
209885,11,11,11300722,2021,3,20,5,2,5,3,2,0,1,0,0,0,1,1,803421,518,5828617,527
209884,11,3,3601450,2021,2,6,5,3,3,6,2,0,1,0,0,0,0,1,801920,879,5829797,985
209883,11,12,12200412,2021,3,15,3,3,6,2,0,0,1,1,0,0,0,0,790717,5594,5834501,27
209882,11,9,9501941,2021,1,12,6,3,2,2,0,0,1,0,0,0,0,1,812063,2022,5821198,31
209881,11,2,2500831,2021,2,18,3,3,5,2,2,0,1,0,1,0,0,1,802857,7406,5827211,39
209880,11,11,11400929,2021,3,18,7,3,5,3,1,0,1,0,0,0,0,0,804591,784,5826374,121
209879,11,11,11200515,2021,2,7,4,3,5,3,0,1,1,0,0,0,0,0,806173,8157,5830411,628
209878,11,4,4500936,2021,1,16,6,3,5,3,1,0,1,0,0,0,0,0,792297,4459,5825381,9
209877,11,8,8100104,2021,3,8,5,1,5,2,0,1,0,0,0,1,0,0,800270,9511,5822151,402
209876,11,8,8100314,2021,3,17,7,3,6,2,1,0,1,1,0,0,0,1,800330,662,5824358,379
209875,11,3,3100101,2021,3,9,2,3,5,3,0,0,1,0,0,1,0,0,800420,952,5841151,586
209874,11,11,11100204,2021,2,14,7,3,6,4,0,0,1,1,0,0,0,0,806299,855,5833624,487
209873,11,10,10100312,2021,1,4,1,3,9,1,2,0,1,0,0,0,0,0,807932,828,5829216,76
209872,11,9,9100101,2021,1,17,3,3,5,2,2,1,0,0,0,0,1,1,802345,114,5824755,558
209871,11,6,6300633,2021,1,14,4,2,6,4,0,0,1,1,0,0,0,0,793207,8349,5819560,8
209870,11,2,2500833,2021,2,13,7,2,2,7,0,0,1,0,1,0,0,0,802473,2408,5827070,801
209869,11,1,1100415,2021,3,17,3,2,2,7,0,0,1,0,1,0,0,0,798379,694,5829258,542
209868,11,3,3500936,2021,1,13,3,1,6,4,0,0,0,1,0,0,1,0,802767,808,5831682,561
209867,11,4,4500936,2021,2,18,4,3,3,6,2,0,1,0,0,0,0,2,792150,8769,5825666,596
209866,11,1,1200624,2021,2,19,5,3,5,2,2,1,1,0,0,0,0,0,795668,661,5829732,691
209865,11,7,7200410,2021,1,10,1,3,5,3,0,0,1,0,0,0,1,1,795620,631,5823736,816
209864,11,1,1300730,2021,3,8,4,2,6,2,0,0,1,1,0,0,0,0,796162,943,5832263,235
209863,11,1,1400939,2021,1,10,1,3,0,1,0,0,0,0,1,0,0,2,794722,7823,5831522,679
209862,11,3,3501038,2021,1,12,2,3,5,7,0,1,1,0,0,0,0,2,803858,1195,5832990,423
209861,11,4,4300621,2021,1,20,3,3,5,7,2,0,1,0,0,0,0,1,792749,6039,5826895,31
209860,11,2,2100106,2021,3,17,4,3,5,2,0,0,1,0,1,0,0,1,799068,3744,5825601,886
209859,11,5,5200420,2021,3,8,6,3,5,3,0,0,1,0,0,0,1,1,782235,2861,5827622,682
209858,11,2,2100106,2021,3,7,2,3,5,2,0,0,0,0,1,0,1,0,799880,24,5825707,995
209857,11,3,3300516,2021,2,14,7,3,5,3,0,0,1,0,0,0,0,0,801107,4057,5834310,415
209856,11,8,8100104,2021,1,19,2,3,5,7,2,1,1,0,0,0,0,1,800259,9682,5822215,766
209855,11,6,6100205,2021,1,10,2,3,6,7,0,0,1,1,0,0,0,0,795527,759,5819700,342
209854,11,12,12601134,2021,2,22,4,3,8,1,2,0,1,0,0,0,0,1,794727,2133,5836859,869
209853,11,8,8300934,2021,3,15,3,3,2,6,0,0,1,0,0,0,1,0,802740,99,5818148,804
209852,11,5,5300840,2021,2,17,5,2,5,2,2,0,1,0,0,0,0,2,789207,7954,5829280,507
209851,11,9,9200510,2021,2,6,5,3,3,6,0,1,1,0,0,0,0,0,806206,8358,5823250,693
209850,11,2,2100102,2021,1,18,2,2,1,5,2,1,1,0,0,0,0,0,797685,9538,5826425,97
209849,11,2,2200213,2021,3,18,5,3,1,5,2,1,1,0,0,0,0,0,799803,7392,5824995,849
209848,11,3,3300411,2021,1,15,6,2,6,4,0,0,1,1,0,0,0,0,803288,449,5839660,621
209847,11,7,7100102,2021,3,19,2,3,6,2,1,0,1,1,0,0,0,1,794966,3087,5825196,659
209846,11,6,6200422,2021,2,18,6,3,6,2,2,0,1,1,0,0,0,2,794205,2732,5817193,386
209845,11,6,6300633,2021,3,17,2,3,5,3,0,0,1,0,1,0,0,0,793251,911,5818490,33
209844,11,9,9100304,2021,1,21,2,3,5,3,2,1,1,0,0,0,0,1,804874,4542,5822500,518
209843,11,4,4501153,2021,1,11,4,3,6,4,0,0,1,1,0,0,0,1,794209,2588,5823431,37
209842,11,1,1300733,2021,2,17,2,3,5,2,0,1,1,0,0,0,0,0,797706,2683,5831844,91
209841,11,2,2500833,2021,3,18,3,3,6,7,2,1,0,1,0,0,0,0,802522,335,5827286,117
209840,11,2,2300417,2021,3,12,4,3,5,3,0,1,1,0,0,0,0,0,800490,334,5825756,97
209839,11,11,11100102,2021,1,7,5,2,2,7,2,0,1,0,0,0,0,1,807352,7932,5834153,805
209838,11,9,9200510,2021,2,16,2,3,6,4,1,1,0,1,0,0,0,1,806234,7741,5823214,47
209837,11,10,10400835,2021,2,8,7,3,1,5,0,0,1,0,0,0,0,0,812003,9197,5829489,117
209836,11,7,7100204,2021,1,16,3,3,6,4,2,0,0,1,0,0,1,0,795240,4312,5824482,163
209835,11,11,11300619,2021,3,9,4,3,2,6,0,0,1,0,0,0,0,0,803834,4415,5828685,44
209834,11,8,8100104,2021,2,17,3,2,2,6,2,1,0,0,0,0,1,1,800761,506,5822757,347
209833,11,11,11501340,2021,2,13,6,3,5,3,0,0,1,0,0,0,0,0,807680,7844,5824546,55
209832,11,12,12400722,2021,1,6,5,2,4,6,2,0,1,0,0,1,0,1,790619,1055,5837357,64
209831,11,2,2400623,2021,1,6,5,2,5,3,2,1,0,0,0,0,1,2,800367,4148,5827193,34
209830,11,1,1300834,2021,3,20,4,3,5,2,2,0,1,0,0,0,0,0,797507,2937,5831024,317
209829,11,5,5100208,2021,2,7,2,3,0,1,0,0,0,0,1,0,0,1,782015,3752,5830192,6
209828,11,2,2100104,2021,3,11,4,3,5,2,0,1,1,0,0,0,0,0,799222,3755,5825981,783
209827,11,7,7400826,2021,3,15,5,3,5,3,0,0,1,0,1,0,0,0,796693,1286,5820021,25
209826,11,12,12400722,2021,2,7,5,2,1,5,0,0,1,0,0,0,0,1,791140,4889,5838828,639
209825,11,1,1100205,2021,3,20,3,3,5,2,2,1,1,0,0,0,0,0,797250,1496,5827363,761
209824,11,3,3500934,2021,1,17,5,3,5,3,2,0,1,0,0,0,0,1,801068,9248,5831437,698
209823,11,2,2300419,2021,2,8,4,3,5,3,0,1,1,0,0,0,0,1,801622,6327,5825918,286
209822,11,2,2500835,2021,2,5,5,3,0,6,0,1,0,0,0,0,1,0,803036,4957,5825809,281
209821,11,8,8300934,2021,3,11,6,3,0,2,0,0,1,0,0,0,1,0,802715,9069,5818129,956
209820,11,4,4300619,2021,2,14,4,2,5,3,0,0,1,0,1,0,0,0,792768,424,5827045,479
209819,11,3,3400826,2021,1,11,6,3,5,3,0,1,1,0,0,0,0,0,798673,4632,5832491,965
209818,11,11,11501339,2021,3,17,6,3,1,5,0,1,1,0,0,0,0,0,807176,7624,5824337,309
209817,11,8,8100520,2021,3,20,7,2,5,2,2,0,1,0,0,0,0,1,803188,623,5822721,162
209816,11,3,3300517,2021,3,13,2,3,5,3,0,0,1,0,0,0,0,0,802889,489,5833531,368
209815,11,12,12100205,2021,2,16,7,3,0,7,0,0,1,0,1,0,0,0,793558,2126,5832501,849
209814,11,9,9100101,2021,1,7,5,3,5,3,0,1,1,0,0,0,0,1,802352,1958,5824761,8
209813,11,11,11100102,2021,1,11,1,3,5,2,0,1,1,0,0,0,0,0,809245,205,5834482,632
209812,11,12,12500825,2021,1,12,3,3,5,3,0,0,1,0,1,0,0,1,791275,2142,5834931,873
209811,11,10,10100104,2021,2,10,7,3,6,7,0,0,1,1,0,0,0,0,810194,4194,5833731,28
209810,11,7,7601442,2021,3,21,1,3,5,2,2,0,1,0,0,0,0,1,799261,7874,5816265,807
209809,11,8,8100520,2021,1,17,3,3,0,3,2,0,1,0,1,0,0,1,803098,665,5822634,835
209808,11,12,12500824,2021,2,11,2,3,8,1,0,0,1,0,0,0,0,2,790188,7625,5835894,271
209807,11,8,8100206,2021,2,17,6,3,1,5,0,1,1,0,0,0,0,0,800353,7642,5824229,73
209806,11,10,10300732,2021,1,3,1,3,1,5,2,0,1,0,0,1,0,1,809783,9055,5827918,238
209805,11,9,9501939,2021,3,15,4,3,5,2,0,1,1,0,0,0,0,0,809638,3683,5821500,289
209804,11,8,8100415,2021,1,6,6,3,6,2,2,0,1,1,0,0,0,0,802030,332,5823470,808
209803,11,8,8200726,2021,1,8,3,3,5,3,0,0,1,0,0,0,1,1,801412,9292,5820221,245
209802,11,1,1100103,2021,1,18,3,3,1,5,2,1,1,0,0,0,0,1,795950,9984,5825626,761
209801,11,3,3400620,2021,2,9,2,3,5,3,0,1,1,0,0,0,0,0,796683,2119,5833998,241
209800,11,4,4500936,2021,3,17,2,3,1,5,0,1,1,0,0,0,0,1,792080,1076,5825523,956
209799,11,6,6200423,2021,3,9,4,3,5,2,0,1,0,0,0,1,0,0,793383,4496,5816240,135
209798,11,3,3400721,2021,2,8,2,3,2,7,0,0,1,0,0,0,0,1,798238,8635,5833057,416
209797,11,12,12601133,2021,3,10,2,3,2,6,0,1,0,0,0,0,1,0,795264,2936,5836954,449
209796,11,4,4400835,2021,1,16,4,3,5,2,1,1,1,0,0,0,0,1,792827,8783,5821866,143
209795,11,8,8200727,2021,2,13,2,3,0,4,0,1,0,1,0,0,0,2,802656,404,5819649,116
209794,11,12,12100205,2021,2,13,7,3,3,5,0,0,1,0,0,1,0,2,794539,3769,5833091,1
209793,11,7,7300619,2021,1,15,5,3,6,7,0,1,0,1,0,0,0,0,795861,706,5821238,199
209792,11,5,5300737,2021,3,16,6,3,0,3,0,1,0,0,1,0,0,0,787958,5016,5829368,943
209791,11,12,12200309,2021,2,14,3,3,2,4,0,0,1,1,0,0,0,0,793274,572,5832569,638
209790,11,8,8100105,2021,1,16,5,3,0,6,1,0,1,0,0,0,1,0,800983,3279,5822152,235
209789,11,8,8100311,2021,3,17,4,2,5,3,0,1,1,0,0,0,0,0,800501,8017,5824565,35
209788,11,1,1300733,2021,3,22,5,2,1,5,2,0,1,0,0,0,0,1,797470,2648,5831863,767
209787,11,1,7100101,2021,3,15,7,3,5,3,0,1,1,0,0,0,0,0,794697,636,5826029,899
209786,11,4,4100101,2021,2,18,1,3,5,2,2,0,1,0,0,0,0,0,793352,5708,5829680,314
209785,11,12,12601235,2021,3,15,3,2,4,3,0,0,1,0,0,0,0,1,795466,66,5836393,137
209784,11,4,4200308,2021,3,14,5,3,2,6,0,0,1,0,0,0,1,1,788212,8887,5827804,684
209783,11,3,3500933,2021,2,12,1,3,5,3,0,0,1,0,0,0,0,0,802407,9844,5832561,754
209782,11,1,1100310,2021,2,5,1,3,5,3,1,0,0,0,0,0,1,0,799498,19,5828344,449
209781,11,3,3501037,2021,1,10,3,3,5,3,0,1,1,0,0,0,0,1,802447,6618,5832659,497
209780,11,3,3400828,2021,3,7,5,3,0,3,0,1,1,0,0,0,0,0,799708,7858,5832505,765
209779,11,8,8301037,2021,2,15,3,3,2,6,0,0,1,0,0,0,1,0,804160,448,5817808,675
209778,11,8,8200726,2021,2,19,6,3,2,6,2,0,1,0,0,0,0,1,801548,5587,5820595,586
209777,11,4,4300413,2021,1,17,5,3,5,3,2,1,1,0,0,0,0,0,790897,3419,5826980,872
209776,11,4,4501045,2021,3,12,6,3,2,6,0,0,1,0,0,0,0,0,793777,9205,5824924,944
209775,11,8,8200831,2021,2,11,3,3,6,7,0,0,0,1,0,0,1,0,800433,7106,5816333,48
209774,11,11,11400931,2021,3,17,3,3,3,6,0,0,1,0,0,0,0,0,806636,2651,5827235,96
209773,11,2,2200210,2021,3,12,5,3,2,7,0,0,1,0,0,0,0,1,798902,1072,5825239,753
209772,11,2,2500834,2021,2,12,4,3,5,2,0,0,1,0,0,0,0,1,802289,696,5826856,145
209771,11,5,5200629,2021,3,13,3,3,0,6,0,0,0,0,0,0,1,0,784757,4011,5828665,334
209770,11,2,2400623,2021,1,15,6,3,5,2,2,1,1,0,0,0,0,1,800314,1951,5827616,993
209769,11,7,7601442,2021,2,17,4,2,6,2,2,0,1,1,0,0,0,1,798696,5244,5816020,967
209768,11,4,4300623,2021,3,11,7,3,5,3,0,1,1,0,0,0,0,0,792720,6783,5826271,546
209767,11,1,1300836,2021,2,10,5,3,6,4,0,0,1,1,0,0,0,0,796526,5736,5830338,701
209766,11,10,10300731,2021,1,10,6,3,5,7,0,0,1,0,0,0,1,1,809565,237,5829276,697
209765,11,3,3601245,2021,3,10,5,3,5,3,0,0,1,0,0,0,0,0,800769,4836,5831326,247
209764,11,5,5300737,2021,3,17,2,3,2,6,0,0,1,0,0,0,0,1,787488,3679,5829885,761
209763,11,1,1100103,2021,2,15,6,3,2,2,0,0,1,0,0,0,0,1,795415,4341,5825816,393
209762,11,7,7100103,2021,1,3,1,3,9,1,2,0,1,0,0,0,0,0,795847,3407,5825426,849
209761,11,7,7501134,2021,1,13,2,3,5,2,0,1,1,0,0,0,0,1,799028,2926,5818839,103
209760,11,5,5100211,2021,2,15,6,3,5,2,0,1,1,0,0,0,0,0,783239,137,5830270,913
209759,11,5,5200528,2021,3,6,1,3,6,2,0,0,1,1,0,0,0,0,783363,9879,5826756,427
209758,11,9,9200613,2021,1,13,3,3,0,7,0,0,0,0,0,1,0,0,805733,9173,5821774,457
209757,11,7,7601442,2021,2,19,4,3,6,2,2,0,1,1,0,0,0,2,799248,8383,5816259,603
209756,11,5,5100315,2021,2,10,5,3,6,7,0,0,0,1,0,0,1,0,784710,2128,5830104,941
209755,11,4,4300623,2021,1,11,3,3,0,4,0,0,1,1,0,0,0,0,792147,3173,5826470,281
209754,11,3,3601244,2021,3,6,4,3,0,3,0,0,1,0,0,0,0,0,800106,2409,5831699,23
209753,11,6,6400838,2021,1,12,7,3,2,6,0,0,1,0,0,0,0,2,788736,1522,5820202,292
209752,11,8,8100207,2021,1,16,3,3,0,2,1,1,1,0,0,0,0,1,801456,9391,5823237,761
209751,11,8,8200832,2021,1,7,4,3,6,2,2,0,0,1,0,0,1,1,800300,305,5816744,15
209750,11,7,7400720,2021,2,7,2,3,6,4,0,0,1,1,0,0,0,0,797207,3519,5823662,118
209749,11,1,1100103,2021,3,6,3,3,2,6,0,0,1,0,0,0,0,0,795313,3411,5826122,174
209748,11,1,1100103,2021,3,15,4,3,1,5,0,1,1,0,0,0,0,0,795219,2462,5825877,864
209747,11,4,4501045,2021,2,9,7,3,5,3,0,0,1,0,0,0,1,1,793702,7567,5824889,362
209746,11,6,6100204,2021,2,2,7,2,9,1,2,0,1,0,0,0,0,0,795419,7009,5820401,443
209745,11,12,12200309,2021,1,16,5,3,2,6,2,0,1,0,1,0,0,1,793458,242,5832438,935
209744,11,2,2100101,2021,2,11,3,3,1,5,0,1,1,0,0,0,0,1,797846,156,5825728,998
209743,11,3,3601450,2021,1,13,4,3,0,2,0,1,1,0,0,0,0,1,802028,398,5829641,142
209742,11,9,9300922,2021,3,8,5,2,5,3,0,0,1,0,0,0,0,0,808183,3962,5815760,537
209741,11,4,4300621,2021,3,16,7,2,0,7,0,1,0,0,0,0,0,0,792749,817,5826948,245
209740,11,11,11200513,2021,2,9,5,3,5,2,0,1,1,0,0,0,0,0,804651,6174,5831122,254
209739,11,8,8401246,2021,1,19,6,3,2,2,2,1,1,0,0,0,0,0,806252,6903,5816381,531
209738,11,1,1100310,2021,3,8,4,3,5,2,0,1,1,0,0,0,0,0,799520,4515,5827576,339
209737,11,3,3100102,2021,3,15,5,3,2,6,0,0,1,0,0,0,1,1,804820,219,5841401,754
209736,11,1,1100416,2021,3,10,2,3,5,2,0,1,1,0,0,0,0,0,798236,8778,5829639,627
209735,11,12,12200412,2021,2,15,3,3,2,6,0,0,1,0,0,0,0,1,790713,6828,5834288,247
209734,11,2,2300315,2021,1,1,1,3,5,2,2,1,1,0,0,0,0,0,800439,8276,5825768,848
209733,11,9,9300922,2021,3,10,3,2,6,4,0,0,1,1,0,0,0,0,807795,7625,5815891,717
209732,11,6,6300524,2021,1,11,2,3,5,3,0,0,1,0,1,0,0,1,789089,7571,5817206,494
209731,11,2,2300315,2021,2,8,4,3,0,1,0,0,0,0,1,0,0,1,800999,7732,5825898,57
209730,11,3,3200310,2021,3,9,6,3,5,3,0,1,1,0,0,0,0,0,799648,6775,5837836,127
209729,11,8,8100206,2021,2,12,4,3,2,6,0,0,1,0,0,0,1,1,800356,3648,5824307,212
209728,11,5,5200422,2021,2,8,6,3,5,3,0,0,1,0,0,0,0,1,780098,9814,5828715,71
209727,11,12,12200412,2021,1,9,2,3,6,4,0,0,1,1,0,0,0,1,789703,626,5833671,205
209726,11,10,10400941,2021,3,9,5,3,5,3,0,0,1,0,0,0,0,0,813897,9818,5825571,279
209725,11,3,3601245,2021,3,14,6,3,0,3,0,0,1,0,0,0,1,0,800488,5264,5831485,796
209724,11,7,7400823,2021,3,11,2,3,3,6,0,0,1,0,0,0,0,0,797282,2648,5821117,838
209723,11,4,4501152,2021,1,17,2,2,5,3,2,1,1,0,0,0,0,1,793976,301,5824703,998
209722,11,6,6400737,2021,1,14,4,2,6,4,0,1,0,1,0,0,0,0,785395,48,5817640,677
209721,11,4,4200309,2021,2,16,2,3,5,2,0,0,1,0,0,0,0,0,788991,2547,5826717,527
209720,11,12,12601235,2021,2,6,3,3,2,6,1,0,1,0,0,0,1,1,795253,488,5836361,584
209719,11,7,7400721,2021,3,16,3,3,2,6,1,1,0,0,0,0,0,0,798754,3266,5823945,35
209718,11,12,12200308,2021,1,13,5,3,5,3,0,0,1,0,0,0,0,1,792855,1598,5833651,921
209717,11,8,8100417,2021,2,15,4,3,1,5,0,0,1,0,0,0,0,1,801842,7619,5822693,185
209716,11,5,5200420,2021,3,7,6,3,5,2,0,1,1,0,0,0,0,0,783439,13,5828262,684
209715,11,8,8100209,2021,2,7,4,3,5,2,0,1,1,0,0,0,0,0,801751,1856,5822053,599
209714,11,2,2200210,2021,1,9,3,3,0,6,0,0,0,0,1,0,1,1,798894,7555,5825094,57
209713,11,9,9401534,2021,3,13,6,3,5,3,0,1,0,0,0,1,0,1,810882,4842,5820325,394
209712,11,3,3500932,2021,3,9,7,3,5,2,0,0,1,0,0,0,0,1,802070,1123,5832773,356
209711,11,9,9100304,2021,3,8,2,2,5,2,0,0,1,0,1,0,0,0,804817,8778,5822548,507
209710,11,12,12200412,2021,1,7,5,3,1,5,2,0,0,0,0,0,1,1,788619,3377,5833032,771
209709,11,4,4400831,2021,1,11,1,3,3,6,0,1,1,0,0,0,0,1,790897,8661,5822651,638
209708,11,10,10300732,2021,2,9,2,3,2,6,0,0,1,0,0,0,0,0,809657,6285,5827937,746
209707,11,12,12400721,2021,3,11,2,3,2,6,0,0,1,0,0,0,0,0,790148,1253,5842633,22
209706,11,9,9100408,2021,1,8,4,3,5,3,0,1,1,0,0,0,0,1,806472,1972,5820681,444
209705,11,6,6200421,2021,2,12,3,3,3,6,0,0,1,0,0,0,0,2,793165,357,5817673,243
209704,11,6,6400737,2021,2,17,5,3,5,2,1,1,1,0,0,0,0,0,785009,884,5817562,17
209703,11,5,5400943,2021,1,16,3,2,9,1,2,0,1,0,0,0,0,1,779668,8534,5821369,593
209702,11,6,6100209,2021,3,7,4,3,4,2,0,1,1,0,0,0,0,0,794411,928,5821494,615
209701,11,2,2300417,2021,1,9,7,3,2,3,0,1,1,0,0,0,0,2,800118,181,5825729,461
209700,11,8,8200623,2021,1,17,3,3,6,2,2,0,1,1,0,0,0,1,802699,584,5820776,2
209699,11,3,3701657,2021,1,9,3,3,5,3,0,0,1,0,0,0,0,1,800331,4341,5830180,678
209698,11,6,6200312,2021,2,17,3,3,0,1,2,1,0,0,0,0,0,0,794952,6539,5819243,755
209697,11,4,4501148,2021,3,6,2,2,6,7,1,1,0,1,0,0,0,0,793339,4519,5823207,254
209696,11,11,11501340,2021,3,16,4,3,5,2,0,1,1,0,0,0,0,0,807248,7778,5824232,342
209695,11,7,7601340,2021,2,10,7,3,3,6,0,0,1,0,0,0,0,0,796633,5302,5815845,459
209694,11,9,9200715,2021,2,7,1,3,8,1,1,0,1,0,0,0,0,0,808883,396,5818088,567
209693,11,8,8300935,2021,1,18,7,3,5,3,2,0,1,0,0,0,0,0,802385,4775,5817888,113
209692,11,8,8401243,2021,2,15,2,3,5,3,0,1,1,0,0,0,0,0,805314,382,5817774,2
209691,11,11,11300725,2021,3,11,6,3,5,2,0,1,0,0,0,0,1,0,805207,941,5828190,626
209690,11,6,6300634,2021,2,11,5,3,2,6,0,0,1,0,0,0,0,0,792349,9172,5818511,391
209689,11,2,2500831,2021,1,14,7,3,0,1,0,0,0,0,1,0,0,1,802858,6437,5827210,87
209688,11,9,9200715,2021,3,13,5,3,2,6,0,0,1,0,0,0,0,0,809062,306,5818757,131
209687,11,4,4300413,2021,3,10,5,3,0,4,0,0,1,1,0,0,0,1,790849,909,5827169,264
209686,11,9,9100304,2021,3,9,7,2,5,2,0,0,1,0,0,1,0,0,804392,6132,5821739,478
209685,11,8,8300935,2021,2,14,6,3,5,2,0,0,1,0,0,0,0,0,802291,7958,5817835,76
209684,11,1,1100206,2021,1,12,6,3,5,2,0,0,1,0,0,0,0,1,797500,623,5827750,773
209683,11,6,6300632,2021,3,15,3,2,6,4,0,0,1,1,0,0,0,0,792743,6381,5817441,547
209682,11,10,10300733,2021,1,17,2,3,5,3,2,1,1,0,0,0,0,1,809226,2155,5827221,914
209681,11,7,7601341,2021,2,7,4,2,5,2,1,0,1,0,0,0,0,1,797604,6432,5815567,462
209680,11,11,11300618,2021,3,12,3,3,5,2,0,1,1,0,0,0,0,0,802392,3577,5829034,957
209679,11,2,2100101,2021,2,17,2,3,2,6,2,0,1,0,0,0,0,2,797775,848,5826012,362
209678,11,12,12100205,2021,2,17,5,3,5,3,1,0,1,0,0,0,0,1,794545,57,5833236,328
209677,11,6,6400844,2021,2,15,6,3,5,3,0,0,1,0,0,0,0,0,790383,9,5820847,656
209676,11,7,7400824,2021,1,6,3,2,6,2,2,0,1,1,0,0,0,0,797847,8894,5821927,196