OBJECTID,LAND,BEZ,LOR_ab_2021,UJAHR,UMONAT,USTUNDE,UWOCHENTAG,UKATEGORIE,UART,UTYP1,ULICHTVERH,IstRad,IstPKW,IstFuss,IstKrad,IstGkfz,IstSonstige,USTRZUSTAND,LINREFX,LINREFY,XGCSWGS84,YGCSWGS84
209675,11,7,7400927,2021,3,16,5,3,5,7,0,0,1,0,1,0,0,1,798824,3206,5821798,431
209674,11,9,9100203,2021,1,12,1,3,5,2,0,0,1,0,0,0,0,1,804104,5389,5823593,452
209673,11,12,12601031,2021,3,21,7,3,5,2,2,0,1,0,0,0,0,1,793790,7666,5836751,974
209672,11,12,12200515,2021,1,17,2,2,6,2,2,0,1,1,0,0,0,1,790036,214,5835390,623
209671,11,5,5100103,2021,1,14,4,3,2,6,0,0,1,0,0,0,0,1,785207,8382,5831853,419
209670,11,3,3601142,2021,2,14,1,3,5,2,0,1,0,0,0,0,0,0,798645,9137,5830288,552
209669,11,1,1100415,2021,3,17,3,3,6,2,0,0,1,1,0,0,0,0,798303,9994,5829372,735
209668,11,3,3500934,2021,3,7,4,3,5,3,0,1,1,0,0,0,0,0,800866,6484,5832076,302
209667,11,9,9100203,2021,1,10,4,3,5,2,0,0,1,0,0,0,0,1,804297,855,5824068,557
209666,11,9,9200512,2021,2,14,2,3,2,6,0,0,1,0,0,0,0,2,808473,8715,5821701,616
209665,11,6,6300634,2021,2,23,7,3,2,2,2,0,1,0,0,0,0,0,792940,94,5817755,784
209664,11,2,2200208,2021,1,15,4,2,6,4,1,0,1,1,0,0,0,1,797539,3701,5825014,453
209663,11,12,12200414,2021,3,13,4,2,5,3,0,1,0,0,0,0,1,0,791974,7911,5831656,45
209662,11,3,3601244,2021,2,9,2,2,5,3,0,0,1,0,0,0,0,0,800112,9462,5831694,416
209661,11,4,4300619,2021,1,22,4,2,9,1,2,0,1,0,0,0,0,0,792754,4645,5827051,649
209660,11,4,4300413,2021,1,17,5,3,0,1,2,0,0,0,1,0,0,1,790836,202,5827225,407
209659,11,4,4200310,2021,3,11,5,3,2,6,0,0,1,0,0,0,0,0,789612,13,5826505,747
209658,11,10,10100315,2021,2,13,3,3,0,6,0,0,0,0,0,0,1,0,809512,7105,5831408,859
209657,11,3,3500933,2021,3,5,4,3,5,3,2,1,1,0,0,0,0,0,802303,6383,5832631,631
209656,11,7,7400824,2021,3,15,5,3,6,4,0,0,1,1,0,0,0,1,797828,952,5822204,418
209655,11,11,11300722,2021,2,17,2,3,5,2,2,0,1,0,1,0,0,0,804255,106,5827662,994
209654,11,5,5100101,2021,3,15,3,3,6,4,0,0,1,1,0,0,0,0,785174,4265,5833859,713
209653,11,11,11300616,2021,1,16,6,3,1,5,2,1,1,0,0,0,0,1,802819,1604,5829686,554
209652,11,5,5300840,2021,3,8,3,3,5,2,0,0,1,0,0,0,0,0,789196,2757,5829300,288
209651,11,10,10200418,2021,1,19,4,3,5,3,2,1,1,0,0,0,0,1,811149,515,5830928,109
209650,11,8,8100311,2021,2,19,2,3,0,1,2,0,1,0,0,0,0,2,800964,2642,5824742,893
209649,11,11,11300721,2021,3,14,2,3,2,6,0,0,1,0,0,0,0,0,805182,6741,5829579,173
209648,11,7,7200411,2021,1,19,4,3,5,2,2,1,1,0,0,0,0,1,795953,7127,5824319,655
209647,11,7,7601546,2021,3,7,4,3,5,3,0,1,1,0,0,0,0,0,798917,3931,5813343,962
209646,11,5,5200420,2021,1,19,1,3,2,6,2,0,1,0,0,0,0,1,782927,5584,5828585,116
209645,11,8,8200624,2021,1,21,4,3,0,6,2,0,1,0,0,0,0,0,800851,2172,5820567,692
209644,11,7,7400823,2021,1,16,4,3,5,2,2,1,1,0,0,0,0,1,797341,8514,5821933,394
209643,11,1,1300730,2021,2,9,3,3,3,6,0,0,1,0,0,0,0,0,796664,5716,5831988,17
209642,11,5,5200420,2021,3,10,3,3,5,3,0,0,1,0,0,0,1,0,782559,8737,5828523,727
209641,11,10,10100313,2021,3,16,4,2,5,2,0,1,1,0,0,0,0,0,809479,5898,5831403,82
209640,11,4,4501042,2021,2,9,4,3,2,6,0,0,1,0,0,0,1,1,793708,2487,5825478,614
209639,11,1,1300836,2021,3,8,3,3,5,3,0,0,1,0,0,0,0,0,797155,626,5831080,556
209638,11,1,1400942,2021,1,12,6,3,5,3,0,1,1,0,0,0,0,1,795044,7149,5830699,563
209637,11,8,8100417,2021,2,23,4,3,5,2,2,1,1,0,0,0,0,1,802576,7974,5823079,417
209636,11,7,7601544,2021,2,19,5,3,0,3,2,0,1,0,0,0,1,1,799792,5679,5813977,225
209635,11,11,11400927,2021,3,7,6,3,1,5,0,1,1,0,0,0,0,0,803731,268,5826831,31
209634,11,1,1401049,2021,2,5,1,3,9,1,2,0,0,0,0,0,1,0,796060,402,5831959,174
209633,11,9,9301227,2021,2,17,4,3,0,1,1,1,0,0,0,0,0,0,815363,8902,5814447,422
209632,11,12,12100205,2021,1,16,7,3,5,2,2,0,1,0,0,0,0,1,794839,3814,5833053,4
209631,11,3,3300516,2021,3,8,3,3,6,4,0,0,1,1,0,0,0,0,800786,5185,5833538,155
209630,11,4,4501045,2021,3,7,6,3,2,6,0,0,1,0,1,0,0,1,794223,4799,5825389,686
209629,11,10,10200421,2021,3,11,7,3,6,7,0,0,0,1,0,0,1,0,812132,797,5830835,633
209628,11,10,10200423,2021,2,15,6,3,6,4,0,0,1,1,0,0,0,0,813194,7213,5831259,275
209627,11,5,5100206,2021,1,8,6,3,5,3,1,1,1,0,0,0,0,1,781899,854,5831952,879
209626,11,4,4300517,2021,1,14,2,2,2,6,0,0,1,0,0,0,0,1,791630,5,5827942,567
209625,11,6,6300528,2021,1,14,3,2,4,6,0,0,1,0,0,0,1,0,790579,5424,5816027,365
209624,11,2,2500833,2021,2,11,7,3,0,3,0,0,1,0,1,0,0,0,802711,9738,5826981,332
209623,11,4,4501042,2021,3,16,3,3,6,7,0,0,1,1,0,0,0,0,793644,1414,5825481,239
209622,11,9,9100409,2021,1,14,3,3,5,2,0,0,1,0,0,0,0,0,806173,391,5818733,593
209621,11,8,8300934,2021,2,16,3,3,2,2,1,0,1,0,0,0,0,2,803582,34,5818144,418
209620,11,6,6100209,2021,2,12,5,3,5,2,0,0,1,0,1,0,0,0,794414,4436,5821504,932
209619,11,4,4501045,2021,1,11,2,3,5,2,0,1,0,0,0,0,1,1,793913,8103,5825506,457
209618,11,11,11200410,2021,3,7,4,3,6,2,0,0,1,1,0,0,0,0,804972,4448,5833019,739
209617,11,6,6300525,2021,1,10,6,3,7,7,0,1,0,0,0,0,0,0,789131,7671,5815311,466
209616,11,3,3300412,2021,3,15,2,3,6,4,0,0,1,1,0,0,0,1,801792,5409,5838286,6
209615,11,6,6100209,2021,1,17,3,3,5,2,2,0,1,0,0,0,0,1,794309,473,5820843,171
209614,11,1,1100102,2021,1,18,3,3,5,3,2,0,1,0,0,0,0,1,796635,8383,5826669,199
209613,11,8,8200831,2021,2,14,2,3,5,3,0,1,1,0,0,0,0,0,799983,875,5816612,685
209612,11,5,5100313,2021,3,15,3,3,2,6,0,1,0,0,0,0,1,0,785399,9131,5830327,434
209611,11,6,6200313,2021,3,13,5,3,2,2,0,0,1,0,0,0,0,0,795355,6729,5818450,59
209610,11,12,12200412,2021,2,20,5,3,6,4,2,0,0,1,0,0,1,2,790897,309,5834325,629
209609,11,7,7100102,2021,2,14,6,3,1,5,0,1,1,0,0,0,0,0,794973,8209,5825107,48
209608,11,4,4400835,2021,1,19,3,2,6,4,2,0,1,1,0,0,0,1,792990,832,5822304,401
209607,11,4,4500939,2021,3,13,5,3,0,2,0,1,1,0,0,0,0,0,792028,8895,5824087,505
209606,11,1,1200517,2021,2,14,2,3,2,6,0,0,1,0,0,0,0,0,793860,6703,5830041,275
209605,11,1,1400940,2021,2,11,7,3,0,7,0,0,1,0,0,0,1,1,794727,7519,5831802,833
209604,11,2,2100105,2021,1,10,5,3,0,1,0,1,0,0,0,0,0,0,799322,2726,5825724,159
209603,11,8,8100206,2021,1,15,4,3,5,2,0,0,1,0,1,0,0,1,800619,7233,5823777,607
209602,11,1,1300733,2021,3,14,5,3,5,7,0,0,1,0,0,0,1,0,797715,3242,5831855,19
209601,11,4,4501153,2021,2,17,3,3,3,6,0,0,1,0,1,0,0,0,793947,3313,5823099,44
209600,11,6,6200313,2021,3,15,3,2,5,2,0,0,1,0,1,0,0,0,795521,518,5818642,475
209599,11,7,7601339,2021,3,14,6,3,1,7,0,1,1,0,0,0,0,0,795703,615,5815372,17
209598,11,1,1300834,2021,2,17,3,3,3,6,2,0,1,0,0,0,0,1,798050,2594,5830034,201
209597,11,4,4501045,2021,3,12,3,3,5,2,0,0,1,0,0,0,0,0,793965,6766,5824958,647
209596,11,1,1100308,2021,1,10,7,3,6,4,0,0,0,1,0,0,1,1,797320,459,5829006,478
209595,11,8,8401243,2021,2,13,5,2,1,7,0,0,1,1,0,0,0,1,805596,5032,5817384,82
209594,11,7,7601236,2021,3,11,6,3,5,2,0,0,1,0,0,0,1,0,797200,8724,5817146,337
209593,11,1,1100308,2021,2,19,4,3,9,1,2,0,1,0,0,0,0,0,796755,6826,5829662,651
209592,11,8,8100206,2021,1,13,6,3,0,7,0,0,1,0,1,0,0,0,800345,983,5824271,188
209591,11,8,8401245,2021,3,17,5,3,5,2,2,0,1,0,0,0,1,1,806755,211,5815623,779
209590,11,4,4300622,2021,1,3,5,3,1,1,2,0,1,0,0,0,1,1,793200,4777,5827266,757
209589,11,6,6100101,2021,3,15,2,3,2,2,0,0,1,0,0,0,0,0,793514,8298,5820648,503
209588,11,1,1100308,2021,2,9,6,3,5,3,0,1,1,0,0,0,0,1,796646,7684,5829048,65
209587,11,1,1100308,2021,2,19,7,3,2,6,2,0,1,0,0,0,0,0,797364,458,5828955,485
209586,11,11,11200410,2021,1,14,7,3,2,6,0,0,1,0,0,0,1,0,805287,671,5832070,127
209585,11,7,7601339,2021,1,7,2,3,5,2,1,0,1,0,1,0,0,2,795809,584,5816028,171
209584,11,2,2400521,2021,1,14,3,3,5,3,0,1,1,0,0,0,0,0,801250,9189,5827845,47
209583,11,8,8100417,2021,2,16,6,3,5,2,0,0,1,0,0,0,1,0,802220,1894,5822714,593
209582,11,9,9301227,2021,3,15,2,3,6,7,0,0,1,1,0,0,0,0,815321,4262,5814196,677
209581,11,6,6100102,2021,1,15,3,2,6,7,0,0,1,1,0,0,0,0,793671,634,5820871,42
209580,11,1,1300733,2021,2,9,5,3,5,2,0,1,1,0,0,0,0,1,797120,6405,5831804,709
209579,11,6,6400844,2021,3,10,7,2,0,7,0,1,1,0,0,0,0,0,791813,4028,5821400,172
209578,11,4,4200308,2021,2,13,4,3,2,6,0,0,1,0,0,0,1,0,789842,8267,5827383,917
209577,11,6,6100209,2021,1,18,1,3,1,1,2,0,1,0,0,0,0,1,794108,3437,5821534,73
209576,11,2,2400623,2021,3,15,6,3,5,3,0,1,1,0,0,0,0,1,801240,6865,5827686,87
209575,11,2,2300419,2021,3,15,6,3,0,7,0,0,0,0,0,0,1,0,801517,991,5825996,727
209574,11,2,2300314,2021,3,18,7,3,1,5,2,1,1,0,0,0,0,0,799870,337,5825993,396
209573,11,9,9401534,2021,2,8,7,3,0,1,0,1,0,0,0,0,0,0,811255,8046,5820225,535
209572,11,8,8100521,2021,1,7,5,2,6,4,2,0,0,1,0,1,0,1,803262,118,5822044,124
209571,11,2,2100102,2021,1,19,7,3,5,3,2,0,1,0,0,0,1,0,798213,41,5826240,701
209570,11,3,3601142,2021,1,9,4,2,0,3,0,0,1,0,0,0,1,1,799198,482,5831108,937
209569,11,8,8200623,2021,2,14,7,3,5,2,0,0,1,0,0,0,0,0,802470,5212,5820710,898
209568,11,4,4300416,2021,3,15,3,3,1,5,0,1,1,0,0,0,0,0,791930,5161,5826202,11
209567,11,3,3200207,2021,1,10,3,3,4,1,0,0,1,0,0,0,0,2,799699,8611,5836405,151
209566,11,10,10200421,2021,2,18,5,3,6,4,2,0,1,1,0,0,0,1,812377,3075,5830961,136
209565,11,3,3601449,2021,2,11,5,3,5,3,0,1,1,0,0,0,0,0,802090,4336,5830587,185
209564,11,8,8401242,2021,1,16,2,3,3,6,1,0,1,0,0,0,0,0,805264,2933,5817240,811
209563,11,2,2300316,2021,3,13,4,3,5,7,0,1,1,0,0,0,0,0,800536,949,5826318,97
209562,11,9,9200819,2021,1,6,6,3,2,6,2,0,1,0,0,0,0,0,810040,1595,5819480,63
209561,11,2,2400624,2021,1,17,2,3,5,3,2,0,1,0,0,0,1,1,801895,5673,5826858,361
209560,11,12,12100204,2021,1,12,4,3,2,6,0,0,1,0,0,0,0,0,795393,2439,5832477,963
209559,11,7,7400826,2021,2,13,1,3,5,3,0,0,1,0,0,0,1,0,797382,993,5820513,187
209558,11,10,10100311,2021,3,11,3,3,2,6,0,0,1,0,1,0,0,0,806364,2599,5830200,304
209557,11,4,4501146,2021,3,15,4,3,5,3,0,0,1,0,0,0,0,0,792749,574,5824123,448
209556,11,10,10100312,2021,2,8,6,3,6,6,0,0,1,1,0,0,0,2,808273,9092,5828852,871
209555,11,1,1300732,2021,2,17,7,3,6,4,1,0,1,1,0,0,0,0,797665,777,5832141,843
209554,11,7,7400927,2021,1,18,4,3,5,2,2,0,1,0,0,0,0,1,798898,8125,5821215,157
209553,11,5,5100316,2021,2,17,3,3,2,6,2,0,1,0,0,0,0,1,784229,702,5828947,789
209552,11,8,8100206,2021,2,20,6,3,2,7,2,0,1,0,0,0,1,2,800692,4819,5823953,32
209551,11,7,7601340,2021,1,19,3,3,6,2,2,0,1,1,0,0,0,1,796152,9256,5815941,42
209550,11,3,3601449,2021,3,14,6,3,5,2,0,1,1,0,0,0,0,0,801903,8822,5830586,546
209549,11,11,11200411,2021,2,17,3,3,5,3,0,0,1,0,0,0,0,0,804821,3438,5831618,87
209548,11,1,1100102,2021,1,20,7,3,2,6,2,0,1,0,0,0,1,1,795192,5654,5827241,793
209547,11,2,2100102,2021,3,7,3,3,2,3,0,0,1,0,0,0,0,0,798336,5494,5825557,555
209546,11,5,5200633,2021,3,5,5,3,8,1,2,0,1,0,0,0,0,1,784049,86,5827145,393
209545,11,7,7501031,2021,3,9,6,3,2,6,0,0,1,0,0,1,0,1,798964,1505,5819571,116
209544,11,5,5200423,2021,2,16,3,3,5,3,0,0,1,0,0,0,0,1,780871,3005,5828315,856
209543,11,8,8100310,2021,3,16,3,3,6,4,0,0,1,1,0,0,0,0,800376,2112,5825114,548
209542,11,7,7400927,2021,1,17,6,3,5,2,2,0,1,0,0,0,0,1,798897,8786,5821214,877
209541,11,1,1100310,2021,2,10,4,2,1,5,0,1,0,0,0,0,1,0,798924,9066,5828542,692
209540,11,5,5200423,2021,3,21,6,3,1,5,2,0,1,0,0,0,0,0,782047,6924,5828230,94
209539,11,11,11300722,2021,2,11,5,3,5,3,0,0,1,0,0,0,1,0,804248,1591,5828685,778
209538,11,12,12100102,2021,1,20,1,3,5,3,2,0,1,0,0,0,0,1,796291,9816,5833216,793
209537,11,11,11100308,2021,3,18,6,3,2,6,0,0,1,0,0,0,0,0,804656,4447,5833347,173
209536,11,5,5200423,2021,3,12,7,2,6,7,0,0,1,1,0,0,0,1,782001,7686,5828380,451
209535,11,4,4200207,2021,1,15,1,3,4,6,0,1,1,0,0,0,0,0,786790,6643,5825324,945
209534,11,2,2300314,2021,1,6,2,3,6,4,2,0,1,1,0,0,0,1,799855,461,5825832,519
209533,11,10,10200630,2021,2,22,1,3,0,1,2,0,1,0,1,0,0,0,811513,5506,5828657,174
209532,11,4,4501148,2021,3,22,2,3,9,1,2,0,1,0,0,0,0,0,793113,601,5822994,67
209531,11,6,6100206,2021,1,12,4,3,5,3,0,0,1,0,0,0,0,1,794147,262,5819464,906
209530,11,3,3500934,2021,2,13,4,3,5,3,0,0,1,0,0,0,0,1,801056,178,5832019,637
209529,11,4,4200206,2021,2,5,6,2,6,4,2,0,0,1,0,1,0,1,786219,2818,5825990,991
209528,11,1,1100207,2021,1,9,4,3,5,3,0,0,1,0,0,0,0,1,797903,8892,5826568,669
209527,11,4,4501150,2021,3,9,4,3,1,5,0,1,1,0,0,0,0,0,793612,9088,5823693,797
209526,11,4,4100101,2021,2,18,6,3,6,2,2,0,0,1,0,0,1,2,790698,1424,5829206,252
209525,11,4,4501043,2021,1,14,2,2,6,4,0,0,0,1,0,0,1,1,792561,8694,5824715,22
209524,11,6,6200311,2021,1,7,3,3,6,2,1,0,1,1,0,0,0,1,795734,9793,5818923,278
209523,11,7,7100103,2021,2,15,2,3,2,6,0,0,1,0,0,0,0,0,795987,4966,5825360,408
209522,11,6,6400843,2021,3,11,2,2,2,2,0,0,1,0,1,0,0,0,791783,8234,5819650,211
209521,11,2,2200208,2021,3,17,4,3,5,2,0,1,1,0,0,0,0,0,797815,34,5824933,342
209520,11,5,5100315,2021,2,19,2,3,5,3,2,0,1,0,0,0,0,1,784416,6867,5829920,568
209519,11,3,3601140,2021,2,18,1,3,6,4,2,0,0,1,0,0,1,0,798663,9483,5831824,127
209518,11,9,9401432,2021,1,18,5,3,2,6,2,0,1,0,0,0,0,1,812133,2135,5820708,759
209517,11,4,4300619,2021,2,17,3,3,6,2,2,0,1,1,0,0,0,1,792979,346,5827553,64
209516,11,8,8401139,2021,2,10,3,3,5,2,0,0,1,0,0,0,0,2,803570,1655,5818642,711
209515,11,1,1100311,2021,2,16,5,3,2,6,0,0,1,0,0,0,0,0,799982,9352,5828516,11
209514,11,3,3601450,2021,1,20,2,3,2,6,2,0,1,0,0,0,0,0,802034,36,5829632,433
209513,11,5,5100210,2021,3,16,4,3,5,3,0,0,1,0,0,0,0,0,783824,827,5830142,388
209512,11,8,8200623,2021,1,16,6,3,0,6,1,0,1,0,0,0,0,0,801609,1943,5820670,287
209511,11,2,2100102,2021,2,19,6,3,6,4,2,0,1,1,0,0,0,2,798242,5542,5826120,407
209510,11,5,5200629,2021,1,11,3,3,5,2,0,1,0,0,0,0,1,1,784659,7556,5828460,75
209509,11,10,10100102,2021,1,19,3,2,0,1,2,1,0,0,0,0,0,2,809702,2846,5834119,263
209508,11,4,4100101,2021,2,16,1,2,5,2,0,0,1,0,0,0,1,0,791664,8217,5830679,32
209507,11,4,4501153,2021,3,14,2,2,2,2,0,1,1,0,0,0,0,1,794199,2575,5823112,306
209506,11,1,1300733,2021,3,18,3,2,6,4,2,0,1,1,0,0,0,0,797322,7944,5831227,627
209505,11,7,7501029,2021,2,14,1,3,6,4,0,0,1,1,0,0,0,1,797665,5012,5819360,79
209504,11,1,1200517,2021,3,12,2,2,6,4,0,0,0,1,0,0,1,0,795355,7966,5829851,49
209503,11,1,1200520,2021,1,22,3,3,0,1,2,1,0,0,0,0,0,1,794539,3991,5829205,79
209502,11,1,1300732,2021,1,21,1,3,0,2,2,0,0,0,1,0,1,2,797712,66,5832891,76
209501,11,11,3500936,2021,2,10,7,3,2,1,0,0,1,0,0,0,0,2,802856,4597,5831193,58
209500,11,5,5100211,2021,1,10,5,3,6,2,0,0,1,1,0,0,0,0,783238,7748,5830269,909
209499,11,9,9200512,2021,3,12,6,3,5,7,0,0,1,0,0,0,1,0,808594,254,5821648,39
209498,11,1,1100310,2021,2,8,3,3,5,2,0,1,1,0,0,0,0,0,799110,5655,5828465,99
209497,11,4,4501150,2021,1,18,7,3,2,6,2,0,1,0,0,0,0,1,793429,771,5823929,6
209496,11,3,3400620,2021,3,6,4,3,5,2,0,0,1,0,0,0,0,0,796762,127,5834005,493
209495,11,4,4300624,2021,3,12,6,3,0,6,0,0,0,0,0,1,1,0,792752,655,5826109,201
209494,11,2,2200213,2021,3,18,1,3,3,6,1,1,1,0,0,0,0,0,800053,9115,5824928,625
209493,11,9,9100305,2021,2,10,3,3,5,2,0,0,1,0,0,0,1,1,805013,875,5822699,212
209492,11,2,2400521,2021,3,5,3,3,5,2,2,1,1,0,0,0,0,0,800939,3721,5828520,227
209491,11,1,1200522,2021,1,17,6,2,5,2,2,1,1,0,0,0,0,1,793984,1336,5828213,923
209490,11,6,6100205,2021,2,15,4,3,5,3,0,0,1,0,1,0,0,1,795867,206,5819268,978
209489,11,1,1400938,2021,3,1,6,3,8,1,2,0,1,0,0,0,0,1,793710,1931,5830572,761
209488,11,1,1300834,2021,2,19,4,3,5,3,2,0,1,0,1,0,0,0,797833,6564,5830458,113
209487,11,10,10100313,2021,1,1,1,3,9,1,2,0,1,0,0,0,0,1,808377,9333,5831035,342
209486,11,5,5300840,2021,3,7,5,3,0,1,0,0,0,0,1,0,0,1,788192,614,5829379,407
209485,11,5,5200528,2021,3,11,7,2,2,6,0,0,1,0,0,0,0,1,783110,4013,5826827,455
209484,11,3,3601142,2021,2,7,6,3,5,2,0,1,1,0,0,0,0,0,799178,6275,5831110,501
209483,11,2,2200209,2021,3,18,2,2,6,4,1,0,1,1,0,0,0,0,797279,9061,5824517,997
209482,11,1,1100205,2021,1,18,2,3,6,7,2,1,0,1,0,0,0,0,797045,9985,5826572,611
209481,11,5,5400943,2021,1,0,4,2,9,1,2,0,1,0,0,0,0,2,779667,587,5821367,567
209480,11,1,1401049,2021,2,6,2,3,5,7,2,1,1,0,0,0,0,0,796350,1661,5831860,917
209479,11,10,10200421,2021,3,8,3,3,5,3,0,0,1,0,0,0,1,0,812039,138,5830713,106
209478,11,1,1401046,2021,1,15,4,3,6,4,0,1,0,1,0,0,0,0,794927,2694,5829890,183
209477,11,2,2100106,2021,2,12,6,3,2,6,0,0,1,0,0,0,0,1,799981,9793,5825438,287
209476,11,4,4501042,2021,3,1,2,3,0,1,2,0,0,0,1,0,0,0,794111,9276,5826426,414
209475,11,7,7200308,2021,1,17,4,3,6,2,2,0,0,1,0,0,1,1,794544,9075,5823904,73
209474,11,8,8100418,2021,3,11,4,3,5,3,0,0,1,0,0,0,1,0,802051,2833,5823575,159
209473,11,3,3200205,2021,1,3,1,3,9,1,2,0,1,0,0,0,0,2,797168,75,5835657,435
209472,11,6,6200421,2021,2,18,6,3,5,3,2,0,1,0,0,0,0,1,793132,1829,5817598,877
209471,11,1,1100311,2021,1,16,4,3,5,2,1,1,1,0,0,0,0,0,799581,6859,5828045,312
209470,11,2,2100102,2021,1,7,5,3,6,2,1,0,1,1,0,0,0,1,798094,827,5826212,336
209469,11,8,8100208,2021,2,18,3,3,5,3,2,0,1,0,0,0,0,0,801360,9668,5822930,767
209468,11,4,4300622,2021,3,11,2,3,2,6,0,0,1,0,0,0,0,0,793109,9161,5826938,434
209467,11,12,12500930,2021,3,19,4,2,5,2,2,0,1,0,1,0,0,0,793947,116,5835296,537
209466,11,12,12400721,2021,2,5,4,3,6,4,2,0,1,1,0,0,0,1,790210,44,5840080,269
209465,11,8,8100312,2021,3,11,2,3,2,7,0,0,1,0,1,0,0,0,801167,9846,5824123,831
209464,11,8,8100313,2021,1,19,6,3,1,5,2,1,0,0,0,0,1,0,801681,6764,5824557,986
209463,11,3,3400829,2021,2,11,3,2,5,3,0,0,1,0,0,0,0,1,799657,4444,5832809,522
209462,11,4,4300416,2021,3,10,6,3,5,3,0,0,1,0,1,0,0,0,791753,4961,5826431,161
209461,11,11,10100205,2021,2,14,5,3,5,3,0,1,1,0,0,0,0,0,807663,522,5833599,355
209460,11,1,1100310,2021,1,21,7,3,0,1,2,0,0,0,1,0,0,2,798761,8801,5828210,212
209459,11,9,9501940,2021,3,16,4,2,6,4,0,0,1,1,0,0,0,1,811429,214,5821578,199
209458,11,3,3100101,2021,3,14,6,3,2,6,0,0,1,0,0,0,0,0,802777,4804,5841683,787
209457,11,9,9200510,2021,2,16,6,3,5,7,1,0,0,0,0,0,1,1,806767,148,5823078,653
209456,11,4,4501041,2021,3,11,2,3,5,7,0,1,0,0,0,0,1,0,793023,8889,5825754,985
209455,11,6,6200422,2021,2,12,7,2,4,6,0,0,1,0,0,0,0,0,794188,6108,5816823,464
209454,11,5,5200632,2021,1,18,1,3,5,2,2,0,1,0,0,0,0,1,785641,7207,5828031,792
209453,11,11,11100203,2021,1,11,7,3,6,4,0,0,1,1,0,0,0,0,806685,326,5834004,918
209452,11,1,1300733,2021,2,18,4,3,2,6,2,0,1,0,0,0,0,1,797064,2106,5831460,163
209451,11,2,2500833,2021,3,20,2,3,5,2,2,0,1,0,1,0,0,0,802833,5683,5826936,15
209450,11,2,2500833,2021,2,18,4,3,5,3,2,0,1,0,0,0,0,2,802057,547,5827162,652
209449,11,3,3400827,2021,2,17,5,3,1,7,2,0,1,0,1,0,0,0,799183,9237,5832355,55
209448,11,3,3300516,2021,1,6,2,3,6,4,2,0,1,1,0,0,0,0,800154,8412,5833852,163
209447,11,1,1100207,2021,1,17,5,2,6,4,2,0,1,1,0,0,0,1,798842,8031,5827283,586
209446,11,5,5200423,2021,3,12,5,3,2,6,0,0,1,0,0,1,0,0,781189,937,5828371,795
209445,11,1,1100206,2021,3,19,7,3,0,6,2,1,1,0,0,0,0,0,798214,9232,5827832,953
209444,11,3,3100101,2021,2,11,5,3,5,2,0,0,1,0,0,0,0,0,803718,8255,5842300,318
209443,11,11,11401137,2021,1,14,5,2,5,3,0,1,1,0,0,0,0,0,807019,2811,5825790,736
209442,11,12,12500825,2021,3,15,4,3,5,3,0,1,1,0,0,0,0,1,791419,1955,5834293,731
209441,11,12,12100205,2021,3,17,5,3,2,6,0,0,1,0,0,0,1,1,794559,1058,5832994,145
209440,11,8,8200623,2021,3,12,1,2,2,6,0,0,1,0,0,0,0,0,801487,5423,5820853,912
209439,11,7,7601546,2021,2,18,3,3,8,1,2,0,1,0,0,0,0,1,798609,8672,5814279,572
209438,11,8,8300934,2021,1,18,2,3,6,2,2,0,1,1,0,0,0,1,803170,514,5818441,369
209437,11,4,4501043,2021,3,14,3,3,5,2,0,0,1,0,0,0,0,0,792926,2073,5824391,464
209436,11,7,7601339,2021,1,11,2,3,5,3,0,0,1,0,0,0,0,1,795613,2326,5815766,278
209435,11,4,4500936,2021,2,10,4,3,5,2,0,0,1,0,0,0,0,1,792089,4425,5825772,192
209434,11,4,4501153,2021,3,14,6,3,6,2,0,0,1,1,0,0,0,0,793930,4444,5823431,91
209433,11,6,6300524,2021,2,16,4,3,2,6,0,0,1,0,0,0,0,2,787608,8726,5817000,642
209432,11,5,5300737,2021,2,12,6,3,0,1,0,0,0,0,1,0,0,0,787052,2854,5829360,715
209431,11,7,7100102,2021,1,8,3,3,5,2,0,1,1,0,0,0,0,1,795015,1511,5825657,233
209430,11,11,11200410,2021,3,15,5,3,2,6,0,0,1,0,0,0,0,0,804993,628,5833017,619
209429,11,12,12500926,2021,1,12,6,3,5,7,0,0,1,0,0,0,0,0,792960,8905,5835533,57
209428,11,8,8100415,2021,3,11,1,3,2,6,0,0,1,0,0,0,0,1,801669,2189,5823746,89
209427,11,5,5300840,2021,1,14,2,3,1,5,0,0,1,0,1,0,0,1,788100,7709,5829036,618
209426,11,5,5300737,2021,1,7,4,3,2,2,2,0,1,0,0,0,0,1,786952,437,5829594,836
209425,11,8,8401246,2021,2,13,1,2,5,2,0,1,1,0,0,0,0,0,805810,7417,5816833,2
209424,11,12,12400619,2021,3,17,1,3,0,1,0,0,0,0,1,0,0,0,789497,7864,5836128,185
209423,11,1,1100310,2021,1,8,5,3,5,3,1,1,1,0,0,0,0,1,799525,5107,5827559,66
209422,11,8,8200730,2021,2,20,2,3,1,5,2,0,1,0,0,0,0,2,802448,1968,5818958,7
209421,11,1,1200623,2021,3,18,2,3,0,4,2,1,0,1,0,0,0,0,794989,1328,5828898,447
209420,11,7,7300618,2021,1,15,4,3,6,7,1,0,0,1,1,0,0,1,794424,5632,5822207,981
209419,11,11,11400931,2021,3,14,4,3,5,2,0,1,1,0,0,0,0,0,806444,6849,5826869,493