OBJECTID,LAND,BEZ,LOR_ab_2021,UJAHR,UMONAT,USTUNDE,UWOCHENTAG,UKATEGORIE,UART,UTYP1,ULICHTVERH,IstRad,IstPKW,IstFuss,IstKrad,IstGkfz,IstSonstige,USTRZUSTAND,LINREFX,LINREFY,XGCSWGS84,YGCSWGS84
209418,11,12,12400721,2021,2,14,3,2,3,6,0,1,1,0,0,0,0,1,790545,9493,5840516,807
209417,11,4,4300517,2021,2,13,6,3,9,1,0,0,0,0,0,0,1,0,791542,9566,5828057,106
209416,11,1,1100313,2021,1,16,4,3,6,4,1,1,0,1,0,0,0,1,799662,1615,5827043,883
209415,11,8,8200833,2021,1,10,5,3,3,6,0,0,1,0,0,0,0,1,801810,966,5817486,69
209414,11,4,4200311,2021,3,14,6,3,3,6,0,0,1,0,0,0,0,0,790414,9899,5827158,265
209413,11,6,6400840,2021,2,13,3,3,1,7,0,0,1,0,0,0,0,0,789316,4158,5819200,872
209412,11,5,5200528,2021,3,16,4,3,5,3,0,1,1,0,0,0,0,1,783659,7199,5825366,199
209411,11,2,2200207,2021,3,9,6,3,5,2,0,1,1,0,0,0,0,1,797090,6595,5824706,913
209410,11,6,6300633,2021,2,18,5,3,1,5,2,0,1,0,1,0,0,1,792070,6507,5819014,839
209409,11,6,6300633,2021,3,15,3,2,6,2,0,0,1,1,0,0,0,0,793263,4389,5819085,123
209408,11,7,7601544,2021,1,5,5,3,6,2,2,0,1,1,0,0,0,1,799762,7403,5813974,749
209407,11,11,11400931,2021,2,7,5,3,5,2,0,0,1,0,0,0,0,1,805561,5075,5827263,926
209406,11,1,1300836,2021,3,17,7,3,6,2,0,0,1,1,0,0,0,0,796795,4014,5831268,116
209405,11,1,1100313,2021,2,11,3,3,5,2,0,1,0,0,0,0,1,0,799976,2915,5826925,317
209404,11,2,2500830,2021,1,0,1,3,0,1,2,1,0,0,0,0,0,1,802395,7084,5827438,729
209403,11,7,7601443,2021,3,22,5,3,1,5,2,0,1,0,0,0,1,1,800140,8638,5814995,976
209402,11,7,7200409,2021,3,16,7,3,0,5,0,0,1,0,0,0,0,1,795308,4323,5824397,697
209401,11,5,5100103,2021,3,17,2,3,6,7,0,1,0,1,0,0,0,0,785634,2725,5832064,988
209400,11,4,4501041,2021,2,14,7,2,5,3,0,0,1,0,1,0,0,0,792968,4187,5825893,35
209399,11,12,12200412,2021,1,10,2,2,3,6,0,1,0,0,0,0,1,2,790939,2206,5833801,545
209398,11,8,8100209,2021,1,15,3,3,2,6,0,0,1,0,0,0,0,1,801824,6545,5821947,835
209397,11,1,1100102,2021,1,19,3,3,2,6,2,0,1,0,0,0,0,0,795782,6922,5826685,665
209396,11,2,2100102,2021,2,3,6,3,5,3,2,1,1,0,0,0,0,1,798330,424,5825545,883
209395,11,7,7200307,2021,3,19,1,3,5,2,2,0,1,0,0,0,0,0,794958,3109,5824308,266
209394,11,4,4300412,2021,1,15,3,3,5,2,0,1,1,0,0,0,0,0,790889,1515,5827397,988
209393,11,7,7400824,2021,2,6,4,3,6,2,2,0,0,1,0,0,1,1,797876,6516,5821888,308
209392,11,2,2200210,2021,2,17,5,3,5,3,0,0,1,0,0,0,1,0,798898,3554,5825249,249
209391,11,12,12400619,2021,1,8,2,3,0,6,0,0,1,0,1,0,0,1,786482,5003,5837696,721
209390,11,7,7601340,2021,3,8,4,3,5,2,0,1,1,0,0,0,0,0,796133,3132,5815933,395
209389,11,1,1300733,2021,1,14,1,3,6,2,0,0,1,1,0,0,0,0,797374,9011,5831200,614
209388,11,2,2100106,2021,1,21,2,2,6,4,2,0,1,1,0,0,0,1,799886,6708,5825728,45
209387,11,4,4501150,2021,1,12,4,2,5,7,0,0,1,0,1,0,0,1,793439,9267,5823929,944
209386,11,11,11401136,2021,2,9,2,3,6,2,0,0,1,1,0,0,0,0,806017,4071,5826406,179
209385,11,4,4500939,2021,3,20,3,2,5,3,2,0,1,0,0,0,0,0,792337,4519,5824069,948
209384,11,3,3701555,2021,3,18,4,3,5,3,2,1,1,0,0,0,0,0,799533,4963,5830089,503
209383,11,1,1300836,2021,2,15,6,3,1,5,0,0,1,0,0,0,0,1,796354,6662,5830762,343
209382,11,7,7200409,2021,2,12,7,3,1,5,0,1,1,0,0,0,0,1,795685,3775,5824073,732
209381,11,6,6200312,2021,1,7,3,3,6,2,2,0,1,1,0,0,0,1,794389,2917,5819078,428
209380,11,7,7400928,2021,3,13,5,3,7,7,0,1,0,0,0,0,0,1,800202,7065,5821536,331
209379,11,5,5200631,2021,2,14,2,3,6,4,0,0,1,1,0,0,0,2,784756,3897,5827316,794
209378,11,2,2400623,2021,2,14,7,3,2,7,0,0,1,0,0,0,0,1,800320,825,5827624,179
209377,11,7,7501030,2021,1,22,4,3,1,5,2,1,1,0,0,0,0,0,797772,8985,5819924,579
209376,11,11,11100102,2021,3,7,5,3,5,2,0,1,1,0,0,0,0,0,808265,6068,5834028,399
209375,11,7,7300619,2021,3,15,5,3,5,3,0,0,1,0,0,0,0,0,795992,9886,5822770,335
209374,11,1,1200517,2021,1,13,1,3,2,6,0,0,1,0,0,0,0,0,793865,3481,5830045,811
209373,11,1,1401044,2021,3,16,2,3,5,3,0,0,1,0,0,0,1,1,796719,1566,5831362,46
209372,11,8,8300934,2021,3,12,2,2,0,2,0,0,1,0,0,0,1,0,802718,7917,5818132,123
209371,11,2,2500832,2021,1,14,3,3,6,4,0,0,1,1,0,0,0,1,803066,453,5826969,182
209370,11,1,1100102,2021,1,14,4,3,2,6,0,0,1,0,0,0,0,1,795044,9654,5827224,672
209369,11,4,4501045,2021,2,8,2,3,2,6,0,0,1,0,1,0,0,0,793936,3001,5825140,282
209368,11,12,12601235,2021,3,6,3,2,2,7,0,0,0,0,0,0,1,1,794489,9591,5836248,476
209367,11,9,9200819,2021,3,20,3,2,0,1,2,0,0,0,1,0,0,0,810056,9796,5820435,609
209366,11,8,8200624,2021,1,15,4,3,5,3,0,0,1,0,0,0,0,0,801183,529,5820607,313
209365,11,8,8200623,2021,2,16,2,3,3,6,0,0,1,0,0,1,0,0,801543,4261,5820658,709
209364,11,9,9300920,2021,3,15,2,3,2,6,0,1,1,0,0,0,0,0,808521,7884,5817331,893
209363,11,8,8100102,2021,1,10,4,3,5,7,0,0,1,0,0,0,1,1,800526,2147,5823440,529
209362,11,4,4500938,2021,3,19,4,3,5,5,2,1,1,0,0,0,0,0,791495,8461,5824900,426
209361,11,9,9200715,2021,2,15,3,3,5,2,0,0,1,0,0,0,0,1,807223,6345,5818286,459
209360,11,1,1100207,2021,1,19,3,2,5,3,2,1,1,0,0,0,0,1,797983,8751,5826889,512
209359,11,11,11300722,2021,1,6,5,2,6,4,2,0,1,1,0,0,0,1,804293,5443,5828442,64
209358,11,2,2400521,2021,3,8,5,3,5,2,0,1,1,0,0,0,0,0,800682,8882,5828487,432
209357,11,6,6100209,2021,2,15,2,3,2,2,0,0,1,0,0,0,0,0,794769,1185,5820994,868
209356,11,3,3300411,2021,3,8,4,3,6,4,0,0,1,1,0,0,0,1,803868,166,5839176,144
209355,11,1,1200623,2021,3,16,5,3,0,6,0,0,1,0,0,0,1,0,795446,6336,5829547,189
209354,11,1,1100310,2021,2,18,3,3,5,2,2,0,1,0,0,0,0,1,799238,9633,5828468,117
209353,11,1,1100310,2021,3,7,3,3,2,2,0,1,1,0,0,0,0,0,798528,335,5828078,634
209352,11,8,8200727,2021,1,9,7,3,1,5,0,0,1,0,0,0,0,1,801338,5003,5819439,844
209351,11,5,5100104,2021,2,21,3,3,0,7,2,1,0,0,0,0,0,1,785205,3093,5831802,689
209350,11,1,1100308,2021,2,19,5,3,5,2,2,1,1,0,0,0,0,1,797542,6441,5828718,717
209349,11,8,8100521,2021,3,16,6,3,2,6,0,0,1,0,0,0,0,0,802870,9076,5821930,538
209348,11,9,9100407,2021,2,14,4,3,1,5,0,0,1,0,1,0,0,0,806112,441,5821091,182
209347,11,3,3100103,2021,1,14,5,3,5,7,0,1,1,0,0,0,0,0,804810,787,5840646,304
209346,11,11,11400930,2021,3,16,6,3,5,2,1,1,1,0,0,0,0,0,806029,2174,5826603,799
209345,11,3,3200308,2021,3,15,2,3,5,2,0,1,1,0,0,0,0,1,799696,289,5837333,227
209344,11,2,2100104,2021,2,15,1,3,5,3,0,1,1,0,0,0,0,0,799282,4992,5826219,381
209343,11,2,2500832,2021,1,17,6,3,6,4,2,1,0,1,0,0,0,0,803151,8596,5826876,85
209342,11,11,11100205,2021,1,17,2,3,6,4,2,0,1,1,0,0,0,1,805810,38,5833785,739
209341,11,12,12200309,2021,1,10,3,3,5,3,0,0,1,0,0,0,0,1,792764,8637,5832768,1
209340,11,6,6200423,2021,2,14,6,3,3,6,0,1,1,0,0,0,0,0,794172,9268,5815151,764
209339,11,1,1401043,2021,3,16,2,3,5,3,0,1,1,0,0,0,0,0,795846,415,5831130,538
209338,11,2,2300315,2021,1,10,3,3,6,2,0,0,1,1,0,0,0,1,800787,8474,5825815,362
209337,11,2,2100101,2021,2,10,2,3,0,7,0,0,1,0,0,0,0,2,797819,692,5825893,988
209336,11,9,9501838,2021,2,16,5,2,5,3,1,1,1,0,0,0,0,0,822194,1325,5819275,445
209335,11,9,9200819,2021,1,17,3,3,2,6,2,0,1,0,1,0,0,2,810508,7068,5820318,89
209334,11,6,6400844,2021,3,11,4,3,5,3,0,0,1,0,0,0,0,0,792707,8599,5821743,198
209333,11,3,3601141,2021,1,5,6,3,3,2,2,1,0,0,0,0,1,0,799205,7243,5831774,45
209332,11,5,5200629,2021,1,13,3,2,6,2,0,0,1,1,0,0,0,2,784356,94,5828104,465
209331,11,2,2200209,2021,1,8,3,3,6,2,0,0,0,1,0,0,1,1,797752,4757,5824596,905
209330,11,3,3200206,2021,2,13,1,3,0,1,0,0,0,0,1,0,0,0,798402,6175,5834844,649
209329,11,12,12601134,2021,3,6,2,3,5,7,1,0,1,0,0,0,1,0,793954,6318,5836633,84
209328,11,2,2300316,2021,3,10,4,3,2,6,0,0,1,0,0,0,0,0,800907,2584,5826424,508
209327,11,4,4200308,2021,2,23,1,3,2,6,2,0,1,0,0,0,0,1,788249,2906,5827804,86
209326,11,3,3701556,2021,3,9,2,3,2,7,0,0,1,0,1,0,0,0,799280,2916,5829357,529
209325,11,7,7300619,2021,1,17,4,3,6,2,2,0,0,1,0,0,1,1,795250,5038,5822269,373
209324,11,11,11300617,2021,2,17,3,3,5,3,2,1,1,0,0,0,0,1,802942,5965,5829203,477
209323,11,2,2400521,2021,1,9,3,3,6,4,0,1,0,1,0,0,0,0,800826,1309,5828073,287
209322,11,9,9200512,2021,3,14,6,3,5,7,0,0,1,0,0,0,1,0,808592,688,5821647,686
209321,11,11,11300617,2021,2,22,2,2,5,2,2,0,1,0,0,0,0,0,803070,1284,5829533,16
209320,11,2,2100106,2021,1,16,7,3,0,1,0,0,0,0,1,0,0,1,799851,6006,5825697,4
209319,11,1,1300834,2021,3,14,4,3,5,2,0,1,0,0,0,0,1,1,797832,6121,5830457,566
209318,11,9,9301025,2021,3,17,5,3,1,1,0,1,1,0,0,0,0,1,810725,6271,5815558,791
209317,11,1,1300730,2021,3,2,7,3,5,3,2,0,1,0,0,0,0,0,796155,8054,5832265,798
209316,11,6,6400844,2021,2,19,4,3,6,2,2,0,1,1,0,0,0,1,790148,7877,5819783,721
209315,11,5,5200629,2021,3,13,2,3,0,6,0,0,1,0,0,0,1,0,784726,8036,5828634,275
209314,11,1,1100308,2021,1,15,5,3,1,5,0,1,0,0,0,0,1,1,796506,983,5829236,46
209313,11,9,9200511,2021,2,14,4,3,5,3,0,0,1,0,0,0,0,1,807853,1108,5822055,482
209312,11,8,8100207,2021,3,18,6,2,9,1,2,0,1,0,0,0,0,0,801110,287,5823523,769
209311,11,1,1300732,2021,2,17,4,3,0,7,0,1,0,1,0,0,0,0,797213,7475,5832052,82
209310,11,3,3200308,2021,1,16,2,3,6,7,1,0,1,1,0,0,0,0,799573,8748,5837422,673
209309,11,3,3701660,2021,3,8,6,2,0,3,0,0,1,0,1,0,0,1,800672,893,5829604,888
209308,11,9,9200511,2021,3,16,6,3,2,1,0,0,1,0,0,0,0,0,807201,9303,5822183,509
209307,11,1,1100312,2021,2,13,2,3,5,3,0,1,1,0,0,0,0,0,799457,4638,5827067,389
209306,11,5,5200528,2021,3,14,4,3,5,2,0,0,1,0,0,0,0,1,783904,3307,5826604,715
209305,11,5,5300841,2021,3,16,6,3,6,4,0,1,0,1,0,0,0,0,789396,6938,5829303,71
209304,11,1,1200517,2021,2,18,3,3,2,6,2,0,1,0,0,0,0,1,793400,5348,5829557,561
209303,11,1,1100102,2021,3,8,3,3,2,6,0,0,1,0,0,1,0,0,795011,57,5827227,59
209302,11,4,4501147,2021,1,14,6,3,2,6,0,0,1,0,0,0,0,0,793270,2357,5823951,133
209301,11,1,1100207,2021,2,10,5,2,5,3,0,1,1,0,0,0,0,1,798022,5414,5826590,177
209300,11,4,4300624,2021,2,18,5,3,5,3,2,1,1,0,0,0,0,1,793280,8442,5826149,486
209299,11,2,2300314,2021,3,18,1,3,5,7,2,0,1,0,0,0,0,0,799884,8676,5825911,568
209298,11,11,10100205,2021,2,15,4,3,5,3,0,1,0,0,0,0,1,0,807359,3683,5833144,43
209297,11,3,3601244,2021,1,10,7,3,5,3,0,1,0,0,0,0,1,1,800217,1095,5831589,858
209296,11,8,8200832,2021,3,9,5,3,6,4,0,0,1,1,0,0,0,0,801572,9972,5817392,279
209295,11,12,12500930,2021,3,15,2,3,2,6,0,0,1,0,0,0,1,1,792854,4544,5835149,231
209294,11,1,1200517,2021,3,19,2,3,5,2,2,0,1,0,0,0,0,0,793534,2359,5829127,78
209293,11,7,7200413,2021,2,8,5,3,2,6,0,0,1,0,0,0,0,0,796402,9085,5823371,292
209292,11,7,7400824,2021,1,22,7,3,6,2,2,0,0,1,0,0,1,1,797362,6538,5821915,334
209291,11,4,4200311,2021,1,15,2,3,5,2,0,1,1,0,0,0,0,1,790166,9872,5825424,324
209290,11,2,2300418,2021,2,14,6,3,1,5,0,0,1,0,0,0,0,0,801104,4111,5825221,8
209289,11,4,4501045,2021,3,16,2,3,2,2,0,0,1,0,0,0,0,0,793469,7269,5824747,253
209288,11,4,4400830,2021,1,11,4,3,6,4,0,0,1,1,0,0,0,0,791197,1352,5822734,938
209287,11,1,1100102,2021,2,14,4,3,2,6,0,0,1,0,0,0,0,1,795253,8682,5827307,946
209286,11,4,4300622,2021,2,8,6,3,2,6,0,0,1,0,0,0,0,1,793147,5861,5826900,908
209285,11,2,2400623,2021,1,23,1,3,5,3,2,0,1,0,0,0,1,1,800141,1183,5827349,677
209284,11,8,8100209,2021,3,16,4,3,5,2,0,1,1,0,0,0,0,0,801810,2526,5821967,604
209283,11,8,8200833,2021,1,13,2,3,1,5,0,1,1,0,0,0,0,1,802372,9878,5817403,923
209282,11,4,4300416,2021,1,20,3,3,6,2,2,0,1,1,0,0,0,1,791936,7535,5826095,589
209281,11,11,11100204,2021,2,11,1,3,0,6,0,0,1,0,0,0,1,0,806159,3503,5833822,321
209280,11,5,5100315,2021,3,16,3,3,2,2,0,0,1,0,0,0,0,0,784415,8022,5829932,991
209279,11,6,6200312,2021,3,9,4,2,0,1,0,0,0,0,1,0,0,0,794646,3726,5819198,816
209278,11,12,12200515,2021,2,17,6,3,2,6,1,0,1,0,0,0,0,1,790282,382,5834517,93
209277,11,4,4501043,2021,3,0,2,3,6,4,2,0,1,1,0,0,0,0,792326,4168,5825322,174
209276,11,9,9200818,2021,1,15,6,3,2,6,0,0,1,0,0,0,0,1,809784,3929,5820546,994
209275,11,9,9401534,2021,2,18,3,3,6,2,2,0,1,1,0,0,0,1,811358,9558,5820172,312
209274,11,11,11300722,2021,1,7,5,3,5,3,2,1,1,0,0,0,0,1,804309,4241,5828168,384
209273,11,6,6100103,2021,3,14,5,2,6,7,0,0,0,1,0,0,1,0,793912,4381,5821467,61
209272,11,9,9200511,2021,3,15,1,3,6,4,0,0,1,1,0,0,0,0,806758,2809,5822288,513
209271,11,6,6300634,2021,2,12,4,3,6,7,0,0,0,1,0,0,1,0,791890,2937,5818966,704
209270,11,7,7501029,2021,1,14,7,3,0,6,0,0,1,0,1,0,0,1,797373,8153,5819874,669
209269,11,7,7400720,2021,3,16,4,3,3,6,0,0,1,0,0,0,0,1,797186,9624,5823737,792
209268,11,11,11200512,2021,3,15,6,3,5,2,0,0,1,0,0,0,1,0,802920,9017,5831082,631
209267,11,1,1200522,2021,3,16,1,2,6,4,0,0,1,1,0,0,0,0,793724,5833,5827917,753
209266,11,8,8100419,2021,2,13,5,3,6,2,0,0,1,1,0,0,0,0,802385,4876,5824033,102
209265,11,12,12500825,2021,1,22,7,2,0,3,2,0,1,0,0,0,0,0,792542,279,5835162,836
209264,11,7,7601340,2021,3,14,3,3,5,2,0,1,1,0,0,0,0,0,796460,3402,5815899,352
209263,11,8,8100417,2021,1,11,2,2,6,2,0,0,1,1,0,0,0,1,802546,4085,5822994,509
209262,11,6,6200316,2021,2,6,4,3,2,6,2,0,1,0,0,0,0,1,796020,5414,5817677,42
209261,11,1,1100309,2021,3,19,6,3,1,5,2,1,1,0,0,0,0,0,798202,5891,5828999,499
209260,11,4,4500939,2021,2,18,2,3,5,2,2,0,1,0,0,0,0,2,792440,9697,5824104,655
209259,11,9,9501939,2021,2,8,6,3,1,5,1,1,1,0,0,0,0,1,810696,8163,5821848,968
209258,11,4,4100101,2021,1,14,2,3,5,3,0,0,1,0,0,0,0,0,790515,5001,5829777,109
209257,11,10,10400939,2021,3,18,5,3,5,3,2,0,1,0,0,0,0,0,813006,615,5827610,884
209256,11,6,6100205,2021,3,10,7,3,0,2,0,0,1,0,1,0,0,1,795893,4942,5819895,709
209255,11,3,3701660,2021,2,12,6,3,5,2,0,1,0,0,0,0,1,0,800746,4297,5829153,61
209254,11,3,3500934,2021,3,13,2,2,5,3,0,0,1,0,0,0,0,0,800677,654,5831577,962
209253,11,1,1100308,2021,1,17,3,3,6,2,2,0,1,1,0,0,0,1,797572,1292,5828596,148
209252,11,5,5300736,2021,1,13,4,3,5,3,0,0,1,0,0,0,0,0,786142,4785,5829359,682
209251,11,6,6300634,2021,2,17,2,3,0,1,2,0,0,0,1,0,0,0,792287,7147,5818592,16
209250,11,4,4300416,2021,3,22,2,2,5,3,2,0,1,0,0,0,0,0,791924,255,5826239,278
209249,11,10,10200629,2021,1,6,4,3,5,3,2,0,1,0,0,0,1,1,810931,5541,5828228,97
209248,11,5,5200524,2021,2,12,2,3,1,7,0,0,1,0,0,0,0,0,780184,5551,5827867,351
209247,11,1,1300731,2021,2,19,1,3,5,3,2,0,1,0,0,0,0,0,797496,3851,5832915,439
209246,11,9,9100304,2021,1,21,4,3,0,6,2,0,1,0,0,0,1,1,804879,4239,5822489,53
209245,11,11,11300618,2021,3,7,4,3,0,1,0,0,0,0,1,0,0,2,802435,8625,5828901,892
209244,11,6,6200421,2021,1,18,1,3,4,3,2,0,1,0,1,0,0,2,793329,53,5816986,282
209243,11,6,6100204,2021,2,19,6,3,5,3,2,1,1,0,0,0,0,2,795396,574,5820130,494
209242,11,10,10100312,2021,1,12,5,3,0,3,0,0,1,0,0,0,1,0,808579,946,5830116,809
209241,11,10,10100313,2021,1,7,5,2,6,4,0,0,0,1,0,0,1,1,809395,719,5831060,695
209240,11,9,9200510,2021,2,16,3,3,5,3,0,1,1,0,0,0,0,0,806411,1472,5822970,435
209234,11,4,4400834,2021,1,10,2,3,5,3,0,1,1,0,0,0,0,1,792746,9398,5823119,583
209225,11,4,4501045,2021,1,14,2,3,5,3,0,0,1,0,0,0,0,0,793965,8567,5824962,66
209197,11,2,2500726,2021,1,19,7,2,5,3,2,1,0,0,0,0,1,0,801972,1869,5828241,904
209169,11,4,4501149,2021,1,23,2,3,5,3,2,0,1,0,1,0,0,1,793443,877,5824199,107
209138,11,4,4501045,2021,1,18,1,3,5,7,0,0,1,0,0,0,0,1,793917,457,5825315,53
209111,11,1,1100310,2021,1,17,6,3,0,1,2,1,0,0,0,0,0,1,799634,555,5828547,551
209057,11,7,7400721,2021,1,18,2,3,1,7,2,0,1,0,0,0,0,1,797546,3336,5823049,369
209031,11,4,4501149,2021,1,8,2,3,6,4,1,0,1,1,0,0,0,1,793477,6376,5824497,912
209005,11,9,9100101,2021,1,20,2,3,6,2,2,0,1,1,0,0,0,1,802326,8162,5825310,216
208955,11,7,7100101,2021,1,17,7,2,6,2,2,0,1,1,0,0,0,0,794962,4953,5824924,375
208917,11,1,1100101,2021,1,17,7,3,5,3,2,0,1,0,0,0,0,0,795324,9179,5826261,255
208904,11,10,10300734,2021,1,12,7,3,2,6,0,0,1,0,0,0,0,1,810017,365,5827161,418
208875,11,9,9501838,2021,1,21,7,1,8,1,2,0,1,0,0,0,0,1,820448,5872,5819536,522
208836,11,4,4501041,2021,1,10,2,3,0,7,0,0,0,0,0,1,0,1,792967,5428,5825869,311
208821,11,1,1300836,2021,1,9,1,3,8,1,0,0,1,0,0,0,0,2,797247,64,5831130,741
208783,11,1,1200522,2021,1,11,2,3,5,7,0,1,1,0,0,0,0,1,793822,7262,5828155,65
208734,11,7,7200409,2021,1,12,2,3,5,2,0,0,1,0,1,0,0,1,795219,248,5824365,114
208679,11,5,5100211,2021,1,16,1,3,5,2,2,0,1,0,0,0,0,2,781908,5137,5829573,923
208651,11,12,12200310,2021,1,23,7,3,0,7,2,0,0,0,1,0,0,1,791716,2523,5833715,242
208639,11,12,12200411,2021,1,13,2,3,2,6,0,0,1,0,0,0,0,1,792947,8206,5832179,836
208623,11,4,4501043,2021,1,13,7,3,2,2,0,1,1,0,0,0,0,0,792329,2377,5825256,603
208597,11,1,1200520,2021,1,18,2,3,6,2,2,0,1,1,0,0,0,1,794063,7798,5828469,151
208581,11,11,11200411,2021,1,12,6,3,0,1,0,1,0,0,0,0,0,1,805048,1006,5831501,247
208547,11,12,12500928,2021,1,23,6,3,8,1,2,0,1,0,0,0,0,1,792102,5724,5837669,144
208510,11,5,5300839,2021,1,15,7,3,5,2,0,0,1,0,0,0,0,0,789018,1024,5829783,79
208496,11,9,9200717,2021,1,10,7,3,0,1,0,1,0,0,0,0,0,1,809148,4988,5819519,491
208457,11,1,1200628,2021,1,12,7,3,2,6,0,0,1,0,0,0,0,0,795713,819,5828192,436
208414,11,12,12100204,2021,1,16,1,3,6,4,2,0,0,1,0,0,1,1,795471,5648,5832479,532
208376,11,2,2500727,2021,1,19,2,3,5,2,2,1,1,0,0,0,0,1,802638,4829,5827920,207
208366,11,4,4300621,2021,1,23,2,3,5,3,2,0,1,0,0,0,1,0,792066,492,5826858,9
208361,11,9,9200819,2021,1,1,1,3,6,4,2,0,1,1,0,0,0,0,810203,5192,5819613,968
208322,11,11,11100204,2021,1,7,2,2,6,4,2,0,1,1,0,0,0,1,806555,4587,5833551,868
208271,11,2,2200210,2021,1,20,1,3,5,2,2,1,1,0,0,0,0,1,798311,4541,5825329,351
208232,11,1,1400939,2021,1,16,7,3,0,7,1,0,1,0,1,0,0,1,795110,9338,5831544,666
208214,11,5,5400942,2021,1,0,7,3,9,1,2,0,1,0,0,0,0,1,783785,2905,5822558,789
208187,11,11,11200411,2021,1,0,1,3,0,2,2,0,1,0,0,0,0,1,805705,3331,5831358,701
208137,11,4,4300414,2021,1,11,1,3,5,2,0,0,1,0,0,0,0,1,790974,116,5826670,181
208122,11,8,8401243,2021,1,4,6,3,9,1,2,0,0,0,0,0,1,1,805036,2885,5817845,666
208100,11,4,4500936,2021,1,16,7,3,5,2,1,0,1,0,0,0,0,0,792089,6582,5825771,812
115644,11,12,12400723,2021,6,17,4,2,5,2,1,1,1,0,0,0,0,0,791883,4019,5839013,549
115642,11,7,4501153,2021,9,5,1,2,9,1,2,0,1,0,0,0,0,0,794221,233,5823025,56
115641,11,7,4501153,2021,11,15,4,3,2,6,0,0,1,0,0,0,0,0,794429,1214,5823089,821
115640,11,4,4300414,2021,8,14,1,3,5,2,0,0,1,0,0,0,0,1,791570,1382,5826545,567
115637,11,2,2400521,2021,7,7,2,3,5,2,0,0,1,0,0,0,0,0,800372,9887,5827974,204
115636,11,4,4300414,2021,10,10,3,3,2,2,0,1,1,0,0,0,0,1,791845,7789,5826592,29
115635,11,12,12100205,2021,12,15,4,3,2,6,1,0,1,0,0,0,0,1,794557,8625,5833881,34
115634,11,4,4100101,2021,5,7,6,3,2,6,0,0,1,0,0,0,1,0,791140,28,5829419,906
115631,11,7,7300619,2021,1,10,4,3,3,2,0,0,1,0,0,0,0,1,795638,2603,5823236,336
115627,11,1,1100205,2021,6,14,2,3,1,5,0,0,1,0,0,0,0,0,797128,4722,5826745,826
115624,11,7,7200308,2021,12,16,6,3,6,2,2,0,1,1,0,0,0,1,795242,8346,5823529,518
115623,11,1,1100102,2021,8,12,2,3,3,6,0,0,1,0,1,0,0,0,795987,4142,5827312,315
115621,11,12,12400721,2021,9,14,1,3,1,5,0,1,1,0,0,0,0,0,791015,6182,5841218,821
115619,11,9,9100202,2021,3,21,1,3,5,5,2,1,1,0,0,0,0,1,802930,858,5824726,478
115616,11,7,7400721,2021,6,10,1,3,2,6,0,0,1,0,0,0,0,0,797828,3069,5822743,214
115614,11,9,9100305,2021,9,10,3,2,0,1,0,1,0,0,0,0,0,0,804509,4389,5823189,906
115613,11,10,10300734,2021,11,17,2,3,2,6,2,0,1,0,0,0,0,0,810336,6929,5827083,145
115612,11,4,4400830,2021,8,17,3,3,2,6,0,0,1,0,1,0,0,0,792043,5808,5823877,203
115607,11,7,7400824,2021,10,17,7,3,1,5,0,1,1,0,0,0,0,0,797834,9232,5822252,26
115606,11,1,1100310,2021,12,16,3,3,5,3,2,0,1,0,0,0,1,1,799107,1095,5827693,697
115603,11,6,6400737,2021,2,19,2,3,2,6,2,0,1,0,0,0,1,0,785280,4223,5816277,423
115599,11,7,7501133,2021,6,17,3,3,5,5,0,0,1,0,1,0,0,0,798203,6175,5818848,994
115595,11,7,7601442,2021,5,6,4,3,5,7,0,1,1,0,0,0,0,0,799683,6742,5815208,742
115594,11,1,1100310,2021,8,8,5,3,3,6,0,0,1,0,0,0,1,0,799003,5737,5828205,284
115587,11,1,1100311,2021,7,8,3,3,0,7,0,1,0,0,0,0,0,0,800072,1154,5828070,788
115585,11,12,12400723,2021,10,16,2,3,5,2,0,1,1,0,0,0,0,0,791888,6087,5838992,367
115584,11,3,3400828,2021,11,16,2,3,5,3,1,0,1,0,0,0,0,0,800173,8223,5832247,771
115583,11,8,8200622,2021,9,15,6,3,2,6,0,0,1,0,0,0,0,0,802062,5448,5821856,877
115580,11,4,4200310,2021,4,14,4,3,0,1,0,1,0,0,0,0,0,0,789832,9371,5826243,802
115577,11,7,7501030,2021,3,15,2,3,5,7,0,0,1,0,0,0,0,1,797918,5341,5820156,317
115576,11,9,9100202,2021,10,7,6,3,3,6,1,0,1,0,1,0,0,0,802877,3198,5824778,627
115575,11,3,3400620,2021,12,11,4,3,3,6,0,0,1,0,0,0,1,0,798043,6606,5833922,31
115574,11,9,9100409,2021,9,21,4,2,3,6,2,0,1,0,0,0,0,1,806567,8035,5818308,95
115572,11,3,3701660,2021,2,21,4,3,6,4,2,0,0,1,0,0,1,2,800052,675,5829007,804
115568,11,6,6300526,2021,6,10,2,3,5,2,0,1,1,0,0,0,0,0,789579,6468,5817961,3
115564,11,6,6400735,2021,5,1,4,3,0,1,2,0,1,0,0,0,0,0,778573,4275,5814897,649
115563,11,7,7400824,2021,8,13,7,3,0,7,0,0,1,0,0,0,0,0,797349,1362,5822327,457
115559,11,12,12100204,2021,7,14,5,3,1,5,0,1,1,0,0,0,0,0,795759,3724,5832649,126