OBJECTID,LAND,BEZ,LOR_ab_2021,UJAHR,UMONAT,USTUNDE,UWOCHENTAG,UKATEGORIE,UART,UTYP1,ULICHTVERH,IstRad,IstPKW,IstFuss,IstKrad,IstGkfz,IstSonstige,USTRZUSTAND,LINREFX,LINREFY,XGCSWGS84,YGCSWGS84
115557,11,4,4400830,2021,10,16,2,3,2,6,0,0,1,0,0,0,0,0,792209,2353,5823676,429
115556,11,1,1100310,2021,11,7,4,3,6,2,2,0,1,1,0,0,0,1,799791,6383,5828611,657
115552,11,12,12601032,2021,1,7,6,3,3,6,0,0,1,0,0,1,0,1,792727,4817,5837424,981
115549,11,1,1300836,2021,4,10,2,3,2,6,0,0,1,0,0,0,0,0,796213,7884,5830220,113
115548,11,12,12400723,2021,6,2,1,3,9,1,2,0,1,0,0,0,0,0,791813,508,5839299,6
115546,11,4,4300621,2021,11,14,6,3,5,3,0,0,1,0,0,0,1,0,792257,905,5826682,827
115544,11,3,3601142,2021,5,8,7,2,5,2,0,0,1,0,0,0,0,0,799141,8061,5830374,505
115543,11,7,7400824,2021,8,5,1,3,5,2,0,0,1,0,0,0,0,0,797848,5281,5822307,39
115542,11,11,11300722,2021,9,12,5,3,3,6,0,0,1,0,0,0,1,0,803795,9588,5827579,12
115538,11,1,1100311,2021,2,16,1,3,5,2,0,1,0,0,0,0,0,0,800165,8512,5828031,697
115535,11,7,7300619,2021,7,8,5,3,2,6,0,0,1,0,0,0,1,1,796273,844,5822709,4
115533,11,9,9100202,2021,9,17,6,3,2,3,0,1,0,0,0,0,1,0,803092,5922,5824569,821
115532,11,3,3400721,2021,11,13,2,3,5,2,0,1,1,0,0,0,0,1,798082,9611,5833574,57
115531,11,10,10400940,2021,8,14,7,2,0,7,0,1,0,0,0,0,0,0,812196,1132,5827147,555
115526,11,7,7400720,2021,7,13,1,3,3,6,0,0,1,0,1,0,0,0,797823,7106,5822488,31
115525,11,3,3100101,2021,10,14,5,3,2,6,0,0,1,0,0,0,0,1,800210,2312,5839286,126
115524,11,7,7501133,2021,12,17,2,3,0,3,2,0,0,0,1,0,1,0,797550,6852,5818306,766
115523,11,2,2500727,2021,5,12,2,3,0,6,0,1,0,0,0,0,0,0,802146,2533,5827747,788
115522,11,2,2500727,2021,5,16,7,3,2,6,0,0,1,0,0,0,0,0,802561,7282,5827688,7
115519,11,3,3601142,2021,2,16,3,3,6,7,2,0,1,1,0,0,0,1,799165,5228,5830386,212
115515,11,1,1100310,2021,6,10,6,3,2,6,0,0,1,0,0,0,0,0,799692,5916,5828505,978
115511,11,7,7601547,2021,5,8,6,2,0,7,0,0,1,0,0,0,0,0,800466,1569,5812468,585
115510,11,7,7400823,2021,8,15,5,3,2,6,0,0,1,0,0,0,1,0,796847,61,5822389,496
115508,11,8,8200624,2021,9,13,7,3,0,7,0,0,0,0,0,0,1,0,801016,5404,5821648,578
115507,11,9,9100101,2021,3,10,6,3,5,2,0,1,0,0,0,0,1,1,802709,6029,5825270,788
115503,11,4,4200310,2021,7,6,5,2,2,6,0,0,1,0,0,0,0,0,789168,5385,5826160,711
115501,11,4,4100101,2021,9,17,5,3,3,6,0,0,1,0,1,0,0,0,791145,8558,5829378,13
115500,11,10,10100311,2021,11,13,2,3,6,7,0,1,0,1,0,0,0,0,808048,9874,5827445,904
115499,11,4,4300414,2021,8,8,3,3,0,2,0,1,1,0,0,0,0,1,791564,8657,5826544,665
115496,11,6,6400736,2021,4,18,5,2,9,1,0,0,0,0,1,0,0,0,785095,8953,5815956,227
115493,11,4,4300622,2021,3,15,6,3,5,2,0,0,0,0,0,1,1,0,793302,3784,5826822,804
115492,11,1,1300836,2021,10,8,4,3,5,2,0,1,1,0,0,0,0,1,796319,2263,5830073,464
115491,11,7,7400823,2021,12,19,5,3,2,6,0,0,1,0,0,0,0,0,796854,4466,5822387,822
115490,11,3,3601449,2021,9,21,6,2,5,2,2,0,1,0,0,0,1,0,801348,9709,5831003,534
115488,11,7,7400720,2021,2,16,6,3,2,6,0,0,1,0,0,0,0,0,797777,269,5823509,976
115484,11,6,6300527,2021,6,16,7,2,1,7,0,0,1,0,0,0,0,0,790726,328,5818643,664
115480,11,1,1100310,2021,5,8,5,3,3,6,0,0,1,0,1,0,0,0,799187,703,5828390,667
115479,11,4,4300621,2021,5,20,7,3,5,3,0,0,1,0,0,0,1,0,792384,1254,5826703,72
115478,11,7,7200410,2021,8,11,5,3,3,6,0,1,0,0,0,1,1,0,795560,3455,5823888,428
115474,11,4,4400830,2021,7,16,2,3,8,1,0,0,1,0,0,0,0,0,792063,3455,5823862,24
115470,11,11,11300722,2021,7,15,3,3,2,6,0,1,1,0,0,0,0,0,803778,7922,5827580,785
115468,11,7,7501133,2021,10,13,7,3,1,5,0,0,1,0,0,0,1,0,798324,1365,5818500,906
115467,11,3,3601449,2021,11,19,1,3,1,5,2,1,1,0,0,0,0,1,801011,3286,5830594,723
115466,11,3,3500933,2021,9,14,6,3,0,2,0,0,1,0,0,0,1,0,802791,2609,5832257,26
115463,11,12,12200414,2021,4,0,7,3,8,1,2,0,1,0,0,0,0,0,791862,911,5831369,927
115460,11,3,3200204,2021,4,14,6,3,2,6,0,0,1,0,1,0,0,0,797848,3408,5837673,667
115459,11,4,4400727,2021,10,7,5,3,2,6,0,0,1,0,0,0,0,0,791655,2298,5824286,441
115458,11,1,1100310,2021,12,19,3,3,3,2,2,1,1,0,0,0,0,0,799571,12,5828269,929
115457,11,12,12200515,2021,5,16,3,3,2,6,0,0,1,0,1,0,0,0,790764,4607,5834742,757
115456,11,9,9100203,2021,7,14,7,3,2,7,0,0,1,0,0,0,0,0,804168,368,5823519,231
115453,11,9,9100305,2021,2,20,2,3,5,3,2,1,1,0,0,0,0,0,805147,852,5822568,757
115450,11,3,3601452,2021,6,18,3,3,5,2,0,1,1,0,0,0,0,0,801433,9662,5829173,243
115447,11,2,2100101,2021,10,10,5,3,5,2,0,0,1,0,0,0,0,1,797866,1764,5825500,474
115446,11,2,2200208,2021,12,19,2,3,2,6,2,0,1,0,0,0,0,1,797844,8639,5825011,23
115444,11,4,4300415,2021,1,15,3,3,2,6,0,0,1,0,0,0,1,1,790740,9749,5826291,537
115440,11,7,7501135,2021,6,19,7,3,5,2,0,0,1,0,0,0,0,0,798881,5821,5817221,652
115436,11,1,2400520,2021,5,20,4,3,2,6,1,0,1,0,0,0,0,0,799793,4001,5828679,678
115435,11,1,1200624,2021,5,15,6,3,0,6,0,0,1,0,1,0,0,1,796025,9101,5829345,138
115434,11,4,4200310,2021,8,17,5,3,5,3,0,1,1,0,0,0,0,0,790254,6687,5826331,512
115427,11,4,4300621,2021,7,20,3,2,0,2,1,1,0,0,0,0,0,0,792384,242,5826703,703
115425,11,2,2500835,2021,10,20,2,3,4,7,2,0,1,0,0,0,0,0,802141,9085,5826113,124
115424,11,3,3601451,2021,11,5,3,3,5,3,2,1,1,0,0,0,0,1,801005,9477,5829623,609
115423,11,4,4100102,2021,9,17,6,3,2,6,0,0,1,0,0,0,0,0,791527,8389,5829160,647
115420,11,12,12100103,2021,4,10,2,3,3,6,0,0,0,0,0,1,1,0,795380,9528,5833692,27
115417,11,4,4300414,2021,3,16,3,3,5,2,0,1,1,0,0,0,0,0,791855,8875,5826593,765
115416,11,7,7400720,2021,10,8,2,3,2,6,0,0,1,0,0,0,0,0,797823,5764,5822490,992
115415,11,4,4400725,2021,12,14,5,3,2,6,1,0,1,0,0,0,1,1,790560,872,5825136,1
115414,11,3,3701657,2021,6,8,3,3,2,6,0,0,1,0,0,0,0,0,800003,5034,5830309,363
115413,11,4,4200311,2021,9,20,4,3,3,6,2,0,1,0,0,1,0,1,790510,2106,5825528,154
115411,11,6,4200207,2021,2,14,1,2,2,6,0,0,1,0,1,0,0,0,787885,2271,5821881,625
115408,11,4,4501148,2021,6,18,7,3,8,1,0,0,1,0,0,0,0,0,792627,744,5823353,668
115405,11,7,7300619,2021,5,18,1,3,2,6,0,0,1,0,0,0,1,1,795753,515,5823099,571
115404,11,3,3601139,2021,8,19,1,3,0,1,0,1,0,0,0,0,0,0,799225,8742,5832014,452
115400,11,3,3601142,2021,7,2,4,3,2,6,2,1,0,0,0,0,0,1,799163,268,5830607,422
115398,11,11,11401032,2021,10,12,4,3,5,3,0,0,1,0,0,0,1,0,805652,666,5827389,905
115397,11,8,8200622,2021,11,14,7,3,2,6,0,0,1,0,0,0,0,1,802090,1096,5821851,669
115396,11,4,4400726,2021,5,15,2,3,2,6,0,0,1,0,1,0,0,0,790872,2053,5824707,557
115394,11,7,7501135,2021,4,10,6,3,6,7,0,0,1,1,0,0,0,0,798846,8789,5817304,102
115391,11,12,12100101,2021,1,1,2,3,5,7,2,0,1,0,0,0,0,1,795828,37,5832343,686
115388,11,4,4400830,2021,4,17,5,3,2,6,0,0,1,0,0,0,0,0,792306,1337,5823564,494
115387,11,3,3400620,2021,6,9,4,3,6,4,0,1,0,1,0,0,0,0,798013,3179,5833719,831
115385,11,1,1100207,2021,12,11,5,3,2,6,0,0,1,0,0,0,0,1,798638,483,5827034,88
115384,11,7,7601236,2021,5,8,4,3,2,2,0,0,1,0,0,0,0,0,796602,3502,5816010,29
115383,11,10,10100312,2021,8,15,4,3,2,6,0,0,1,0,0,0,0,0,807669,2504,5829970,436
115382,11,3,3601451,2021,9,12,5,3,5,2,0,1,1,0,0,0,0,0,800767,345,5829819,755
115379,11,7,7501030,2021,3,10,2,3,2,6,0,0,1,0,0,1,0,0,797952,8931,5819962,462
115376,11,2,2200208,2021,6,9,3,2,5,2,0,1,0,0,0,1,0,0,797897,8275,5825434,918
115374,11,5,5200528,2021,9,11,4,3,5,2,0,0,1,0,0,0,0,0,783515,2877,5826712,876
115373,11,1,1100310,2021,10,14,1,3,0,2,0,1,1,0,0,0,0,0,799792,4349,5828612,935
115372,11,2,2400521,2021,8,22,1,3,8,1,2,0,1,0,0,0,0,0,800970,3627,5827852,244
115367,11,4,4200206,2021,7,12,7,3,1,5,0,1,1,0,0,0,0,0,787877,4353,5825954,276
115366,11,7,7300619,2021,10,19,5,3,2,6,1,0,1,0,0,0,0,1,795220,9047,5822902,26
115365,11,10,10300733,2021,12,18,2,3,5,3,2,1,1,0,0,0,0,0,809660,1683,5827317,94
115364,11,6,6400737,2021,5,17,1,3,2,6,0,0,1,0,0,0,1,0,784957,2324,5817376,116
115361,11,3,3601348,2021,2,14,3,3,0,2,0,1,0,0,0,0,1,1,799688,867,5830258,74
115357,11,3,3701657,2021,6,14,6,3,2,6,0,0,1,0,0,0,0,0,800310,2512,5830043,229
115353,11,3,3200205,2021,5,13,2,2,5,2,0,1,0,0,0,1,0,0,798116,7335,5835781,42
115352,11,1,1100104,2021,8,22,7,3,2,6,2,0,1,0,0,0,0,0,796218,6357,5825862,704
115350,11,4,4200206,2021,9,10,4,3,3,6,0,0,1,0,0,1,0,0,787521,2722,5825897,186
115348,11,1,1100310,2021,3,19,2,2,6,4,2,0,1,1,0,0,0,1,799785,9017,5828602,456
115344,11,12,12400723,2021,7,13,2,3,2,6,0,0,1,0,0,0,0,0,791885,3908,5839005,453
115342,11,9,9200613,2021,9,12,3,3,6,2,0,0,1,1,0,0,0,0,805458,105,5822258,8
115341,11,3,3501037,2021,11,7,3,2,0,1,0,1,0,0,0,0,0,1,802770,575,5832785,415
115340,11,2,2200208,2021,8,12,5,3,5,2,0,1,1,0,0,0,0,0,797898,3349,5825432,554
115337,11,3,3400826,2021,4,16,5,3,3,6,0,0,1,0,0,0,0,0,799142,3576,5832305,623
115334,11,6,6300526,2021,3,14,2,3,5,2,0,1,1,0,0,0,0,1,789579,102,5817961,181
115333,11,7,7501030,2021,10,12,4,3,5,3,0,0,1,0,1,0,0,1,798039,5547,5819470,87
115332,11,1,1400940,2021,12,16,3,3,5,3,1,0,1,0,0,0,0,1,795878,6791,5832059,299
115331,11,10,10300733,2021,9,7,5,3,5,3,0,0,1,0,0,0,0,1,808930,197,5827407,125
115329,11,11,11300725,2021,2,12,1,3,3,6,0,0,1,0,0,0,1,2,805162,9532,5827444,262
115325,11,2,2500729,2021,6,13,7,3,2,6,0,0,1,0,0,0,0,0,803526,8071,5827605,271
115320,11,6,6300527,2021,5,7,4,3,1,1,0,1,1,0,0,0,0,0,790364,8435,5818432,59
115319,11,2,2500729,2021,8,14,2,3,6,4,0,1,0,1,0,0,0,0,803474,3464,5827595,52
115315,11,4,4501153,2021,7,16,2,3,3,6,0,0,1,0,0,1,0,0,794188,209,5823021,413
115312,11,3,3100101,2021,7,6,6,2,2,6,0,0,1,0,0,1,0,1,799532,2184,5840731,893
115310,11,2,2100101,2021,10,18,7,3,5,3,0,0,1,0,0,0,1,0,797886,146,5825492,833
115309,11,11,11300722,2021,11,11,2,3,5,2,0,0,1,0,0,0,1,0,803759,7974,5827566,547
115308,11,2,2200208,2021,5,8,2,3,5,2,0,1,1,0,0,0,0,0,797898,3349,5825432,554
115306,11,7,7300619,2021,9,11,7,3,3,6,0,0,1,0,0,0,1,0,795218,814,5822882,283
115303,11,7,7400927,2021,4,6,3,3,2,6,0,0,1,0,0,0,0,0,799411,331,5821538,273
115300,11,7,7100205,2021,4,17,6,3,2,6,0,0,1,0,0,0,0,0,796071,2918,5825473,918
115299,11,12,12100101,2021,7,15,2,3,5,2,0,1,1,0,0,0,0,0,795828,3672,5832341,796
115297,11,4,4200308,2021,10,12,7,3,2,6,0,0,1,0,0,0,0,0,790416,4396,5827768,394
115296,11,4,4100101,2021,12,11,3,3,2,6,0,0,1,0,0,0,0,0,791127,1042,5829357,44
115295,11,6,6300527,2021,5,16,3,3,2,6,0,0,1,0,0,0,0,0,790620,5746,5818559,769
115294,11,3,3601245,2021,8,18,3,3,0,7,0,1,0,0,0,0,0,0,800203,3069,5831120,398
115291,11,7,7501133,2021,3,8,4,3,5,2,0,1,1,0,0,0,0,0,798225,9006,5818769,853
115288,11,4,4400726,2021,6,23,1,3,8,1,2,0,1,0,0,0,0,0,790872,386,5824707,697
115286,11,11,11300722,2021,9,12,3,3,2,2,0,1,1,0,0,0,0,0,804235,9806,5827518,658
115285,11,2,2200208,2021,5,15,2,3,2,2,0,0,1,0,0,0,0,0,797873,2738,5825445,1
115284,11,3,3601141,2021,8,12,3,2,5,2,0,0,1,0,1,0,0,0,799219,5428,5831434,484
115280,11,12,12100103,2021,7,10,3,3,5,3,0,0,1,0,0,0,0,0,795421,7279,5833562,357
115278,11,4,4200206,2021,10,9,5,2,9,1,0,1,0,0,0,0,0,0,786462,22,5825927,433
115277,11,3,3601141,2021,11,17,5,3,5,2,1,1,1,0,0,0,0,0,799220,7687,5831454,912
115273,11,1,1100102,2021,1,5,5,3,6,2,2,0,1,1,0,0,0,1,796420,6609,5826329,247
115269,11,7,7400824,2021,6,18,1,3,6,7,0,1,0,1,0,0,0,0,797844,4407,5822094,773
115266,11,12,12100205,2021,12,14,3,3,2,6,0,0,1,0,0,0,0,2,794558,8474,5833836,13
115265,11,3,3300517,2021,5,8,6,3,5,2,0,1,1,0,0,0,0,1,803324,592,5833647,293
115264,11,3,3200206,2021,6,15,4,3,5,3,0,0,1,0,1,0,0,0,798052,4662,5834008,769
115263,11,3,3500936,2021,8,17,6,3,2,6,0,1,1,0,0,0,0,0,801829,8011,5831386,955
115261,11,12,12100205,2021,9,17,3,3,2,3,0,0,1,0,1,0,1,0,794457,4105,5834356,9
115259,11,1,1100310,2021,3,18,6,3,2,7,2,0,1,0,1,0,0,0,798822,4872,5828009,169
115256,11,7,7501133,2021,6,11,2,3,2,6,0,0,1,0,0,0,0,0,798041,9116,5819017,229
115254,11,10,10100210,2021,9,20,4,3,3,6,2,1,1,0,0,0,0,0,808274,3962,5831917,631
115253,11,1,1400940,2021,11,8,2,3,5,3,0,1,1,0,0,0,0,1,795877,854,5832063,731
115252,11,6,6300527,2021,9,13,4,3,5,2,0,1,1,0,0,0,0,0,790291,8532,5818366,836
115248,11,1,1200624,2021,7,11,5,3,3,6,0,0,1,0,0,0,1,0,795942,83,5829467,234
115247,11,3,3300517,2021,10,9,5,3,5,3,0,1,1,0,0,0,0,1,803319,1692,5833642,56
115246,11,4,4100101,2021,12,12,4,3,2,6,0,0,1,0,0,0,0,1,791265,5844,5829827,208
115245,11,2,2100101,2021,5,16,1,2,6,2,0,0,1,1,0,0,0,1,797025,4864,5825883,779
115244,11,4,4300414,2021,8,19,3,3,5,2,1,1,1,0,0,0,0,0,791024,9822,5826458,32
115240,11,2,2500834,2021,7,18,3,3,5,2,0,1,1,0,0,0,0,0,802035,297,5827023,689
115238,11,3,3200205,2021,10,14,3,3,5,3,0,0,1,0,0,0,0,1,798114,3654,5835733,138
115237,11,9,9100306,2021,11,0,6,3,0,7,2,0,1,0,0,0,0,0,802969,5685,5821182,369
115235,11,4,4300415,2021,5,14,6,2,3,6,0,0,1,0,0,1,1,0,790631,1603,5825957,318
115232,11,1,1300836,2021,1,18,3,2,5,2,2,0,1,0,0,0,0,0,796201,537,5830191,629
115229,11,2,2500729,2021,4,7,1,3,1,7,0,0,1,0,0,0,0,1,803554,8006,5827586,444
115228,11,2,2200209,2021,6,10,4,3,2,4,0,1,0,1,0,0,0,0,797772,573,5824636,396
115225,11,7,7601442,2021,12,18,4,3,6,7,2,0,0,1,0,0,1,1,799254,2114,5816323,815
115224,11,4,4300414,2021,8,15,7,3,5,2,0,1,0,0,0,0,0,0,791846,8636,5826592,214
115222,11,2,2500834,2021,9,17,7,3,2,6,1,1,1,0,0,0,0,1,802046,3726,5827074,679
115220,11,3,3500936,2021,3,11,5,2,6,4,0,0,1,1,0,0,0,0,802139,8669,5831501,855
115217,11,1,1400940,2021,6,8,2,3,0,3,0,1,1,0,0,0,0,0,795861,8024,5832068,738
115215,11,3,3601139,2021,9,14,6,3,5,3,0,1,1,0,0,0,0,0,799237,931,5831941,483
115214,11,7,7200308,2021,11,0,5,2,6,2,2,0,1,1,0,0,0,1,795236,5971,5823509,692
115213,11,10,10300733,2021,8,10,5,2,5,2,0,1,0,0,0,0,1,0,809659,5512,5827336,26
115208,11,12,12500930,2021,7,9,6,2,6,4,0,0,0,1,0,0,1,0,794066,6383,5835075,749
115207,11,11,11300724,2021,10,13,6,3,0,7,0,0,0,0,1,0,0,1,804540,6898,5827485,638
115206,11,11,11300725,2021,12,12,2,3,3,6,0,0,1,0,0,1,0,0,804883,651,5827448,154
115203,11,2,2500834,2021,1,15,3,3,0,2,0,1,1,0,0,0,0,1,802032,4311,5827012,7
115199,11,10,10400837,2021,6,7,2,2,6,2,0,0,1,1,0,0,0,0,810878,4297,5827088,184
115195,11,9,9100203,2021,5,18,1,3,5,3,0,1,1,0,0,0,0,1,804106,561,5824366,79
115194,11,7,7400824,2021,6,12,6,3,3,6,0,0,1,0,1,0,0,0,797330,1297,5822340,749
115193,11,6,6300629,2021,8,6,7,3,8,1,0,0,0,0,0,0,1,0,792896,7096,5820055,489
115187,11,4,4400830,2021,7,13,7,3,3,6,0,0,1,0,1,0,1,0,792398,3222,5823205,971
115185,11,12,12601032,2021,10,11,6,3,5,3,0,0,1,0,0,0,0,0,792782,403,5837344,434
115184,11,1,1200624,2021,11,16,2,2,0,7,1,0,0,0,0,0,1,1,796352,85,5828840,597
115183,11,4,4200311,2021,8,8,2,2,0,1,0,1,0,0,0,0,0,1,790372,6662,5826351,84
115180,11,12,12601032,2021,4,10,3,3,5,3,0,1,1,0,0,0,0,0,792823,1985,5837273,103
115177,11,7,7400824,2021,3,16,6,3,2,6,0,0,1,0,0,0,1,0,797831,1429,5822322,38
115176,11,10,10300734,2021,10,18,4,2,6,4,2,1,0,1,0,0,0,0,810356,2826,5827082,433
115175,11,10,10100312,2021,12,15,5,3,2,3,0,1,1,0,0,0,0,1,807669,372,5830002,109
115174,11,1,1100102,2021,9,21,2,3,1,5,2,1,1,0,0,0,0,0,794879,6465,5827128,431
115172,11,4,4200206,2021,2,11,5,3,3,6,0,0,1,0,0,0,0,2,787973,238,5825969,729
115168,11,12,12100101,2021,6,23,4,2,1,5,2,1,1,0,0,0,0,0,795814,4755,5832332,835
115163,11,1,1100102,2021,5,8,4,3,2,6,0,0,1,0,0,0,0,0,796435,1589,5826378,194
115162,11,4,4200308,2021,8,9,4,3,2,6,0,0,1,0,0,0,1,0,790468,7914,5827632,803
115158,11,1,1401049,2021,7,23,2,3,1,5,2,1,1,0,0,0,0,0,795998,715,5831452,431
115155,11,6,6300527,2021,7,22,6,3,5,2,2,1,0,0,0,0,1,1,790294,1564,5818368,259
115153,11,2,2400521,2021,10,14,4,3,3,6,0,0,1,0,0,0,0,0,800387,6745,5827977,421
115152,11,4,4300621,2021,11,9,3,3,6,7,0,0,1,1,0,0,0,1,792033,6712,5826623,606
115150,11,2,2500727,2021,9,22,5,3,6,6,2,1,0,1,0,0,0,0,802593,9702,5827685,465
115148,11,4,4300414,2021,6,15,7,3,6,4,0,0,1,1,0,0,0,0,791448,9747,5826546,32
115146,11,6,6400737,2021,4,4,2,3,0,7,2,0,1,0,0,0,0,0,785393,393,5818267,771
115143,11,4,4300621,2021,3,10,4,2,5,7,0,0,1,0,0,0,0,0,792130,457,5826661,219
115142,11,9,9100101,2021,7,20,4,3,5,3,0,0,1,0,0,0,1,0,802580,269,5825073,445
115140,11,4,4300414,2021,10,21,2,3,6,2,2,0,1,1,0,0,0,0,791560,5247,5826565,167
115139,11,7,7501133,2021,6,14,7,2,5,7,0,1,0,0,0,1,0,0,798485,7567,5818110,52
115138,11,4,4400725,2021,12,17,6,3,2,6,2,0,1,0,0,0,0,0,790561,8244,5825168,191
115137,11,7,7501030,2021,8,14,5,3,3,6,0,0,0,0,1,0,1,0,797889,388,5820398,308
115136,11,7,7501030,2021,9,17,6,3,5,3,0,0,1,0,0,0,0,1,798039,3446,5819472,66
115132,11,4,4300621,2021,2,9,3,3,5,2,0,1,1,0,0,0,0,0,792741,5603,5826763,859
115129,11,7,7400825,2021,6,14,4,3,2,6,0,0,1,0,0,0,0,0,797865,2948,5820536,799
115127,11,1,1100310,2021,9,21,7,3,2,6,2,0,1,0,0,0,0,0,799706,5468,5828469,702
115126,11,3,3500934,2021,8,8,4,3,3,6,0,1,1,0,0,0,0,0,800269,1376,5831825,268
115123,11,2,2500728,2021,7,16,6,3,5,3,0,0,1,0,1,0,0,0,803096,2419,5827650,3
115121,11,1,1401049,2021,10,15,6,3,2,6,0,0,1,0,0,0,0,1,796035,5102,5831394,238
115120,11,5,5200633,2021,12,7,3,3,2,6,0,0,1,0,0,0,0,0,783994,1713,5826586,487
115119,11,2,2500726,2021,4,18,6,3,0,1,1,1,0,0,0,0,0,0,801992,3152,5828182,942
115116,11,9,9100101,2021,1,17,3,3,6,2,2,0,1,1,0,0,0,1,802670,9121,5825216,967
115112,11,7,7400825,2021,6,15,2,3,2,6,0,0,1,0,0,0,1,0,797877,15,5820468,853
115109,11,7,7200410,2021,12,19,2,3,1,5,2,1,1,0,0,0,0,0,795692,7732,5823984,24
115108,11,4,4400726,2021,5,11,6,3,2,7,0,0,1,0,0,0,1,0,790663,592,5824996,54
115107,11,4,4300621,2021,8,10,2,3,3,6,0,1,1,0,0,0,0,0,792129,4758,5826661,52
115105,11,1,1100206,2021,9,7,3,3,0,6,0,1,0,0,0,0,1,0,798122,6946,5827657,924
115103,11,7,7601442,2021,3,15,6,2,6,4,0,0,1,1,0,0,0,0,799169,7176,5816471,283
115100,11,3,3200206,2021,7,14,5,3,2,6,0,0,1,0,0,0,1,1,797962,181,5834415,803
115098,11,4,4100101,2021,9,13,2,2,2,6,0,0,1,0,0,0,1,0,790649,1626,5828804,971
115097,11,1,1100310,2021,11,9,5,3,3,6,0,1,0,0,0,0,0,0,799669,4469,5828467,39
115096,11,4,4501148,2021,8,16,6,3,2,6,0,0,1,0,0,0,0,0,792664,5648,5823337,323
115091,11,4,4400726,2021,10,16,6,3,2,6,1,0,1,0,0,0,0,1,790756,8699,5824879,323
115090,11,7,7601236,2021,12,17,6,2,6,4,2,0,1,1,0,0,0,1,796596,6028,5815996,657
115087,11,11,11300722,2021,1,16,6,3,5,2,2,1,1,0,0,0,0,1,804249,7475,5827531,799
115083,11,1,1100102,2021,6,5,5,3,5,3,0,0,1,0,0,0,0,0,796437,3879,5826316,888
115079,11,4,4400727,2021,5,15,4,3,2,6,0,0,1,0,0,0,0,0,791848,6945,5824083,281
115078,11,7,7200308,2021,8,15,6,3,5,2,0,1,1,0,0,0,0,0,795230,7697,5823535,285
115071,11,7,7300619,2021,7,14,5,3,2,6,0,0,1,0,0,0,0,0,795317,2563,5822785,826
115069,11,1,1100310,2021,10,15,3,3,0,2,0,1,1,0,0,0,0,1,799261,8696,5827859,517
115068,11,7,7400825,2021,11,16,5,3,6,4,0,0,1,1,0,0,0,1,797870,3018,5820507,722
115067,11,4,4200308,2021,9,11,6,3,2,6,0,0,1,0,0,0,0,0,790468,6622,5827594,352
115064,11,4,4100101,2021,4,16,4,3,2,6,0,0,1,0,0,0,0,0,791212,4377,5829675,195
115061,11,1,1400940,2021,3,13,6,3,5,3,0,0,1,0,0,0,0,0,795878,9476,5832057,858
115060,11,12,12200411,2021,10,22,3,2,0,1,2,0,0,0,1,0,0,1,792886,9275,5832275,174
115059,11,1,1100104,2021,12,18,7,3,0,6,2,0,1,0,1,0,0,1,796413,7514,5826241,151
115058,11,2,2500728,2021,9,16,1,3,2,2,0,1,1,0,0,0,0,0,802797,1233,5827665,93
115056,11,11,11401034,2021,2,16,7,3,0,7,1,0,1,0,0,0,0,0,807003,807,5827371,978
115052,11,5,5200634,2021,6,17,4,2,5,2,0,0,1,0,1,0,0,0,785373,567,5826218,253
115048,11,7,7200308,2021,5,17,4,3,2,6,0,0,1,0,0,0,0,0,794559,2732,5823114,934
115047,11,4,4300414,2021,8,10,4,3,5,2,0,1,1,0,0,0,0,0,791024,4361,5826476,598
115042,11,8,8200624,2021,1,20,2,3,5,3,2,0,1,0,0,0,0,1,800999,6172,5821672,991
115038,11,7,7400927,2021,6,6,5,3,2,6,0,0,1,0,0,0,0,0,798518,8065,5822085,263
115034,11,7,7501030,2021,5,14,2,2,5,3,0,1,0,0,0,0,1,0,797899,1737,5820343,248
115033,11,1,1300836,2021,8,18,5,3,2,6,0,0,1,0,1,0,0,0,796343,923,5830077,937
115026,11,4,4200206,2021,7,23,7,3,2,6,2,0,1,0,0,0,0,0,788345,243,5826029,996
115024,11,4,4200206,2021,10,15,7,3,2,6,0,0,1,0,0,0,0,0,788384,8431,5826036,435
115023,11,5,5400943,2021,11,16,4,3,8,7,1,0,1,0,0,0,0,0,780645,5907,5822885,876
115022,11,2,2500729,2021,9,13,7,3,2,6,0,0,1,0,0,0,0,0,803097,124,5827633,336
115019,11,1,1100310,2021,4,20,3,2,5,3,1,0,1,0,0,0,1,0,799571,12,5828269,929
115016,11,7,7400824,2021,3,11,4,3,2,6,0,0,1,0,0,0,1,0,797855,7144,5821404,286
115015,11,3,3200309,2021,10,19,1,2,2,6,2,0,1,0,0,0,0,1,801133,8996,5837311,46
115014,11,8,8200622,2021,12,10,6,3,3,6,0,0,1,0,0,1,0,0,801986,421,5821846,914
115013,11,2,2200208,2021,9,5,1,3,2,4,2,0,1,1,0,0,0,0,797844,9792,5824959,104
115011,11,12,12400721,2021,2,21,2,3,8,1,2,0,1,0,0,0,0,2,790530,9014,5841892,452
115007,11,6,6100208,2021,6,14,5,3,2,6,0,0,1,0,0,0,0,0,793786,934,5820758,136
115002,11,1,1100310,2021,5,20,3,3,3,6,1,0,1,0,0,0,0,1,799705,2879,5828467,538
115001,11,2,2500726,2021,8,9,2,3,5,2,0,1,0,0,0,1,0,0,801681,565,5828880,61