OBJECTID,LAND,BEZ,LOR_ab_2021,UJAHR,UMONAT,USTUNDE,UWOCHENTAG,UKATEGORIE,UART,UTYP1,ULICHTVERH,IstRad,IstPKW,IstFuss,IstKrad,IstGkfz,IstSonstige,USTRZUSTAND,LINREFX,LINREFY,XGCSWGS84,YGCSWGS84
114997,11,9,9100101,2021,7,16,2,3,5,2,0,0,1,0,0,0,0,0,802671,471,5825217,155
114995,11,2,2500726,2021,7,0,4,3,5,3,2,1,1,0,0,0,0,1,801653,5942,5828873,615
114993,11,3,3200204,2021,10,17,5,3,5,2,0,0,1,0,0,0,0,0,797157,1286,5838899,228
114992,11,10,10400940,2021,11,9,2,3,5,2,0,0,1,0,0,0,1,1,812048,9709,5827139,718
114990,11,4,4200311,2021,9,16,4,3,2,6,0,0,1,0,0,0,0,0,790064,1657,5825197,106
114987,11,4,4400725,2021,4,14,4,3,2,6,0,0,1,0,1,0,1,0,790597,2169,5825076,743
114984,11,7,7400927,2021,4,15,3,3,2,6,0,0,1,0,0,0,0,0,798546,1569,5822068,126
114983,11,9,9100101,2021,7,4,1,3,0,1,2,1,0,0,0,0,0,0,802696,6918,5825221,445
114981,11,2,2500727,2021,10,19,2,3,5,2,2,1,1,0,0,0,0,0,802580,8809,5827686,778
114980,11,6,6300526,2021,12,19,7,3,2,6,2,0,1,0,0,0,0,1,789578,3764,5817961,359
114979,11,3,3601348,2021,8,8,4,3,5,2,0,1,1,0,0,0,0,0,799716,9672,5830274,487
114978,11,7,7100205,2021,9,12,4,3,5,2,0,0,1,0,0,0,1,0,796034,264,5825282,561
114974,11,1,1300836,2021,3,13,3,3,5,2,0,1,1,0,0,0,0,0,796195,46,5830185,826
114971,11,4,4300622,2021,6,17,4,3,3,6,0,0,1,0,0,0,1,0,793292,727,5826869,321
114969,11,1,2400520,2021,9,23,6,3,6,4,2,1,0,1,0,0,0,0,799817,952,5828653,437
114968,11,12,12100103,2021,11,11,7,3,5,2,0,0,1,0,0,0,0,0,795336,4422,5833746,175
114967,11,1,1100310,2021,8,13,1,3,5,3,0,0,1,0,0,0,0,1,799119,178,5827656,891
114963,11,2,2200208,2021,7,19,7,3,2,6,0,0,1,0,0,0,0,0,797918,476,5825340,678
114962,11,7,7300619,2021,10,15,5,3,0,7,0,0,0,0,1,0,0,1,795427,9894,5822838,372
114961,11,9,9200613,2021,12,16,4,3,5,2,2,1,1,0,0,0,0,0,806133,5022,5821620,399
114960,11,4,4400726,2021,5,18,7,3,3,6,0,0,1,0,0,0,0,0,790678,4558,5824979,265
114957,11,7,7601236,2021,1,10,6,3,5,2,0,0,1,0,0,0,0,1,797057,4444,5816814,445
114953,11,7,7501133,2021,6,16,6,3,2,6,0,1,1,0,0,0,0,0,798418,958,5818273,75
114949,11,2,2400625,2021,5,19,3,3,3,6,0,1,0,0,0,0,0,0,801857,3072,5826475,209
114948,11,10,10400837,2021,8,8,5,3,5,2,0,1,1,0,0,0,0,0,811528,2057,5827129,827
114946,11,7,7400824,2021,9,9,1,3,3,6,0,0,1,0,0,0,1,0,797827,961,5822395,493
114944,11,1,1100310,2021,3,7,5,3,5,2,0,1,1,0,0,0,0,0,798784,9028,5828000,693
114941,11,1,1100310,2021,6,14,3,3,5,3,0,0,0,0,0,0,1,0,799707,583,5828531,754
114939,11,7,7400721,2021,9,22,1,3,5,2,2,1,1,0,0,0,0,0,797777,9082,5823495,986
114938,11,3,3701657,2021,11,17,5,3,5,2,2,1,1,0,0,0,0,1,799970,6949,5830201,965
114937,11,4,4200311,2021,9,13,4,3,2,6,0,0,1,0,0,0,0,0,790522,6717,5825360,267
114934,11,3,3601142,2021,4,8,2,2,6,6,0,1,0,1,0,0,0,0,799165,39,5830944,2
114931,11,6,6100209,2021,10,11,3,2,3,6,0,0,0,0,1,0,1,0,794195,8975,5821370,321
114930,11,12,12400619,2021,12,7,4,3,3,6,1,0,1,0,0,1,0,1,788079,4663,5837415,33
114927,11,3,3200204,2021,2,18,2,2,5,2,2,0,1,0,0,0,0,0,797157,558,5838898,209
114923,11,1,1100104,2021,6,12,5,3,6,6,0,1,1,1,0,0,0,0,796127,7943,5825661,918
114919,11,4,4501148,2021,5,16,2,3,2,6,0,0,1,0,0,0,1,0,792988,3475,5823092,243
114918,11,2,2500830,2021,8,2,5,3,3,6,2,1,1,0,0,0,0,0,802175,6896,5827702,99
114911,11,7,7300619,2021,7,17,5,3,2,6,0,0,1,0,0,0,0,0,795000,4929,5823095,348
114909,11,7,7501133,2021,10,12,3,3,6,2,0,0,0,1,0,1,0,1,797516,8825,5818157,123
114908,11,10,10400940,2021,11,6,3,3,5,2,1,1,1,0,0,0,0,0,813050,679,5827205,425
114907,11,7,7200308,2021,9,7,4,3,5,7,0,0,1,0,1,0,0,0,795474,4422,5823377,468
114905,11,3,3400620,2021,6,16,6,3,3,6,0,0,1,0,0,0,1,0,798044,3441,5833927,88
114903,11,12,12601031,2021,4,13,2,3,5,2,0,0,1,0,1,0,0,0,793128,5803,5836839,228
114900,11,10,10400941,2021,3,10,3,3,5,3,0,1,1,0,0,0,0,0,813262,864,5827202,511
114899,11,2,2500727,2021,10,17,2,3,5,2,1,1,1,0,0,0,0,0,802576,9516,5827687,172
114898,11,2,2200209,2021,12,10,3,3,1,7,0,0,1,0,0,0,0,0,797739,48,5824484,971
114897,11,3,3601141,2021,9,15,5,3,5,3,0,1,0,0,0,0,1,0,799229,2086,5831614,666
114895,11,4,4300414,2021,2,12,5,3,6,7,0,0,1,1,0,0,0,0,791288,9323,5826519,954
114891,11,12,12200310,2021,6,8,2,3,2,6,0,0,1,0,0,0,0,0,791741,6038,5833077,575
114887,11,10,10400837,2021,5,8,5,3,5,3,0,1,0,0,0,0,1,0,811084,3173,5827097,28
114886,11,1,1300836,2021,8,10,3,3,0,2,0,1,0,0,0,1,0,0,796286,491,5830278,212
114882,11,9,9200613,2021,7,9,3,3,5,3,0,0,1,0,0,0,1,0,806538,2471,5821214,5
114880,11,1,1300836,2021,10,8,3,3,5,2,0,0,1,0,0,0,1,1,796274,416,5830256,427
114879,11,2,2500729,2021,11,14,5,3,6,7,0,0,1,1,0,0,0,0,803555,623,5827586,414
114875,11,4,4300414,2021,1,8,3,3,6,4,0,0,1,1,0,0,0,1,791773,1822,5826579,66
114872,11,12,12200414,2021,4,17,3,3,2,6,2,0,1,0,0,0,1,0,792169,5774,5832050,689
114871,11,2,2500727,2021,6,9,2,3,5,2,0,1,1,0,0,0,0,0,802387,7966,5827706,31
114868,11,9,9100101,2021,5,11,6,3,5,3,0,1,1,0,0,0,0,1,802772,724,5825329,42
114867,11,9,9100101,2021,8,15,2,2,0,7,0,0,0,0,0,0,1,0,802672,2399,5825218,814
114866,11,1,1100206,2021,9,6,3,3,6,4,0,1,0,1,0,0,0,0,798305,4845,5827700,1
114862,11,3,3701660,2021,2,15,6,3,6,2,0,0,1,1,0,0,0,0,800023,2,5828998,995
114859,11,6,6400737,2021,6,18,4,3,1,5,0,0,1,0,0,0,0,1,786890,9569,5817120,606
114857,11,3,3500934,2021,9,9,3,3,2,2,0,1,1,0,0,0,0,0,800250,5445,5831907,336
114856,11,4,4300621,2021,11,18,2,3,6,4,2,0,0,1,0,0,1,1,791920,7592,5826625,879
114855,11,4,4300414,2021,8,13,3,3,2,6,0,0,1,0,0,0,0,0,791562,838,5826544,189
114850,11,6,6100209,2021,7,16,2,2,7,7,0,0,0,0,1,0,0,0,794278,3712,5821475,68
114849,11,11,11401032,2021,10,16,6,3,2,6,0,0,1,0,0,0,0,1,805749,8756,5827385,935
114848,11,6,6300629,2021,12,17,2,3,6,4,1,1,0,1,0,0,0,1,792421,573,5819725,655
114847,11,9,9100305,2021,5,16,2,3,2,6,0,0,1,0,0,0,0,0,805168,336,5822571,393
114844,11,3,3601451,2021,1,13,5,3,2,6,0,0,1,0,0,0,0,0,800601,44,5829929,833
114840,11,4,4400726,2021,6,15,3,3,2,6,0,0,1,0,0,0,0,0,790994,9416,5824661,752
114836,11,7,7400822,2021,7,19,5,2,2,6,0,0,1,0,1,0,0,0,796458,6616,5822585,13
114834,11,4,4100101,2021,10,17,5,3,3,6,0,0,1,0,0,0,0,0,790681,3573,5828841,751
114833,11,4,4200207,2021,11,19,4,3,3,6,2,0,1,0,0,1,0,1,789367,6605,5824209,209
114829,11,1,1100310,2021,4,14,4,3,0,3,0,1,0,0,0,0,1,0,798818,3293,5828032,37
114826,11,7,7400824,2021,3,15,1,3,3,6,0,0,1,0,0,0,0,0,797858,7504,5822104,431
114825,11,10,10100208,2021,6,13,3,2,6,4,0,0,1,1,0,0,0,0,808318,2972,5832056,16
114823,11,4,4200206,2021,11,7,4,3,5,3,0,0,1,0,1,0,0,0,786933,7013,5825809,887
114822,11,10,10100206,2021,12,21,4,3,6,2,2,0,1,1,0,0,0,1,808677,308,5832818,436
114821,11,6,6300527,2021,8,18,2,3,1,5,0,0,1,0,0,0,0,0,790030,2756,5818149,149
114820,11,4,4200206,2021,9,16,5,3,2,6,0,0,1,0,0,0,0,0,788340,3835,5826029,238
114816,11,2,2500729,2021,2,15,3,3,3,6,0,0,1,0,0,0,0,0,803551,649,5827586,876
114813,11,2,2100101,2021,6,14,7,3,6,4,0,1,0,1,0,0,0,0,797787,4748,5825526,523
114811,11,2,2100101,2021,9,10,5,3,5,3,0,0,1,0,0,0,1,0,797860,7189,5825502,98
114810,11,6,6300629,2021,11,17,5,3,5,3,2,0,1,0,1,0,0,1,792251,8685,5819610,576
114809,11,3,3500936,2021,8,10,3,3,0,2,0,0,1,0,0,0,1,0,801542,2371,5831167,45
114804,11,9,9100101,2021,7,18,6,3,5,3,0,0,1,0,0,0,1,0,802584,4364,5825069,436
114803,11,6,6300526,2021,10,15,5,3,2,2,0,1,1,0,0,0,0,1,789557,7507,5817980,864
114802,11,6,6300629,2021,12,15,3,3,5,7,1,0,1,0,1,0,0,0,792703,9045,5819922,664
114801,11,2,2200209,2021,5,7,2,3,2,6,0,0,1,0,0,0,0,0,797754,1854,5824448,284
114798,11,3,3701657,2021,1,17,4,3,5,2,2,0,1,0,0,0,0,1,799994,3727,5830221,17
114794,11,3,3601449,2021,6,19,7,2,2,2,1,0,1,0,0,0,1,0,801333,2991,5830989,816
114790,11,2,2500728,2021,5,14,6,3,5,2,0,1,1,0,0,0,0,0,803085,262,5827634,511
114789,11,9,9100202,2021,8,17,6,3,6,7,0,1,0,1,0,0,0,0,802824,4645,5824831,924
114787,11,10,10300733,2021,9,15,3,3,2,6,0,0,1,0,0,0,0,0,808614,9263,5827444,589
114786,11,7,7300619,2021,3,15,5,3,2,6,0,0,1,0,0,0,0,0,795881,713,5822666,384
114783,11,2,2400625,2021,7,20,6,3,2,6,0,1,0,0,0,0,0,0,801873,2655,5826523,108
114781,11,1,1100102,2021,9,8,3,3,2,6,0,0,1,0,0,0,0,0,796798,1095,5826697,63
114780,11,4,4300414,2021,11,9,2,3,2,6,0,0,1,0,0,0,0,1,791849,98,5826614,83
114779,11,2,2500727,2021,8,18,5,3,2,2,1,0,1,0,0,0,0,1,802594,7332,5827701,248
114776,11,7,7601442,2021,4,17,3,3,3,6,0,0,1,0,1,0,0,0,799288,1347,5816185,395
114773,11,1,1100102,2021,3,9,2,3,5,2,0,0,1,0,0,0,1,0,796458,4454,5827391,52
114772,11,4,4300414,2021,10,15,2,3,2,6,0,0,1,0,0,0,0,0,791658,1734,5826581,715
114771,11,7,7200308,2021,12,12,2,3,0,2,0,0,1,0,0,0,1,1,795229,2524,5823514,341
114769,11,7,7400825,2021,1,15,6,3,2,3,0,0,1,0,0,0,0,0,797820,1991,5820722,81
114765,11,2,2200208,2021,6,13,5,3,0,5,0,0,1,0,0,0,1,0,797917,8706,5825341,503
114761,11,7,7501030,2021,5,18,3,3,2,2,0,1,1,0,0,0,0,1,798038,6941,5819475,769
114760,11,4,4300414,2021,8,9,4,3,5,2,0,1,1,0,0,0,0,0,791564,8657,5826544,665
114756,11,3,3601142,2021,7,21,5,3,0,1,1,1,0,0,0,0,0,0,799188,471,5831261,268
114752,11,11,11300722,2021,7,14,6,2,0,1,0,0,0,0,1,0,0,0,804048,8843,5827537,474
114750,11,2,2100101,2021,10,17,6,3,5,2,0,1,0,0,0,0,1,0,797031,8648,5825874,481
114749,11,3,3601347,2021,6,23,7,3,5,2,2,1,1,0,0,0,0,0,799299,78,5830335,843
114748,11,9,9100101,2021,11,21,2,3,5,3,2,1,1,0,0,0,0,0,802589,9781,5825080,892
114747,11,12,12200414,2021,9,16,4,3,2,6,0,0,1,0,0,0,0,0,791627,4089,5830861,499
114744,11,12,12100205,2021,4,14,1,3,6,4,0,0,1,1,0,0,0,0,795156,2342,5833728,58
114741,11,7,7501133,2021,3,18,3,3,0,2,0,1,1,0,0,0,0,0,797575,5266,5818415,817
114740,11,7,7501133,2021,10,20,3,2,0,7,2,0,1,0,0,0,1,0,798144,3905,5819050,944
114739,11,3,3200205,2021,12,6,6,2,8,1,2,0,1,0,0,0,0,1,798174,2031,5835375,21
114738,11,7,7400824,2021,7,10,7,2,5,2,0,0,1,0,0,0,0,0,797829,1526,5822372,329
114735,11,6,6100101,2021,3,8,3,3,5,3,0,1,1,0,0,0,0,0,793110,7444,5820191,153
114732,11,7,7400927,2021,6,17,2,3,2,6,0,0,1,0,0,0,0,0,799290,9865,5821556,346
114729,11,12,12200414,2021,5,15,2,3,2,6,0,0,1,0,0,0,0,0,792019,5729,5831684,62
114728,11,4,4300622,2021,8,22,1,3,3,2,2,0,1,0,1,0,0,0,793303,5729,5826824,656
114724,11,4,4400726,2021,7,17,4,2,0,6,0,0,1,0,1,0,0,0,790873,3111,5824706,626
114722,11,1,1300836,2021,10,18,1,3,5,3,1,0,1,0,0,0,0,0,796193,6839,5830186,949
114721,11,1,1100102,2021,11,21,2,3,5,3,2,0,1,0,0,0,0,1,796443,4918,5826336,924
114719,11,3,3601142,2021,4,15,6,3,5,3,0,1,1,0,0,0,0,0,799165,6751,5830374,118
114716,11,1,1100310,2021,1,9,4,3,2,6,0,0,1,0,1,0,0,1,799780,8588,5828594,368
114713,11,3,3601141,2021,4,18,6,2,3,6,0,1,0,0,0,0,0,0,799215,4479,5831748,757
114712,11,11,11300722,2021,6,12,2,3,2,6,0,0,1,0,0,0,0,0,803655,2459,5827591,9
114708,11,2,2500729,2021,6,14,3,3,2,6,0,0,1,0,0,0,0,0,803515,5973,5827606,592
114707,11,11,11300724,2021,8,14,3,3,5,2,0,1,1,0,0,0,0,0,804514,2218,5827504,755
114705,11,7,7200410,2021,9,15,7,3,1,5,0,1,1,0,0,0,1,0,795328,4526,5823630,714
114703,11,1,1300836,2021,3,9,6,3,5,2,0,0,1,0,0,0,1,0,796340,95,5830081,258
114700,11,3,3601142,2021,7,14,6,3,1,5,0,1,1,0,0,0,0,0,799184,5342,5830908,997
114698,11,6,6300526,2021,9,0,5,3,0,7,2,0,0,0,1,0,0,1,789614,4888,5817969,43
114697,11,3,3601452,2021,11,23,3,3,5,3,2,1,1,0,0,0,0,1,801284,4452,5829412,978
114696,11,2,2200208,2021,8,18,6,3,5,2,0,1,1,0,0,0,0,0,797878,2611,5825435,87
114691,11,3,3100101,2021,7,6,7,3,0,1,0,0,1,0,0,0,0,0,800599,552,5840951,741
114690,11,1,1400940,2021,10,11,3,3,5,3,0,0,1,0,0,0,0,1,795878,8171,5832058,558
114689,11,1,1400940,2021,12,6,4,3,5,3,1,0,1,0,0,0,0,1,795861,7659,5832068,941
114686,11,10,10100208,2021,1,14,6,3,2,6,0,0,1,0,0,0,0,0,808317,5755,5832054,332
114682,11,7,7601544,2021,6,11,6,3,5,3,0,1,1,0,0,0,0,0,799808,518,5813822,952
114678,11,5,5400943,2021,5,7,6,2,5,2,0,1,1,0,0,0,0,0,780162,797,5822269,82
114677,11,2,2500727,2021,8,16,4,3,5,2,0,1,1,0,0,0,0,0,802581,5528,5827686,71
114674,11,4,4300622,2021,3,16,5,3,2,6,0,0,1,0,1,0,0,0,793299,6589,5826826,243
114670,11,2,2500833,2021,7,10,6,3,3,6,0,1,0,0,0,0,1,0,802073,2724,5827199,758
114668,11,10,10400940,2021,9,12,5,2,3,6,0,0,1,0,1,0,0,0,812990,7675,5827202,408
114667,11,3,3500936,2021,11,12,7,3,1,5,0,1,1,0,0,0,0,0,802076,5619,5831490,923
114666,11,4,4200308,2021,8,12,1,3,2,6,0,0,1,0,0,0,0,0,790423,9234,5827787,585
114663,11,3,3701657,2021,4,18,2,3,5,7,1,0,1,0,1,0,0,0,800137,9985,5830124,853
114660,11,7,7501133,2021,3,14,4,3,3,6,0,0,0,0,1,1,0,0,797675,1718,5818698,452
114659,11,9,9200613,2021,10,7,4,3,2,6,0,0,1,0,1,0,0,1,806984,4911,5820775,54
114658,11,2,2500726,2021,12,18,7,3,6,4,2,0,1,1,0,0,0,0,802035,9399,5828093,342
114657,11,12,12601031,2021,9,15,7,3,2,6,0,0,1,0,1,0,0,0,793182,2725,5836773,894
114655,11,4,4100101,2021,2,19,5,3,9,1,2,0,1,0,0,0,0,1,791280,5253,5829957,653
114651,11,10,10100208,2021,6,19,6,3,6,4,0,0,1,1,0,0,0,0,808330,701,5832043,728
114646,11,1,1100310,2021,5,11,4,3,2,6,0,0,1,0,0,0,0,0,799285,4163,5827908,14
114645,11,3,3601141,2021,8,8,2,3,5,2,0,1,1,0,0,0,0,0,799196,62,5831430,226
114641,11,4,4200207,2021,7,14,6,2,0,1,0,0,0,0,0,0,1,0,789384,3868,5824233,67
114638,11,1,1100310,2021,7,23,7,2,2,1,2,0,1,0,0,0,0,0,798831,9162,5828045,53
114636,11,10,10400941,2021,10,21,1,3,5,3,2,1,1,0,0,0,0,0,813261,6996,5827202,528
114635,11,9,9200613,2021,11,22,3,3,2,6,2,0,1,0,0,0,0,1,806502,2897,5821231,746
114632,11,7,7200411,2021,5,11,7,2,3,2,0,0,1,0,1,0,0,1,795790,711,5824118,235
114631,11,1,1300836,2021,6,8,4,3,0,6,0,0,1,0,0,0,1,0,796268,2425,5830250,866
114630,11,12,12100205,2021,8,12,2,3,2,2,0,0,1,0,0,0,0,0,795327,869,5833731,594
114628,11,4,4300415,2021,9,11,3,3,2,6,0,0,1,0,0,1,0,0,790701,12,5826175,435
114627,11,4,4200310,2021,3,18,7,3,1,1,2,0,1,0,0,0,0,0,790085,6519,5826302,443
114623,11,2,2500726,2021,7,7,3,3,5,2,0,1,0,0,0,0,1,0,801681,565,5828880,61
114621,11,3,3701660,2021,9,21,1,2,2,6,2,0,1,0,0,0,1,0,800065,809,5829069,22
114620,11,6,6300527,2021,11,13,7,3,3,6,0,0,1,0,0,0,0,0,791057,5839,5818838,75
114619,11,1,1400940,2021,8,22,5,3,5,3,2,0,1,0,0,0,0,1,795861,7014,5832069,301
114616,11,7,7501133,2021,4,16,6,3,5,2,0,1,1,0,0,0,0,0,798429,7185,5818245,503
114613,11,4,4400725,2021,3,16,3,3,2,6,1,0,1,0,0,0,0,0,790564,53,5825129,311
114612,11,1,1300836,2021,10,8,4,3,0,2,0,1,1,0,0,0,0,1,796214,5447,5830190,187
114611,11,10,10100312,2021,12,19,6,3,6,7,2,0,1,1,0,0,0,0,807674,6785,5829810,528
114610,11,1,1300836,2021,5,12,3,2,3,6,0,0,1,0,1,0,0,0,796229,4622,5830154,685
114609,11,7,7501133,2021,9,8,5,3,0,2,0,0,1,0,0,0,1,1,798586,3306,5817930,761
114607,11,1,1200624,2021,2,14,4,3,2,2,0,0,1,0,0,0,0,1,795870,5687,5829585,954
114603,11,4,4200308,2021,6,9,4,3,2,6,0,0,1,0,0,0,0,0,790556,167,5827379,187
114599,11,3,3200206,2021,5,14,6,3,6,4,0,0,1,1,0,0,0,1,798194,97,5834723,243
114598,11,2,2500727,2021,8,23,4,2,5,2,2,1,1,0,0,0,0,0,802144,9397,5827752,819
114594,11,2,2500727,2021,7,20,1,2,5,3,0,0,1,0,0,0,0,1,802145,4376,5827751,31
114590,11,10,10100206,2021,7,2,2,3,0,1,2,0,1,0,0,0,0,0,808899,1005,5833402,273
114588,11,12,12100204,2021,10,17,2,2,5,3,1,1,1,0,0,0,0,0,795752,3034,5832687,459
114587,11,7,7200411,2021,6,14,7,3,0,4,0,0,0,1,0,0,1,0,795903,5585,5824352,486
114586,11,2,2400625,2021,11,18,3,3,0,6,2,0,1,0,1,0,0,1,801807,3062,5826344,738
114585,11,3,3601142,2021,9,17,7,3,2,6,0,0,1,0,0,0,0,0,799141,4549,5830395,352
114582,11,3,3400620,2021,4,16,7,3,2,6,0,0,1,0,0,0,0,0,798004,5131,5833676,111
114579,11,1,1300836,2021,3,17,3,2,5,7,0,0,1,0,1,0,0,0,796261,1184,5829996,103
114577,11,11,11100101,2021,10,7,6,3,4,6,0,1,0,0,0,0,0,0,803733,6402,5834633,501
114576,11,12,12200411,2021,6,19,7,3,2,6,0,0,1,0,1,0,0,0,792901,795,5832247,685
114575,11,4,4200206,2021,12,9,4,2,5,2,0,1,1,0,0,0,0,0,788359,2322,5826032,314
114574,11,1,1100207,2021,8,11,1,2,0,1,0,1,0,0,0,0,0,0,798712,9066,5827082,899
114571,11,9,9100101,2021,3,10,2,3,2,7,0,0,1,0,0,0,0,0,802693,402,5825216,304
114568,11,3,3400723,2021,6,11,3,2,0,1,0,1,0,0,0,0,0,0,798358,865,5833479,847
114565,11,1,1100310,2021,8,7,4,3,2,2,0,1,1,0,0,0,0,0,799791,796,5828610,761
114561,11,4,4501153,2021,7,23,4,2,9,1,2,0,1,0,0,0,0,0,793896,657,5823008,732
114559,11,4,4200308,2021,10,8,3,3,2,6,0,0,1,0,0,0,0,1,790424,2474,5827735,909
114558,11,1,1300836,2021,11,13,6,3,5,3,0,0,1,0,1,0,0,0,796239,371,5830242,946
114556,11,2,2500728,2021,5,11,3,3,5,7,0,1,0,0,0,0,1,0,802697,6636,5827690,345
114553,11,4,4501148,2021,1,17,4,3,2,6,2,0,1,0,0,0,0,1,792519,1155,5823412,519
114550,11,1,1100310,2021,4,15,1,3,2,6,0,1,1,0,0,0,0,0,799545,4847,5828285,659
114549,11,12,12200414,2021,6,11,4,2,3,6,0,0,1,0,0,1,0,0,791952,4753,5831579,303
114545,11,4,4300414,2021,5,9,3,3,5,2,0,1,1,0,0,0,0,0,791029,33,5826477,351
114544,11,4,4400726,2021,8,8,5,3,2,6,0,0,1,0,0,0,0,0,790771,3472,5824852,308
114542,11,1,1100310,2021,9,8,4,3,6,4,0,0,0,1,0,0,1,0,799191,1804,5828395,469
114540,11,4,4300621,2021,3,16,4,3,5,3,0,0,1,0,0,0,0,0,792263,3986,5826683,609
114537,11,7,7400720,2021,7,18,5,3,2,6,0,0,1,0,0,0,0,1,797774,8496,5823871,884
114535,11,4,4200311,2021,9,8,2,3,3,6,0,0,1,0,0,0,0,0,790582,264,5827302,849
114534,11,7,7501029,2021,11,7,3,3,0,1,0,0,1,0,1,0,0,1,797722,573,5818813,81
114533,11,3,3400830,2021,8,14,6,3,2,6,0,0,1,0,0,0,0,0,800043,5541,5833524,6
114529,11,2,2100101,2021,7,21,6,2,5,2,2,0,1,0,1,0,0,0,797032,13,5825874,264
114528,11,12,12200310,2021,10,12,7,3,0,7,0,0,1,0,0,0,0,0,791780,1384,5832973,133
114527,11,11,11300722,2021,12,10,5,3,5,2,0,1,1,0,0,0,0,0,803764,574,5827566,118
114524,11,4,4100101,2021,1,8,1,2,0,6,0,0,1,0,0,0,1,0,791605,9792,5830589,921
114520,11,3,3701660,2021,6,23,1,3,0,3,2,1,1,0,0,0,0,0,800409,61,5829577,22
114516,11,6,6300629,2021,5,11,2,3,1,5,0,1,0,0,0,1,0,0,791822,347,5819313,96
114515,11,4,4100102,2021,8,19,5,2,2,6,1,0,1,0,0,0,0,0,791132,9522,5829063,492
114509,11,2,2500727,2021,7,15,2,2,3,6,0,1,0,0,0,0,0,0,802179,4672,5827722,14
114507,11,11,11300722,2021,10,13,7,3,2,6,0,1,0,0,0,0,0,0,804021,2118,5827555,202
114506,11,2,2500834,2021,11,3,1,2,0,1,2,1,0,0,0,0,0,0,802033,1517,5827015,247
114505,11,3,3601139,2021,9,17,6,3,5,2,0,1,1,0,0,0,0,0,799204,9633,5832154,894
114503,11,3,3400721,2021,6,16,7,3,3,6,0,1,0,0,0,0,1,0,798169,3159,5833507,932
114501,11,3,3500934,2021,4,14,3,3,4,7,0,1,0,0,0,0,0,0,800268,8408,5831826,58
114498,11,3,3400723,2021,3,11,5,3,6,2,0,0,1,1,0,0,0,0,798379,1616,5833470,279
114497,11,1,1401044,2021,10,16,5,3,2,6,0,0,1,0,0,0,0,1,796036,85,5831363,246
114496,11,6,6300527,2021,12,19,7,3,5,7,2,0,1,0,0,0,0,1,790296,521,5818369,72
114495,11,7,7400825,2021,9,7,3,3,2,6,0,0,1,0,1,0,0,0,797867,9549,5820521,311
114493,11,3,3100101,2021,2,6,3,3,8,1,2,0,0,0,0,0,1,2,801633,9121,5840535,797
114489,11,4,4400830,2021,6,11,5,3,3,6,0,0,0,0,1,0,1,0,792396,73,5823474,322
114484,11,4,4300621,2021,5,16,3,3,3,6,0,0,1,0,1,0,0,1,792078,49,5826631,9
114483,11,7,7200308,2021,8,20,2,3,5,7,2,1,1,0,0,0,0,1,795414,314,5823415,89
114479,11,1,1300836,2021,7,18,4,3,5,2,0,1,1,0,0,0,0,0,796184,661,5830195,38
114476,11,6,6300629,2021,7,3,2,2,8,1,2,0,1,0,0,0,0,0,792785,2403,5819978,834
114474,11,6,6300629,2021,10,13,4,3,3,6,0,0,1,0,0,1,0,0,792590,5124,5819844,357
114473,11,4,4300414,2021,11,16,5,3,5,3,0,1,1,0,0,0,0,0,791034,562,5826478,175
114472,11,11,11300724,2021,5,9,2,3,2,6,0,0,1,0,1,0,0,0,804266,9182,5827530,117
114470,11,11,11300724,2021,9,13,6,2,5,2,0,1,1,0,0,0,0,0,804515,107,5827504,667
114467,11,12,12100204,2021,4,9,4,3,3,6,0,0,1,0,0,0,0,0,795758,3785,5832654,516
114464,11,2,2100101,2021,4,13,1,3,5,2,0,1,1,0,0,0,0,0,797295,7787,5825592,36
114463,11,2,2400521,2021,7,18,5,3,3,6,0,1,0,0,0,0,1,0,801157,2465,5827832,744
114461,11,3,3601449,2021,10,15,3,3,2,6,0,0,1,0,0,0,1,0,801384,1216,5831033,273
114460,11,1,1100310,2021,12,23,2,3,5,3,2,0,1,0,0,0,0,0,799106,6811,5827693,2
114459,11,2,2500726,2021,8,18,5,3,1,5,0,1,1,0,0,0,0,0,801779,75,5828615,616
114458,11,10,10400837,2021,9,10,6,3,5,3,0,0,1,0,0,0,0,0,811328,7735,5827107,964
114454,11,6,6400737,2021,2,11,7,3,0,3,0,1,1,0,0,0,0,0,786712,1186,5817016,237
114451,11,9,9100203,2021,6,8,2,3,0,3,0,1,1,0,0,0,0,0,804106,561,5824366,79
114449,11,4,4300413,2021,9,2,1,2,8,1,2,0,1,0,0,0,0,0,790694,6758,5827096,664
114448,11,11,11401032,2021,11,9,5,3,6,2,0,0,1,1,0,0,0,1,805622,7726,5827377,961
114447,11,7,7400721,2021,8,20,4,3,1,5,2,0,1,0,0,0,0,1,797808,4159,5823161,125
114444,11,1,1100310,2021,7,23,7,3,5,3,2,1,1,0,0,0,0,0,798805,4545,5828020,353
114443,11,2,2500727,2021,10,21,2,3,0,1,2,0,0,0,1,0,0,1,802578,4158,5827687,25
114442,11,3,3200206,2021,11,21,3,3,4,1,2,0,1,0,0,0,0,1,797986,335,5834648,174
114441,11,3,3601449,2021,5,17,7,3,5,2,0,0,1,0,0,0,0,0,801345,9232,5831000,956
114438,11,4,4400727,2021,1,11,3,3,0,1,0,0,0,0,1,0,0,1,791404,2269,5824487,858