OBJECTID,LAND,BEZ,LOR_ab_2021,UJAHR,UMONAT,USTUNDE,UWOCHENTAG,UKATEGORIE,UART,UTYP1,ULICHTVERH,IstRad,IstPKW,IstFuss,IstKrad,IstGkfz,IstSonstige,USTRZUSTAND,LINREFX,LINREFY,XGCSWGS84,YGCSWGS84
114434,11,7,7200411,2021,6,14,2,3,0,2,0,0,1,0,0,0,1,0,795861,4386,5824303,943
114430,11,4,4300414,2021,5,15,3,3,5,2,0,1,1,0,0,0,0,0,791694,6229,5826587,878
114429,11,4,4300414,2021,8,14,2,3,2,7,0,0,0,0,1,0,1,0,791806,1035,5826606,691
114427,11,10,10400941,2021,9,5,2,2,3,6,2,0,1,0,1,0,0,0,813731,3768,5827149,828
114426,11,12,12601032,2021,9,7,4,3,5,2,0,1,1,0,0,0,0,0,792729,8396,5837421,962
114423,11,7,7501133,2021,4,18,3,3,2,6,0,0,1,0,0,0,0,0,797664,6878,5818672,582
114420,11,10,10100210,2021,4,15,6,2,2,6,0,0,1,0,1,0,0,0,808299,1671,5832012,597
114419,11,3,3601449,2021,7,15,6,2,5,2,0,1,1,0,0,0,0,0,801319,6745,5830977,753
114417,11,4,4300621,2021,10,19,3,3,2,1,1,0,1,0,0,0,0,0,792740,5828,5826742,135
114416,11,10,10100210,2021,6,13,7,3,2,2,0,1,1,0,0,0,0,0,808321,4236,5832024,392
114415,11,11,11401034,2021,12,20,2,2,0,1,2,0,1,0,0,0,0,0,807146,5341,5827415,715
114414,11,11,11401032,2021,8,15,2,3,2,6,0,0,1,0,1,0,0,0,805630,9832,5827377,383
114413,11,6,6400735,2021,9,18,4,1,0,7,0,0,1,0,1,0,0,0,782374,8442,5815745,53
114410,11,3,3601449,2021,3,15,3,3,5,2,0,1,0,0,0,1,0,0,801325,9897,5831014,96
114407,11,4,4100102,2021,6,15,3,3,2,6,0,0,1,0,0,0,0,0,791519,4102,5829140,666
114405,11,7,7400824,2021,9,18,5,3,3,6,0,0,1,0,1,0,0,0,797846,1684,5821268,2
114404,11,11,11100101,2021,8,13,5,2,2,6,0,0,1,0,0,1,0,0,803687,4721,5835351,947
114400,11,2,3601452,2021,7,17,4,3,2,6,0,0,1,0,0,0,1,0,801633,38,5828906,405
114398,11,1,1200624,2021,10,18,5,3,2,6,2,0,1,0,0,0,0,0,795930,1355,5829484,636
114397,11,4,4400727,2021,11,19,2,3,2,6,2,0,1,0,0,0,0,1,791403,4542,5824488,514
114394,11,7,7400927,2021,1,12,5,3,0,7,0,0,1,0,0,0,0,1,799191,8582,5821640,243
114390,11,12,12601032,2021,6,10,7,3,6,3,0,0,1,1,0,0,0,0,792838,6379,5837246,345
114387,11,7,7501030,2021,12,18,4,3,6,2,2,0,1,1,0,0,0,1,797871,3799,5820419,827
114386,11,7,7400720,2021,5,23,3,3,1,5,2,0,0,0,1,0,1,1,797774,2094,5823574,974
114385,11,2,2500729,2021,8,10,5,3,0,3,0,0,1,0,0,0,1,0,803112,4624,5827648,692
114383,11,3,3601142,2021,9,16,2,2,5,3,0,1,0,0,0,0,0,0,799163,574,5830558,356
114381,11,4,4200207,2021,3,4,7,2,2,6,2,0,1,0,1,0,1,1,787877,7157,5821870,753
114378,11,3,3100101,2021,6,18,4,3,9,1,0,0,1,0,0,0,0,1,800857,4343,5840804,569
114376,11,1,1100310,2021,9,17,5,3,3,6,0,0,1,0,1,0,0,0,799518,2052,5828203,288
114375,11,3,3601347,2021,11,15,3,2,1,5,0,1,0,0,0,0,1,1,799373,8707,5830318,271
114374,11,5,5200528,2021,9,16,4,3,6,2,0,0,1,1,0,0,0,0,783505,2691,5826700,883
114369,11,8,8100521,2021,7,17,7,3,2,6,0,0,1,0,0,0,0,0,802663,7092,5822015,75
114368,11,6,6400736,2021,10,17,7,3,2,6,2,0,1,0,0,0,0,1,785310,9779,5815996,837
114367,11,12,12200310,2021,12,8,3,3,2,6,0,0,1,0,0,0,0,0,791902,4553,5832743,88
114364,11,2,2400522,2021,1,14,3,3,0,6,0,0,1,0,1,0,0,1,801529,9046,5827794,949
114360,11,7,7400720,2021,6,15,7,3,3,6,0,0,1,0,0,0,0,1,797840,9596,5822488,178
114356,11,3,3601452,2021,5,10,2,3,5,7,0,0,1,0,0,0,1,0,801401,628,5829216,96
114355,11,7,7400824,2021,8,14,5,3,0,6,0,0,0,0,0,0,1,0,797867,6877,5821554,672
114348,11,6,6300629,2021,7,7,4,3,2,6,0,0,1,0,0,0,0,1,791089,531,5818856,67
114346,11,7,7100205,2021,10,6,2,3,0,7,1,0,1,0,1,0,0,1,796029,5456,5825258,359
114345,11,12,12200414,2021,11,14,6,3,2,6,0,0,1,0,0,0,0,0,792133,7636,5831922,754
114344,11,4,4200206,2021,9,11,6,3,3,6,0,1,1,0,0,0,0,0,788809,9574,5826104,841
114342,11,4,4501151,2021,6,14,7,3,2,6,0,0,1,0,0,0,0,0,793779,1497,5823002,503
114340,11,4,4300414,2021,4,7,6,3,5,2,0,0,1,0,0,0,0,0,791858,901,5826615,481
114337,11,4,4200311,2021,3,19,1,3,9,1,2,0,1,0,0,0,0,0,790448,5583,5825340,59
114336,11,4,4100101,2021,10,10,4,3,3,6,0,0,1,0,0,0,0,0,790693,5685,5828873,329
114335,11,1,1100102,2021,12,17,7,3,9,1,2,0,0,0,1,0,0,1,796456,3145,5826381,919
114334,11,7,7400721,2021,9,12,7,3,0,1,0,1,0,0,0,0,0,0,797801,94,5822976,932
114332,11,7,7100206,2021,2,9,5,3,0,6,0,0,1,0,0,0,1,1,796001,4274,5824601,943
114328,11,9,9100202,2021,6,18,6,3,0,2,0,0,1,0,0,0,1,0,803113,3551,5824550,4
114324,11,3,3601452,2021,5,16,2,3,0,1,0,1,0,0,0,0,0,0,801453,152,5829188,987
114323,11,1,1100104,2021,8,13,3,3,2,6,0,0,1,0,0,0,0,1,796278,9275,5825995,483
114318,11,4,4200311,2021,7,11,5,3,3,6,0,0,1,0,0,1,0,0,790508,4582,5825601,176
114316,11,4,4200207,2021,10,13,1,3,2,1,0,0,1,0,0,0,0,0,789795,4388,5824803,866
114315,11,1,1300836,2021,11,11,4,3,2,2,0,0,1,0,0,0,0,1,796316,5952,5830075,845
114313,11,3,3701657,2021,9,14,3,3,5,3,0,1,0,0,0,0,0,0,800319,4656,5830067,432
114310,11,1,1100205,2021,4,8,3,3,2,2,0,0,1,0,0,0,0,0,796951,2659,5826704,308
114307,11,2,2500727,2021,4,12,4,3,2,6,0,0,1,0,0,0,0,1,802544,2153,5827690,458
114306,11,7,7400822,2021,6,7,4,3,2,6,0,0,1,0,0,1,0,0,796542,8497,5822529,582
114304,11,1,1100102,2021,11,19,6,3,2,6,1,0,1,0,0,0,0,0,794700,3889,5827081,224
114302,11,2,2200208,2021,8,11,4,3,3,6,0,0,1,0,0,0,0,0,797863,4468,5825012,347
114301,11,7,7501030,2021,9,15,6,3,5,2,0,0,1,0,0,0,0,1,798039,4015,5819471,742
114297,11,11,11300724,2021,2,8,3,3,5,2,0,1,1,0,0,0,0,0,804515,7947,5827504,598
114294,11,6,6100209,2021,6,14,5,3,0,1,0,0,0,0,1,0,0,0,794202,287,5821405,735
114292,11,6,6300629,2021,9,13,7,3,5,3,0,0,1,0,1,0,0,0,791845,4846,5819328,785
114291,11,4,4200311,2021,11,11,4,3,2,6,0,0,1,0,0,0,0,0,790546,4406,5825877,893
114290,11,4,4400726,2021,8,17,6,2,2,6,0,0,1,0,0,0,0,0,790758,4925,5824850,863
114285,11,7,7200308,2021,7,12,6,3,2,6,0,0,1,0,0,0,0,0,795223,509,5823525,402
114284,11,3,3400723,2021,10,11,3,3,3,6,0,1,1,0,0,0,0,0,798457,2854,5833332,84
114283,11,7,7400720,2021,12,12,3,3,0,6,0,0,1,0,0,0,1,1,797823,4387,5822494,28
114282,11,4,4300414,2021,5,14,1,3,3,6,0,1,1,0,0,0,0,0,791098,5895,5826470,129
114278,11,1,1100310,2021,1,19,5,3,2,6,2,0,1,0,0,0,0,1,799544,6018,5828286,211
114274,11,12,12500926,2021,6,13,5,3,0,5,0,0,1,0,0,0,0,0,793673,9475,5835687,188
114270,11,7,7200411,2021,5,8,6,3,5,2,0,1,0,0,0,0,1,0,795792,783,5824122,5
114269,11,7,7400824,2021,8,17,6,3,5,3,0,1,1,0,0,0,0,0,797857,7269,5821431,711
114267,11,1,1100102,2021,9,8,2,3,3,6,0,0,1,0,0,0,0,0,796435,7992,5826380,355
114265,11,12,12500927,2021,3,19,1,2,3,6,2,0,1,0,0,0,0,1,793388,72,5836322,543
114262,11,5,5200634,2021,7,17,5,3,2,6,0,0,1,0,0,0,0,1,785278,8254,5826243,286
114260,11,4,4300414,2021,9,10,3,3,5,3,0,1,1,0,0,0,0,1,791851,3026,5826592,97
114259,11,7,7400825,2021,11,13,2,3,2,6,0,0,1,0,0,0,0,0,797866,775,5820528,143
114258,11,4,4400726,2021,8,8,5,3,0,1,0,0,0,0,1,0,0,0,791173,3346,5824637,66
114255,11,7,7300619,2021,4,23,4,2,9,1,2,0,1,0,0,0,0,0,796252,769,5822715,675
114252,11,12,12100101,2021,10,5,4,3,3,6,2,1,1,0,0,0,0,1,795804,6186,5832389,224
114251,11,2,2200209,2021,12,11,7,3,2,6,0,0,1,0,0,0,1,1,797756,3191,5824486,404
114249,11,7,7601236,2021,2,19,3,2,6,4,2,0,1,1,0,0,0,1,797028,1677,5816747,772
114245,11,3,3701660,2021,6,7,5,3,1,5,0,1,1,0,0,0,0,0,800437,144,5829622,836
114241,11,4,4200311,2021,5,14,6,2,5,2,0,1,0,0,0,1,0,0,790540,9715,5826379,223
114240,11,8,8200622,2021,8,10,6,3,3,6,0,0,1,0,0,1,0,0,801570,7771,5821777,807
114233,11,12,12100205,2021,7,16,7,3,0,7,0,1,0,0,0,0,0,0,794556,8841,5833925,759
114231,11,7,7501029,2021,10,20,1,3,2,1,0,0,1,0,0,0,0,0,797786,411,5818930,118
114230,11,6,6400735,2021,11,13,7,3,0,1,0,0,0,0,1,0,0,1,781702,5376,5815583,1
114229,11,12,12200515,2021,9,17,6,3,2,6,0,0,1,0,0,0,0,0,790690,9088,5834895,618
114226,11,1,1100310,2021,4,9,4,3,5,2,0,1,0,0,0,0,1,0,799596,5804,5828280,771
114223,11,2,2500727,2021,3,22,2,3,0,1,2,1,0,0,0,0,0,0,802176,7778,5827749,34
114221,11,12,12200515,2021,3,15,5,2,8,1,0,0,1,0,0,0,0,1,790676,2473,5834899,763
114218,11,7,7501030,2021,6,7,2,3,5,3,0,1,1,0,0,0,0,0,797869,3439,5820431,15
114216,11,6,6300526,2021,10,12,6,3,6,6,0,0,1,1,0,0,0,0,789564,6124,5817964,797
114215,11,11,11300724,2021,11,18,2,3,3,6,2,1,0,0,0,0,1,0,804466,3962,5827494,706
114214,11,3,3601449,2021,9,10,4,3,5,2,0,0,1,0,0,0,1,0,801333,3126,5831020,354
114209,11,1,1100102,2021,10,10,7,2,5,2,0,0,1,0,1,0,0,0,796458,4454,5827391,52
114208,11,7,7400927,2021,12,7,2,3,2,6,2,0,1,0,0,0,1,1,798538,6256,5822072,845
114205,11,6,6300629,2021,1,18,2,3,4,6,2,0,1,0,0,0,0,1,792655,3264,5819889,117
114201,11,9,9100409,2021,6,8,6,1,2,6,0,0,0,0,0,1,0,0,805933,3978,5818648,963
114197,11,7,7400825,2021,5,12,3,3,2,6,0,0,1,0,0,0,1,0,797877,8616,5820463,951
114196,11,4,4200311,2021,8,8,5,3,0,1,0,1,0,0,0,0,0,0,790500,9039,5826372,474
114189,11,12,12500928,2021,7,11,4,3,5,3,0,0,1,0,0,0,0,1,792369,5455,5837739,953
114187,11,9,9100306,2021,10,14,7,3,2,6,0,0,1,0,0,0,0,0,803093,2888,5820914,51
114186,11,10,10100311,2021,11,16,5,3,2,6,0,0,1,0,0,0,0,1,808038,4277,5827445,99
114185,11,6,6400737,2021,9,18,5,2,6,4,0,0,1,1,0,0,0,0,786519,5539,5816954,15
114182,11,7,7400822,2021,4,13,5,3,2,6,0,0,1,0,0,0,0,0,796517,6698,5822545,927
114179,11,4,4200311,2021,3,9,3,3,2,6,0,0,1,0,0,0,0,0,790534,6239,5826378,161
114178,11,3,3601347,2021,10,21,4,3,0,1,2,1,0,0,0,0,0,0,799304,9855,5830349,851
114177,11,7,7400927,2021,12,16,2,3,3,6,2,0,1,0,0,1,0,0,798881,5648,5821891,528
114176,11,1,1400940,2021,5,15,3,3,3,2,0,1,1,0,0,0,0,0,795862,271,5832067,486
114175,11,1,1100207,2021,5,22,2,3,5,3,2,1,1,0,0,0,0,0,798650,7286,5827024,425
114174,11,1,1100102,2021,9,8,5,3,0,1,0,1,0,0,0,0,0,1,796749,18,5826665,676
114172,11,4,4300415,2021,2,14,4,3,2,6,0,0,1,0,0,0,0,1,790702,2172,5826178,924
114168,11,7,7501133,2021,6,8,3,3,0,2,0,0,1,0,0,0,0,0,797475,5808,5817970,766
114164,11,7,7200411,2021,5,13,3,3,2,6,0,0,1,0,0,0,0,1,795930,621,5824409,67
114163,11,3,3601141,2021,8,17,2,3,6,7,0,0,1,1,0,0,0,0,799219,321,5831429,787
114159,11,3,3601142,2021,7,10,6,3,4,6,0,1,0,0,0,0,0,1,799150,678,5830803,488
114157,11,7,7601236,2021,10,16,2,3,5,2,0,1,0,0,0,1,0,0,796607,3606,5816001,707
114156,11,10,10100206,2021,11,9,2,3,5,7,0,0,1,0,0,0,0,1,808815,9415,5833167,253
114152,11,4,4100101,2021,4,8,3,3,2,6,0,0,1,0,0,0,0,0,790944,706,5829025,95
114149,11,3,3601449,2021,3,10,7,3,3,6,0,1,0,0,0,0,0,1,801055,7023,5830618,193
114148,11,1,1100310,2021,6,21,4,3,5,2,0,0,1,0,1,0,0,0,799107,8408,5827694,885
114146,11,3,3200205,2021,11,7,2,3,5,3,0,1,1,0,0,0,0,0,798165,7233,5836122,188
114145,11,3,3400724,2021,12,15,5,3,2,6,0,0,1,0,0,0,1,1,800158,5112,5835134,321
114144,11,4,4100101,2021,7,11,7,3,2,6,0,0,1,0,0,0,0,0,790873,2459,5828999,17
114143,11,12,12400721,2021,9,12,4,3,1,5,0,0,1,0,0,0,0,0,791040,7983,5841182,954
114139,11,2,2500726,2021,2,16,6,3,5,3,0,0,1,0,1,0,0,0,801652,9761,5828874,873
114136,11,12,12601031,2021,7,15,6,2,5,2,0,1,1,0,0,0,0,0,793198,9635,5836753,432
114134,11,4,4200311,2021,9,15,4,3,3,6,0,0,1,0,1,0,0,0,790641,799,5826209,112
114133,11,3,3200206,2021,10,5,1,3,1,5,2,0,1,0,0,0,0,0,798057,3136,5834039,4
114132,11,2,2400521,2021,8,7,2,3,5,2,0,0,1,0,1,0,0,1,800374,6036,5827974,722
114127,11,4,4300415,2021,7,13,6,3,2,6,0,0,1,0,0,0,0,0,790744,4558,5826301,712
114126,11,6,6300527,2021,10,18,6,3,3,6,1,0,1,0,0,0,0,1,790285,4912,5818362,906
114125,11,2,2500727,2021,12,20,6,3,1,1,2,0,1,0,0,0,1,0,802133,6631,5827900,394
114124,11,9,9100202,2021,5,8,2,3,2,6,0,0,1,0,0,0,1,0,803109,3416,5824553,864
114121,11,2,2500834,2021,1,12,4,3,5,2,0,1,1,0,0,0,0,0,802035,4804,5827025,715
114117,11,6,6400737,2021,6,16,5,3,3,6,0,0,1,0,0,0,0,0,785508,4249,5816249,101
114113,11,1,1200624,2021,5,16,6,3,2,6,0,0,1,0,0,0,0,0,795885,1182,5829599,47
114112,11,7,7200308,2021,8,19,6,3,0,2,0,1,1,0,0,0,0,1,795344,388,5823458,459
114110,11,2,1100104,2021,9,12,3,3,2,6,0,0,1,0,0,0,1,0,796729,3261,5826099,537
114109,11,7,7400824,2021,3,8,5,3,3,2,0,0,1,0,0,1,0,0,797846,189,5822368,397
114105,11,4,4200311,2021,7,16,3,3,2,6,0,0,1,0,0,0,1,0,790744,536,5826801,608
114103,11,1,1100310,2021,9,21,5,3,3,6,2,0,1,0,1,0,0,0,799796,2906,5828619,161
114102,11,5,5200528,2021,11,8,6,3,2,6,0,0,1,0,0,0,0,1,783549,8541,5826706,215
114101,11,12,12100205,2021,8,7,3,3,5,2,1,1,1,0,0,0,0,1,794457,8183,5834355,345
114098,11,3,3100101,2021,4,14,4,3,5,3,0,0,1,0,0,0,0,0,800757,9748,5838764,996
114095,11,1,1100310,2021,3,16,3,3,2,6,0,1,0,0,0,0,0,0,799108,1246,5827695,346
114094,11,6,6400737,2021,10,19,2,3,3,6,2,1,1,0,0,0,0,0,786334,8734,5816871,75
114093,11,7,7300619,2021,12,16,7,3,2,6,1,0,1,0,0,1,0,0,795743,994,5822620,596
114092,11,8,8200622,2021,9,16,4,3,2,6,1,0,1,0,0,0,0,1,801996,4458,5821849,519
114090,11,3,3601451,2021,2,16,3,2,5,3,1,1,1,0,0,0,0,1,800646,201,5830008,301
114086,11,4,4300622,2021,6,12,7,3,0,1,0,0,0,0,1,0,0,0,793106,246,5826825,611
114082,11,7,7400927,2021,5,18,5,3,0,6,0,0,1,0,1,0,0,1,798497,4319,5822081,5
114081,11,1,1400940,2021,8,17,4,3,0,7,0,1,0,0,0,0,0,1,795877,1958,5832068,7
114077,11,3,3400620,2021,7,8,5,3,0,1,0,1,0,0,0,0,0,0,798004,5499,5833676,293
114073,11,4,4200206,2021,7,10,3,3,2,6,0,0,1,0,1,0,0,0,787821,9793,5825945,488
114071,11,7,7200308,2021,10,13,3,3,2,6,0,0,1,0,1,0,0,1,795367,4291,5823426,495
114070,11,4,4200310,2021,11,12,3,3,0,7,0,1,0,0,0,0,0,1,789690,4819,5826244,969
114069,11,4,4300414,2021,9,12,6,3,0,5,0,0,1,0,0,0,1,0,791634,8238,5826577,767
114066,11,3,3400723,2021,4,18,6,3,5,2,0,1,1,0,0,0,0,0,798361,6636,5833480,658
114063,11,3,3200206,2021,4,14,6,3,0,1,0,1,0,0,0,0,0,0,798002,8085,5834181,702
114062,11,3,3701660,2021,10,8,4,3,5,3,0,1,0,0,0,0,0,0,800027,5199,5829006,359
114061,11,12,12100204,2021,12,13,5,3,1,7,0,0,1,0,0,0,0,0,795697,559,5832844,843
114060,11,7,7501133,2021,8,13,3,3,2,6,0,0,1,0,0,0,0,0,797432,564,5817775,13
114057,11,4,4300415,2021,3,9,2,3,2,6,0,0,1,0,0,0,0,0,790551,2371,5825597,787
114054,11,4,4300621,2021,6,8,3,3,3,6,0,0,1,0,0,0,0,0,792512,77,5826703,773
114051,11,3,3601142,2021,4,18,6,3,6,4,0,1,0,1,0,0,0,0,799162,9757,5830611,732
114050,11,7,7501135,2021,8,10,7,2,3,6,0,0,1,0,1,0,0,0,799010,756,5816852,425
114046,11,10,10300734,2021,7,8,3,3,5,7,0,0,1,0,0,1,0,0,810503,8368,5827075,443
114044,11,3,3601451,2021,10,9,4,3,5,2,0,1,1,0,0,0,0,0,800755,79,5829828,332
114043,11,1,1300836,2021,11,17,2,3,6,2,2,0,1,1,0,0,0,1,796214,3678,5830202,34
114041,11,7,7400928,2021,5,7,5,3,2,6,0,0,1,0,0,0,0,0,800141,2174,5821496,35
114038,11,1,1100205,2021,1,6,2,3,5,2,2,0,1,0,0,0,0,1,796965,19,5826726,507
114035,11,7,7501133,2021,4,21,7,2,0,1,2,1,0,0,0,0,0,0,797898,1713,5818968,495
114034,11,1,1300836,2021,6,18,4,3,2,6,0,0,1,0,0,0,1,0,796314,9073,5830051,414
114030,11,3,3701657,2021,5,20,3,3,2,2,1,1,1,0,0,0,0,0,800291,5733,5830052,321
114029,11,7,7400825,2021,8,18,7,3,2,6,0,0,1,0,0,0,0,0,797864,7074,5820540,312
114027,11,1,1100206,2021,9,13,7,3,0,1,0,0,0,0,0,0,1,0,797948,2725,5827620,88
114025,11,4,4200311,2021,3,15,3,3,2,6,0,0,1,0,0,0,0,0,790074,3009,5825154,425
114022,11,1,1100310,2021,7,23,6,2,5,2,2,0,0,0,0,0,1,0,798800,863,5828016,67
114020,11,3,3601141,2021,9,16,5,2,3,6,0,1,0,0,0,0,0,0,799223,1241,5831496,419
114019,11,10,10100210,2021,11,14,3,3,5,3,0,0,1,0,1,0,0,0,807967,8797,5831215,417
114018,11,4,4200310,2021,10,8,6,3,5,3,0,0,1,0,0,1,0,0,789831,6334,5826245,582
114017,11,4,4200207,2021,12,16,4,3,2,6,2,0,1,0,0,0,0,0,788203,5789,5822414,704
114016,11,1,1401044,2021,9,15,6,3,2,6,0,0,1,0,0,0,0,0,796153,5397,5831090,75
114014,11,2,2500728,2021,2,13,5,3,5,3,0,1,1,0,0,0,0,0,803071,3577,5827636,97
114011,11,2,2100101,2021,6,10,3,3,3,6,0,1,1,0,0,0,0,0,797059,2059,5825830,913
114008,11,11,11100101,2021,5,8,3,3,2,2,0,0,1,0,0,0,0,0,803731,253,5834700,159
114007,11,4,4400830,2021,8,12,2,3,2,6,0,0,1,0,0,0,1,0,791992,56,5823912,883
114003,11,6,6100209,2021,7,13,6,3,2,6,0,0,1,0,0,0,0,0,793984,815,5821052,217
114001,11,12,12200412,2021,10,10,7,2,2,6,0,0,1,0,1,0,0,0,791185,8896,5833970,635
114000,11,2,2200209,2021,11,16,6,3,2,7,1,1,1,0,0,0,0,0,797758,5546,5824138,759
113996,11,7,7300619,2021,1,15,4,3,5,3,0,0,1,0,0,0,0,1,795638,5547,5823236,5
113993,11,7,7300619,2021,4,16,6,3,2,6,0,0,1,0,0,0,0,0,795908,1169,5822676,427
113992,11,7,7501133,2021,6,17,3,3,0,7,0,1,0,0,0,0,0,0,798468,3001,5818214,425
113990,11,1,1401049,2021,12,13,4,3,2,6,0,0,1,0,0,0,0,1,795898,712,5831864,742
113989,11,7,7400822,2021,5,13,1,3,8,1,0,0,1,0,0,0,0,1,796819,6064,5822396,353
113988,11,2,2200207,2021,6,12,3,3,5,3,0,1,1,0,0,0,0,0,796880,74,5825924,74
113987,11,7,7200308,2021,8,7,3,3,0,2,0,1,1,0,0,0,0,0,795223,509,5823525,402
113986,11,7,7501030,2021,9,10,6,3,2,6,0,0,1,0,0,0,0,0,797894,5354,5820291,53
113982,11,1,1300836,2021,3,18,2,3,0,2,1,1,1,0,0,0,0,0,796286,3508,5830279,83
113979,11,4,4100101,2021,6,7,4,3,3,6,0,0,1,0,1,0,0,1,790790,959,5828951,88
113977,11,4,4100101,2021,9,20,7,3,3,6,2,0,1,0,0,1,0,0,791390,598,5830286,942
113976,11,7,7601236,2021,11,6,3,2,6,4,2,0,1,1,0,0,0,1,796864,5905,5816371,394
113975,11,2,2200208,2021,8,20,4,3,5,2,2,1,1,0,0,0,0,1,797898,6042,5825431,298
113970,11,1,1100206,2021,7,19,4,3,0,3,0,1,0,0,1,0,0,0,798077,348,5827649,72
113969,11,11,11100101,2021,10,5,5,3,2,1,2,0,1,0,0,1,0,1,803730,166,5834704,546
113968,11,4,4100101,2021,12,7,7,3,3,6,0,0,1,0,0,0,0,1,793009,8355,5829568,52
113967,11,7,7400928,2021,5,16,7,3,3,6,2,0,1,0,0,0,0,0,800192,3764,5821503,612
113964,11,11,11300722,2021,1,11,4,3,2,2,0,1,1,0,0,0,0,1,803770,9264,5827581,548
113960,11,11,11401034,2021,6,15,5,3,5,3,0,1,1,0,0,0,0,0,806949,73,5827385,896
113956,11,4,4200310,2021,5,9,2,3,2,6,0,0,1,0,0,0,0,0,789169,585,5826160,795
113955,11,4,4300414,2021,6,23,5,3,3,6,2,0,1,0,0,0,0,0,791443,2704,5826545,38
113954,11,7,7400824,2021,8,6,3,3,5,2,0,0,1,0,0,0,0,0,797848,7788,5822303,258
113952,11,4,4400725,2021,9,15,2,2,2,6,0,0,1,0,1,0,0,0,790561,4015,5825135,32
113950,11,7,7501133,2021,3,10,5,3,3,6,0,0,1,0,0,1,1,0,797651,787,5818639,3
113946,11,4,4200206,2021,7,14,6,3,4,6,0,0,1,0,0,0,0,0,786492,8785,5825919,251
113944,11,2,2500727,2021,9,17,5,3,5,2,1,1,1,0,0,0,0,1,802149,1216,5827727,676
113943,11,2,2500830,2021,11,3,1,3,3,6,2,0,1,0,1,0,0,0,802147,3445,5827709,236
113942,11,12,12100205,2021,8,15,1,2,5,3,0,0,1,0,0,0,0,0,794559,281,5833816,192
113939,11,1,1300836,2021,4,9,5,3,5,2,0,1,0,0,0,0,1,0,796200,953,5830207,73
113936,11,9,9100409,2021,3,11,5,3,2,6,0,0,0,0,0,1,0,0,806191,8609,5818482,45
113935,11,1,1100205,2021,10,21,3,2,5,2,2,1,1,0,0,0,0,1,797684,645,5826838,373
113934,11,3,3601449,2021,12,10,2,3,1,5,0,1,1,0,0,0,0,1,801366,7673,5831048,943
113933,11,3,3601451,2021,9,17,6,3,5,2,0,1,1,0,0,0,0,0,800625,5134,5829918,5
113931,11,2,2400520,2021,2,16,7,3,0,2,2,0,1,0,0,0,1,1,799899,8128,5828781,247
113927,11,9,9200613,2021,6,13,7,3,2,3,0,1,1,0,0,0,0,0,805515,8262,5822201,62
113922,11,4,4200308,2021,5,15,2,3,0,1,0,0,0,0,1,0,0,0,790423,8487,5827787,905
113921,11,4,4400725,2021,5,19,1,3,2,6,0,0,1,0,0,0,0,0,790507,1058,5825234,131
113920,11,9,9100101,2021,8,3,1,3,5,3,2,0,1,0,0,0,1,0,802588,7243,5825065,31
113916,11,1,1100205,2021,7,17,4,3,2,6,0,0,1,0,0,0,0,0,797358,9895,5826784,894
113913,11,1,1100102,2021,7,22,7,3,5,3,2,0,1,0,1,0,0,0,796685,1806,5826205,673
113911,11,9,9100306,2021,10,22,2,3,3,6,2,0,1,0,0,0,0,0,802958,3056,5821204,852
113910,11,3,3100101,2021,11,18,5,3,5,3,2,0,1,0,0,1,0,1,800023,6129,5841267,32
113908,11,12,12500930,2021,9,19,7,3,6,4,1,0,1,1,0,0,0,0,794259,2418,5834719,723
113905,11,7,7400822,2021,4,17,2,3,2,6,0,0,1,0,0,0,1,0,796543,9048,5822546,582
113902,11,3,3601245,2021,3,20,3,3,3,6,2,0,1,0,1,0,0,0,800285,5053,5831424,6
113901,11,3,3701657,2021,7,18,5,3,0,2,0,0,1,0,1,0,0,0,800130,5574,5830128,415
113899,11,7,7501133,2021,10,15,7,3,2,6,0,0,1,0,0,0,0,0,797658,2914,5818656,799
113898,11,10,10400940,2021,12,15,1,3,5,2,1,0,1,0,0,0,0,2,812051,6407,5827139,845
113897,11,10,10100208,2021,8,16,5,3,2,6,0,0,1,0,0,0,0,0,808355,7135,5832139,592
113894,11,7,7200410,2021,2,14,7,3,3,6,0,0,1,0,0,0,1,0,795670,8793,5823984,931
113891,11,7,7501029,2021,6,14,3,2,5,2,0,1,0,0,0,1,0,0,797711,4212,5818773,865
113889,11,2,2500727,2021,9,8,6,3,6,4,0,1,0,1,0,0,0,0,802078,422,5827981,262
113888,11,4,4200207,2021,5,12,3,3,3,6,0,0,1,0,0,1,0,0,789358,7249,5824196,141
113887,11,3,3601142,2021,8,17,3,3,6,4,0,0,1,1,0,0,0,0,799141,8645,5830371,34
113883,11,4,4200310,2021,7,13,1,2,5,2,0,0,1,0,1,0,0,0,789058,2875,5826144,211
113881,11,2,2500729,2021,10,19,4,3,2,6,1,0,1,0,0,0,0,0,803530,8843,5827589,209
113880,11,2,2400522,2021,11,16,4,3,2,6,1,0,1,0,0,0,1,1,801989,1203,5827747,748
113878,11,11,11100101,2021,5,10,7,2,0,2,0,1,1,0,0,0,0,0,803673,7617,5835110,14
113875,11,12,12100103,2021,1,17,4,3,2,6,2,0,1,0,0,0,0,1,795361,3438,5833732,89
113871,11,3,3601452,2021,4,23,1,3,5,2,2,1,1,0,0,0,0,0,801258,7816,5829405,19