OBJECTID,LAND,BEZ,LOR_ab_2021,UJAHR,UMONAT,USTUNDE,UWOCHENTAG,UKATEGORIE,UART,UTYP1,ULICHTVERH,IstRad,IstPKW,IstFuss,IstKrad,IstGkfz,IstSonstige,USTRZUSTAND,LINREFX,LINREFY,XGCSWGS84,YGCSWGS84
113870,11,3,3701660,2021,6,13,4,3,3,6,0,1,1,0,0,0,0,0,800023,9197,5829000,467
113867,11,7,7400823,2021,12,20,2,3,3,6,2,0,1,0,0,0,0,1,797007,2192,5822367,511
113866,11,3,3701660,2021,5,6,6,1,5,2,0,1,0,0,0,1,0,1,800024,7394,5829001,809
113865,11,6,6400735,2021,8,17,6,3,3,6,0,1,1,0,0,0,0,0,782559,5473,5815789,371
113863,11,1,1100310,2021,9,10,4,3,3,6,0,0,1,0,1,0,0,0,799317,7318,5827925,227
113861,11,5,5200528,2021,3,18,6,3,1,6,1,0,1,0,1,0,1,0,783371,7942,5826550,245
113858,11,11,11300722,2021,6,14,2,3,2,6,0,1,0,0,0,0,1,0,803756,26,5827566,926
113856,11,3,3601348,2021,9,0,3,3,1,7,2,0,0,0,0,0,1,0,799757,3223,5830266,534
113855,11,9,9100305,2021,11,9,2,3,5,2,0,1,1,0,0,0,0,1,805143,3845,5822573,107
113854,11,5,5400943,2021,8,13,7,3,2,6,0,0,1,0,0,0,0,0,780324,4931,5822427,415
113850,11,4,4300622,2021,7,17,5,3,3,6,0,1,1,0,0,0,0,0,793297,948,5826819,812
113849,11,1,1100102,2021,10,3,1,3,1,5,2,0,1,0,0,0,1,0,794670,5496,5827091,519
113848,11,7,7300619,2021,12,13,5,3,0,1,0,0,1,0,0,0,0,0,795226,2555,5822482,944
113845,11,10,10400941,2021,1,16,3,3,3,6,1,0,1,0,0,0,0,1,813108,7796,5827194,449
113841,11,3,3601449,2021,6,7,2,2,5,2,0,1,1,0,0,0,0,0,801349,9014,5831004,321
113837,11,4,4400830,2021,5,5,2,3,3,1,0,0,1,0,1,0,0,1,792233,3624,5823671,11
113836,11,6,6100209,2021,6,12,6,3,5,3,0,0,1,0,1,0,0,0,793980,3893,5821079,647
113835,11,7,7400822,2021,8,13,4,3,2,6,0,0,1,0,0,0,0,0,796410,71,5822617,175
113828,11,6,6400737,2021,7,14,2,3,2,6,0,0,1,0,0,0,0,1,785110,6664,5817825,75
113826,11,12,12500930,2021,10,7,7,3,2,6,0,0,1,0,0,0,0,0,794062,5,5835083,432
113825,11,3,3100103,2021,11,16,3,3,8,1,2,0,1,0,0,0,0,0,804018,9002,5839791,332
113824,11,3,3601142,2021,9,19,1,3,6,7,2,0,0,1,0,0,1,0,799165,5195,5830386,469
113821,11,1,1400940,2021,4,15,3,3,5,3,0,0,1,0,0,0,0,0,795878,7165,5832059,99
113818,11,2,2500727,2021,3,11,7,3,5,3,0,0,1,0,0,0,0,0,802179,496,5827736,933
113817,11,2,2200208,2021,10,18,6,3,0,6,1,0,1,0,1,0,0,1,797902,6958,5825412,229
113816,11,3,3701657,2021,12,20,5,3,6,4,2,0,1,1,0,0,0,0,800308,328,5830044,185
113815,11,7,7400824,2021,9,4,3,3,5,2,2,0,1,0,1,0,0,0,797846,2167,5822366,8
113814,11,9,9100101,2021,8,15,2,2,5,3,0,1,1,0,0,0,0,0,802590,1085,5825063,979
113809,11,3,3500936,2021,7,11,5,3,6,7,0,0,0,1,0,0,1,0,801734,4907,5831347,181
113808,11,3,3400831,2021,10,11,3,3,3,6,0,0,1,0,0,0,0,1,800089,887,5834010,184
113807,11,11,11401034,2021,12,16,2,3,6,4,1,0,1,1,0,0,0,0,807032,8251,5827407,475
113804,11,7,7601236,2021,1,17,2,3,0,4,2,0,1,1,0,0,0,0,796598,5349,5816001,83
113800,11,4,4200206,2021,6,8,2,3,2,6,0,0,1,0,0,0,1,0,786900,7981,5825814,415
113796,11,3,3701660,2021,5,14,6,3,2,6,0,0,1,0,1,0,0,0,800236,1166,5829300,887
113795,11,4,4100101,2021,6,13,6,3,8,1,0,0,0,0,0,1,0,0,791342,981,5830116,809
113794,11,10,10400837,2021,8,15,4,3,3,6,0,0,1,0,1,0,0,0,810835,1682,5827085,102
113788,11,12,12200414,2021,7,11,7,2,2,6,0,0,1,0,0,0,0,0,792008,3427,5831662,671
113786,11,10,10300733,2021,10,14,6,3,5,2,0,1,0,0,0,0,1,0,808919,3608,5827408,194
113785,11,2,2200208,2021,11,11,1,3,3,6,0,0,1,0,0,0,0,0,797845,912,5825453,267
113784,11,1,1400940,2021,8,16,5,3,5,3,0,0,0,0,1,0,1,0,795861,8624,5832068,404
113781,11,4,4200310,2021,4,15,7,3,6,7,0,0,1,1,0,0,0,0,790093,9188,5826324,644
113778,11,4,4400725,2021,3,15,5,2,0,1,0,0,0,0,1,0,0,0,790654,8988,5825005,97
113777,11,4,4400830,2021,10,16,4,3,2,6,0,0,1,0,0,0,0,0,792086,4517,5823811,362
113776,11,7,7200308,2021,12,16,5,3,2,6,1,0,1,0,0,0,1,1,795442,4543,5823380,505
113775,11,3,3400826,2021,9,20,2,2,1,7,2,0,1,0,0,0,0,0,799013,198,5832469,23
113773,11,7,7400825,2021,2,10,4,3,1,5,0,0,0,0,0,0,1,1,797803,4882,5820887,344
113769,11,9,9100407,2021,6,9,3,3,2,6,0,0,1,0,0,0,0,0,805528,8572,5818954,379
113764,11,6,6300526,2021,5,11,2,3,5,3,0,0,1,0,0,0,1,0,788347,6989,5817736,879
113763,11,3,3601449,2021,8,7,4,3,3,6,0,1,0,0,0,0,0,0,800923,2181,5830455,722
113759,11,3,3500936,2021,7,21,1,3,0,1,2,0,0,0,1,0,0,1,802331,4924,5831590,578
113756,11,1,1100102,2021,7,11,2,2,6,4,0,0,1,1,0,0,0,0,796420,8567,5826329,908
113754,11,2,2200209,2021,10,19,2,2,1,1,2,0,1,0,0,0,0,0,797753,426,5824432,172
113753,11,1,1100102,2021,11,13,7,2,6,4,0,1,0,1,0,0,0,0,796313,2512,5827367,509
113751,11,4,4300621,2021,9,16,6,3,0,5,0,0,1,0,0,0,1,0,791917,5986,5826625,352
113748,11,3,3500936,2021,4,8,6,3,5,7,0,0,1,0,0,0,1,0,802496,4263,5831674,59
113745,11,7,7601236,2021,3,16,3,3,2,6,0,0,1,0,0,1,0,0,796665,6382,5816009,466
113744,11,1,1401044,2021,7,14,3,3,2,6,0,0,1,0,0,0,1,0,796162,1273,5831070,949
113742,11,7,7501133,2021,10,18,6,2,5,2,2,1,1,0,0,0,0,1,798585,6138,5817932,488
113741,11,11,11401032,2021,12,9,7,3,2,6,0,0,1,0,0,0,0,2,805671,3256,5827389,123
113740,11,3,3200204,2021,5,19,2,1,9,7,0,0,0,0,1,0,0,0,797451,1856,5838512,52
113739,11,12,12100204,2021,8,14,1,3,5,2,0,0,1,0,0,0,1,0,795683,5255,5832880,435
113738,11,2,2500727,2021,9,18,5,3,0,1,0,1,0,0,0,0,0,0,802178,3702,5827742,285
113735,11,11,11300722,2021,3,8,4,3,5,2,0,1,1,0,0,0,0,0,803770,6,5827581,632
113732,11,2,2400625,2021,6,15,4,2,5,7,0,0,1,0,1,0,0,1,801820,575,5826375,311
113730,11,3,3601347,2021,9,15,6,3,5,3,0,1,0,0,0,0,1,0,799315,2719,5830350,78
113729,11,5,5200528,2021,8,19,7,3,5,2,0,1,1,0,0,0,0,0,783515,5714,5826713,216
113726,11,2,2500727,2021,7,17,4,3,5,2,0,1,1,0,0,0,0,0,802149,1684,5827728,344
113724,11,3,3601348,2021,10,16,3,2,1,5,0,0,1,0,1,0,0,0,799699,741,5830256,103
113723,11,6,6300527,2021,12,13,6,3,5,7,0,0,1,0,1,0,0,0,790598,8254,5818546,926
113722,11,12,12100103,2021,5,11,3,3,1,5,0,1,1,0,0,0,0,0,795452,897,5833509,92
113719,11,7,7300619,2021,1,22,6,3,2,7,2,0,1,0,0,0,0,1,794891,7907,5822250,122
113715,11,10,10300734,2021,6,10,2,2,0,1,0,1,0,0,0,0,0,0,810141,446,5827126,361
113711,11,12,12100101,2021,5,12,6,3,5,3,0,1,1,0,0,0,0,0,795798,1854,5832426,135
113710,11,1,1100102,2021,8,13,1,3,6,7,0,1,0,1,0,0,0,0,796235,4647,5827354,572
113708,11,3,3400828,2021,9,15,2,3,4,6,0,1,0,0,0,0,0,0,800173,7813,5832247,945
113706,11,7,7300619,2021,3,13,7,3,2,6,0,0,1,0,0,0,1,0,795958,2436,5822695,7
113703,11,1,1100205,2021,6,18,4,3,0,1,0,0,0,0,1,0,0,1,797360,8525,5826785,207
113701,11,9,9200613,2021,9,10,2,3,5,2,0,1,1,0,0,0,0,0,806132,4183,5821621,494
113700,11,4,4300413,2021,11,12,2,3,2,6,0,0,0,0,1,0,1,0,790724,2147,5827065,871
113699,11,3,3601245,2021,8,12,3,3,6,4,0,0,0,1,0,0,1,0,800152,9008,5830829,651
113694,11,1,1100310,2021,7,11,7,3,3,6,0,0,1,0,1,0,0,0,798998,6522,5827506,886
113693,11,7,7300619,2021,10,10,4,3,5,3,0,1,1,0,0,0,0,0,795626,3198,5823227,51
113692,11,7,7501133,2021,12,22,6,3,0,7,2,0,1,0,1,0,0,0,798586,5786,5817930,163
113689,11,1,1400940,2021,1,6,4,3,5,3,2,0,1,0,0,0,0,1,795861,5418,5832070,19
113685,11,1,1400940,2021,6,18,2,3,0,3,0,0,1,0,1,0,0,0,795877,854,5832063,731
113681,11,1,1100310,2021,5,18,3,3,2,6,0,1,0,0,0,0,0,0,799351,6666,5827959,614
113680,11,2,2200208,2021,8,15,5,3,2,6,0,0,1,0,0,0,1,0,797551,7136,5825538,615
113673,11,7,6100102,2021,7,16,4,3,2,6,0,0,1,0,1,0,0,0,793536,885,5820423,4
113671,11,4,4300414,2021,10,14,3,3,2,6,0,0,1,0,0,0,0,1,791528,1128,5826538,375
113670,11,3,3601449,2021,11,7,2,3,5,2,0,1,0,0,0,0,1,0,801384,1147,5831063,767
113669,11,3,3701657,2021,9,15,4,3,5,2,0,1,1,0,0,0,0,0,800375,5095,5830010,762
113666,11,1,1300836,2021,4,14,4,3,2,6,0,0,0,0,1,0,1,0,796217,738,5830223,685
113663,11,4,4501148,2021,3,16,2,3,2,6,0,0,1,0,0,0,0,0,792492,7818,5823423,77
113662,11,1,1100310,2021,10,15,1,3,6,4,0,1,0,1,0,0,0,0,799176,5428,5828378,368
113661,11,9,9100101,2021,12,17,6,3,3,6,1,0,1,0,0,0,0,0,802708,5276,5825238,108
113660,11,10,10300733,2021,9,9,3,3,0,2,0,1,1,0,0,0,0,0,809512,6043,5827387,952
113658,11,1,1400940,2021,2,19,7,3,5,3,2,0,1,0,0,0,0,0,795878,3374,5832061,135
113654,11,4,4300621,2021,6,12,3,3,6,4,0,1,0,1,0,0,0,0,792506,751,5826702,76
113650,11,9,9100101,2021,5,12,1,3,2,6,0,0,1,0,1,0,0,0,802655,8587,5825197,2
113649,11,4,4300415,2021,8,7,3,3,3,6,0,0,1,0,0,1,0,0,790670,9783,5826088,496
113645,11,12,12100204,2021,7,15,3,3,5,2,0,1,1,0,0,0,0,0,795765,9585,5832697,209
113643,11,6,6300527,2021,10,13,4,3,5,2,0,1,1,0,0,0,0,0,789775,4388,5817982,853
113642,11,4,4200311,2021,11,15,7,3,2,6,0,0,1,0,0,0,0,1,790517,8552,5825629,21
113638,11,11,11300724,2021,4,7,2,3,2,7,0,0,1,0,0,0,0,0,804270,3487,5827529,781
113635,11,4,4200310,2021,3,8,3,3,5,2,0,1,1,0,0,0,0,0,790257,9787,5826350,682
113634,11,12,12200414,2021,6,22,7,3,2,6,2,0,1,0,0,0,0,0,791992,1397,5831630,884
113632,11,12,12100204,2021,10,18,7,3,3,6,2,0,1,0,0,0,0,0,795760,202,5832644,628
113630,11,7,7501133,2021,8,13,4,3,2,6,0,0,1,0,0,0,0,0,797443,6015,5817826,813
113629,11,11,11401034,2021,9,8,2,2,3,6,0,0,1,0,1,0,0,0,807050,8849,5827403,582
113625,11,3,3601142,2021,2,18,4,2,3,6,1,1,0,0,0,0,0,0,799155,376,5830366,311
113622,11,9,9100101,2021,6,19,7,3,0,7,0,1,0,0,0,0,0,0,802771,6009,5825358,88
113620,11,3,3601347,2021,9,16,3,3,1,5,0,1,1,0,0,0,0,0,799211,1017,5830354,994
113619,11,4,4300622,2021,11,16,4,3,2,6,1,0,1,0,1,0,0,0,792774,473,5826769,436
113618,11,7,7200411,2021,8,12,2,3,2,6,0,0,1,0,0,0,0,1,795941,5231,5824469,69
113612,11,11,11401032,2021,2,8,4,3,2,6,0,0,1,0,0,0,0,1,805726,9102,5827386,867
113608,11,9,9100305,2021,6,16,5,3,5,2,0,1,1,0,0,0,0,0,805147,852,5822568,757
113603,11,1,1100310,2021,5,2,4,3,0,7,2,0,0,0,0,0,1,0,799557,908,5828277,886
113602,11,1,1100207,2021,8,14,7,3,5,2,0,0,1,0,1,0,0,0,798637,6107,5827034,471
113598,11,7,7601236,2021,7,8,5,3,6,4,0,1,0,1,0,0,0,0,796596,77,5815997,917
113595,11,1,1300836,2021,7,18,3,3,5,2,0,1,1,0,0,0,0,0,796252,582,5830134,24
113593,11,7,7601442,2021,10,16,5,3,1,5,0,1,1,0,0,0,0,0,799668,425,5815299,67
113592,11,4,4100101,2021,11,15,6,3,2,6,0,0,1,0,0,0,0,0,791471,57,5830489,575
113590,11,12,12500926,2021,9,7,3,3,0,2,0,1,1,0,0,0,0,0,793624,4451,5835746,964
113587,11,3,3601449,2021,4,13,4,3,5,2,0,0,1,0,0,0,0,0,801344,29,5830999,574
113584,11,9,9100101,2021,4,15,1,3,2,6,0,0,1,0,0,0,0,0,802658,6337,5824998,53
113583,11,1,1400940,2021,7,19,1,3,5,3,1,0,1,0,0,0,0,1,795877,854,5832063,731
113581,11,12,12500927,2021,10,22,4,3,2,6,2,0,1,0,1,0,0,0,793385,3393,5836326,472
113580,11,2,2500727,2021,12,18,5,2,1,1,2,0,1,0,1,0,0,2,802507,7059,5827694,122
113579,11,7,7501133,2021,8,18,3,3,6,7,0,1,0,1,0,0,0,0,798444,8515,5818208,725
113578,11,3,3100101,2021,9,13,6,3,2,6,0,0,1,0,0,0,0,0,799920,2043,5839552,16
113574,11,3,3400826,2021,2,12,4,3,2,6,0,0,1,0,0,0,0,0,798913,8249,5832644,46
113571,11,4,4300415,2021,6,15,3,3,2,6,0,0,1,0,0,0,0,0,790678,7929,5826111,117
113569,11,9,9100409,2021,9,15,4,3,3,6,0,0,1,0,0,0,1,0,806651,996,5818267,603
113568,11,3,3200309,2021,11,17,4,3,2,6,1,0,1,0,0,0,0,0,800463,4912,5835659,399
113567,11,3,3601449,2021,8,15,6,3,0,7,0,1,0,0,0,0,0,1,801351,6051,5831005,763
113564,11,9,9200613,2021,7,10,2,3,3,6,0,0,1,0,1,0,0,0,806109,4532,5821644,577
113563,11,9,9100305,2021,10,15,5,3,5,2,0,0,1,0,0,0,0,1,805146,8003,5822569,781
113562,11,1,2400520,2021,12,9,4,3,2,6,0,0,1,0,0,0,0,0,799794,354,5828680,675
113561,11,1,1100102,2021,5,12,7,3,2,1,0,0,1,0,0,0,0,0,796499,549,5826542,146
113558,11,12,12200414,2021,1,14,4,3,2,6,0,0,1,0,0,0,0,1,791968,4,5831584,47
113554,11,2,2500727,2021,6,19,3,3,3,2,0,0,1,0,0,0,0,0,802578,963,5827687,57
113550,11,7,7501133,2021,5,17,4,3,5,2,0,1,1,0,0,0,0,0,798728,3281,5817527,577
113549,11,6,6300527,2021,8,20,3,2,5,2,1,0,1,0,0,0,0,0,790295,5035,5818369,91
113547,11,2,2500833,2021,9,7,7,3,0,1,0,1,0,0,0,0,0,0,802103,1156,5827497,889
113545,11,1,1100102,2021,3,12,2,3,4,6,0,1,0,0,0,0,0,0,796616,2921,5826723,439
113542,11,3,3601451,2021,6,7,1,3,5,3,0,1,1,0,0,0,0,0,800843,94,5830324,333
113540,11,2,2100101,2021,9,15,5,2,5,3,0,0,1,0,0,0,1,0,797884,511,5825496,457
113539,11,4,4200308,2021,11,17,5,3,2,6,2,0,1,0,0,0,0,1,790463,1568,5828452,297
113538,11,4,4300622,2021,8,12,5,3,3,2,0,0,1,0,0,0,0,1,793310,3805,5826832,171
113533,11,4,4200311,2021,10,10,3,3,2,6,0,0,1,0,0,0,0,0,790493,6473,5826371,263
113532,11,10,10300734,2021,12,9,5,3,2,6,0,0,1,0,0,0,0,0,810524,882,5827089,981
113529,11,12,12100103,2021,2,10,3,3,5,2,0,0,1,0,0,0,0,1,795336,6228,5833746,109
113525,11,2,2500727,2021,6,15,5,3,5,2,0,1,1,0,0,0,0,0,802584,2849,5827686,436
113521,11,4,4200206,2021,5,14,5,3,2,6,0,0,1,0,0,0,0,0,786805,2005,5825836,489
113520,11,2,2200208,2021,8,15,5,3,5,3,0,0,1,0,0,0,0,0,797862,8619,5825448,146
113513,11,12,12200414,2021,7,8,4,3,3,6,0,0,1,0,0,1,0,1,791692,5004,5831037,462
113511,11,12,12200414,2021,10,10,3,3,0,1,0,0,1,0,0,0,1,1,792125,144,5832354,93
113510,11,7,7300619,2021,11,19,5,2,2,6,1,0,1,0,0,0,1,1,795217,878,5822882,537
113509,11,1,1100310,2021,9,0,6,3,0,3,0,1,1,0,0,0,0,0,799595,725,5828279,342
113506,11,4,4400726,2021,4,15,7,3,2,6,0,0,1,0,0,0,1,0,790759,2992,5824874,79
113503,11,7,7200411,2021,3,18,7,3,5,7,1,0,1,0,0,0,0,1,795777,294,5824122,452
113502,11,5,5200633,2021,10,8,2,3,3,6,0,0,1,0,0,1,0,0,783997,5052,5826585,725
113501,11,4,4100102,2021,12,17,4,3,0,1,2,0,0,0,1,0,0,0,791515,6378,5829160,495
113500,11,1,1100310,2021,9,13,5,3,2,6,0,0,1,0,1,0,0,0,799143,5315,5827695,111
113498,11,9,9100101,2021,2,14,1,3,3,6,0,0,1,0,0,0,1,0,802639,5762,5825174,744
113494,11,3,3601451,2021,6,14,7,3,6,4,0,0,1,1,0,0,0,0,800669,7316,5829887,461
113490,11,7,7501030,2021,5,11,2,3,5,2,0,0,1,0,1,0,0,0,797881,8893,5820440,63
113489,11,4,4200308,2021,8,14,2,3,2,6,0,0,1,0,0,0,0,0,790410,9859,5827792,487
113485,11,4,4300621,2021,7,18,5,3,5,2,0,1,1,0,0,0,0,1,792099,6982,5826634,753
113483,11,1,1100310,2021,10,10,2,3,0,5,0,1,1,0,0,0,0,0,799718,7545,5828551,49
113482,11,3,3601449,2021,11,7,4,3,5,2,0,1,1,0,0,0,0,1,800962,1727,5830516,493
113480,11,12,12200414,2021,6,21,7,2,4,6,2,0,1,0,1,0,0,0,791627,26,5830861,15
113477,11,9,9100101,2021,1,22,2,3,5,3,2,0,1,0,0,0,0,1,802582,7769,5825085,785
113474,11,6,6400737,2021,4,21,2,3,2,6,2,0,1,0,0,1,0,0,786967,5297,5820573,407
113473,11,3,3601142,2021,6,16,2,3,5,2,0,1,1,0,0,0,0,0,799165,6822,5830373,56
113471,11,7,7400927,2021,11,13,3,3,3,6,0,0,1,0,0,1,0,0,799325,3695,5821545,467
113469,11,12,12500824,2021,5,13,1,3,2,6,0,0,1,0,0,0,0,1,790280,5806,5835685,436
113468,11,3,3601451,2021,8,6,2,2,5,3,0,1,1,0,0,0,0,0,800630,4039,5829982,651
113467,11,7,7400825,2021,9,16,2,2,0,2,0,0,1,0,0,0,1,0,797809,4257,5820978,372
113463,11,12,12400723,2021,3,19,2,3,5,3,2,0,1,0,0,0,0,0,791887,995,5838994,862
113460,11,2,2500835,2021,7,15,6,3,5,3,0,1,1,0,0,0,0,0,802206,5329,5826088,808
113458,11,11,11300722,2021,9,15,7,3,2,2,0,0,1,0,0,0,0,0,803750,6394,5827583,695
113457,11,2,2500729,2021,11,9,2,2,6,4,0,0,1,1,1,0,0,0,803272,521,5827632,485
113456,11,7,7200411,2021,8,0,3,3,5,2,2,1,1,0,0,0,0,0,795821,997,5824180,785
113451,11,5,5200634,2021,7,17,2,3,0,1,0,1,1,0,0,0,0,0,785804,7845,5826103,357
113450,11,10,10300733,2021,10,14,4,3,2,6,0,0,1,0,0,0,0,0,809182,6286,5827395,62
113449,11,4,4100101,2021,12,17,6,3,2,6,2,0,1,0,0,0,0,1,791328,606,5830061,746
113448,11,3,3400620,2021,5,10,1,2,2,6,0,0,1,0,1,0,0,0,798028,2148,5833618,802
113445,11,1,1100310,2021,1,16,5,3,5,3,1,1,1,0,0,0,0,0,799772,415,5828644,548
113441,11,6,6300527,2021,6,18,2,2,0,2,0,1,1,0,0,0,0,0,789778,879,5818001,206
113437,11,4,4501151,2021,5,15,2,3,2,6,0,0,1,0,0,0,0,0,793728,1455,5822999,915
113436,11,1,1300836,2021,8,22,1,3,5,2,2,0,1,0,0,0,0,1,796332,2398,5830068,108
113434,11,7,7400824,2021,9,18,3,3,2,6,0,0,1,0,0,0,0,0,797336,456,5822340,698
113433,11,7,7200308,2021,3,10,7,3,3,6,0,0,1,0,0,0,0,0,794772,2406,5823158,544
113429,11,10,10100208,2021,7,10,3,3,2,6,0,0,1,0,0,0,1,0,808320,749,5832061,738
113427,11,3,3601142,2021,9,8,5,3,1,7,0,0,0,0,1,0,1,0,799164,7508,5830452,119
113426,11,12,12400618,2021,11,6,3,3,2,7,2,0,1,0,0,1,0,1,787548,5944,5838752,653
113425,11,1,1200624,2021,8,6,1,3,8,1,0,0,1,0,0,0,0,1,795866,349,5829576,804
113422,11,2,2500834,2021,4,16,5,3,0,1,0,1,0,0,0,0,0,0,802021,7823,5826964,137
113419,11,12,12400619,2021,3,7,6,3,3,7,0,0,1,0,0,0,0,1,789458,5531,5836673,432
113418,11,1,1100310,2021,10,22,3,3,5,2,2,1,1,0,0,0,0,1,799762,9794,5828629,134
113417,11,4,4200311,2021,12,16,5,3,2,6,0,0,1,0,0,0,0,0,790459,7914,5825433,631
113416,11,12,12200411,2021,9,5,6,2,0,1,2,0,0,0,1,0,0,1,792890,5817,5832237,324
113414,11,7,7400928,2021,2,14,2,3,3,6,0,0,1,0,0,1,0,0,799925,6745,5821457,821
113410,11,3,3500936,2021,6,17,7,2,5,7,0,0,1,0,0,0,1,0,801542,2371,5831167,45
113407,11,1,1100310,2021,7,16,3,3,6,2,0,0,1,1,0,0,0,0,799761,4644,5828626,477
113406,11,7,7400822,2021,10,20,5,2,2,6,2,0,1,0,0,0,0,0,796535,409,5822552,398
113405,11,9,9100101,2021,12,9,4,3,5,7,0,1,1,0,0,0,0,1,802819,3415,5825432,169
113404,11,7,7400824,2021,5,13,2,2,3,6,0,0,1,0,0,0,1,0,797877,2556,5821703,696
113401,11,2,2500726,2021,1,22,4,2,5,3,2,0,1,0,0,0,0,1,801653,145,5828874,53
113397,11,3,3601451,2021,6,6,5,3,0,1,0,1,0,0,0,0,0,0,800657,6733,5830027,11
113393,11,4,4200310,2021,5,13,7,3,2,6,0,0,1,0,0,0,0,1,789781,3987,5826258,588
113392,11,7,7601236,2021,8,19,7,3,2,2,0,0,1,0,1,0,0,0,796608,5313,5815994,351
113390,11,2,2500727,2021,9,0,7,2,0,1,2,0,0,0,0,0,1,0,802119,3248,5827843,568
113388,11,4,4300414,2021,3,20,4,2,6,7,2,0,1,1,0,0,0,0,791695,706,5826588,61
113385,11,7,7300619,2021,7,9,6,2,2,6,0,0,1,0,0,0,0,0,795085,3849,5823056,796
113383,11,4,4400830,2021,9,17,4,3,2,6,0,0,1,0,0,0,0,1,792030,5613,5823871,58
113382,11,2,2500727,2021,11,13,6,3,5,2,0,0,1,0,0,0,1,0,802177,9367,5827744,346
113381,11,12,12200310,2021,8,13,7,3,2,6,0,0,1,0,0,0,0,0,791725,1674,5833279,2
113378,11,3,3200205,2021,4,13,2,2,6,4,0,1,0,1,0,0,0,0,798121,3584,5835648,387
113375,11,10,10300733,2021,3,14,6,3,5,2,0,1,1,0,0,0,0,1,808741,1698,5827422,742
113374,11,1,1100310,2021,10,2,1,3,0,7,2,0,0,0,0,0,1,0,799582,494,5828321,677
113373,11,3,3701657,2021,12,7,6,2,6,4,1,0,1,1,0,0,0,1,800136,919,5830705,767
113371,11,7,6100209,2021,1,1,7,3,8,1,2,0,1,0,0,0,0,2,794580,4439,5821805,405
113367,11,4,4400725,2021,6,7,4,3,2,6,0,0,1,0,0,0,0,0,790537,614,5825179,546
113363,11,2,2200207,2021,5,16,4,3,0,4,0,0,0,1,0,0,1,0,796857,53,5825942,822
113362,11,1,12100101,2021,5,1,1,3,9,1,2,0,0,0,1,0,0,0,795858,2713,5832088,421
113361,11,7,7400825,2021,8,8,6,3,0,6,0,0,1,0,0,0,1,0,797835,8571,5820715,486
113354,11,2,2500727,2021,7,18,5,3,5,2,0,1,1,0,0,0,0,1,802149,1365,5827727,889
113352,11,9,9100101,2021,10,13,2,3,2,6,0,0,0,0,1,0,1,0,802646,1255,5825183,791
113351,11,1,1100310,2021,11,9,4,3,6,4,0,1,0,1,0,0,0,1,798627,7502,5827847,407
113350,11,7,7400825,2021,9,16,7,3,2,6,0,0,1,0,0,0,0,0,797869,4552,5820512,624
113348,11,7,7400721,2021,6,15,7,3,3,6,0,0,1,0,1,0,0,0,797824,6368,5822823,189
113346,11,10,10100206,2021,4,15,4,3,2,7,0,0,1,0,0,0,0,0,808683,2839,5832831,961
113343,11,3,3601141,2021,3,19,3,3,1,1,1,1,1,0,0,0,0,0,799210,3592,5831676,463
113342,11,1,1100102,2021,10,15,3,3,2,2,0,0,1,0,1,0,0,0,796454,984,5827377,375
113341,11,3,3200206,2021,12,9,2,3,6,7,0,1,0,1,0,0,0,0,798257,1253,5834746,99
113340,11,10,10100312,2021,9,6,5,3,3,6,0,0,1,0,1,0,0,1,807680,485,5829740,358
113337,11,7,7300619,2021,2,22,2,3,9,1,2,0,1,0,0,0,0,2,795786,5863,5822640,161
113334,11,4,4200311,2021,6,14,6,3,3,6,0,0,1,0,0,0,0,0,790566,8553,5826402,147
113331,11,1,1200624,2021,5,19,3,3,1,5,0,0,1,0,0,0,0,1,796204,6314,5829084,825
113330,11,1,1100310,2021,8,19,7,3,5,2,0,1,1,0,0,0,0,0,799762,9794,5828629,134
113326,11,3,3200204,2021,7,14,7,3,2,6,0,0,1,0,0,0,0,0,797150,7028,5838914,488
113324,11,10,10400941,2021,10,13,5,2,2,6,0,0,1,0,0,0,0,0,813805,8716,5827140,84
113323,11,7,7501135,2021,11,13,7,3,9,1,0,1,0,0,0,0,0,0,798942,8772,5817074,61
113321,11,3,3500936,2021,4,18,6,3,0,1,0,1,0,0,0,0,0,0,802421,3284,5831629,602
113318,11,7,7400825,2021,1,15,5,3,2,6,0,0,1,0,0,0,0,1,797838,44,5820616,228
113315,11,2,2500727,2021,4,9,4,3,5,2,0,1,1,0,0,0,0,0,802144,2487,5827755,3
113314,11,7,7300619,2021,6,13,1,3,2,6,0,0,1,0,0,0,0,0,795697,9606,5823175,373
113311,11,4,4200311,2021,12,21,6,3,5,2,2,0,1,0,0,0,0,1,790522,4533,5826394,692
113310,11,4,4400727,2021,5,8,3,2,3,6,0,0,1,0,0,1,0,0,791666,1056,5824257,674
113309,11,12,12100205,2021,8,18,3,3,5,2,0,1,1,0,0,0,0,0,794559,1791,5833820,851
113307,11,3,3601449,2021,9,14,4,3,5,2,0,1,1,0,0,0,0,1,801319,3796,5830977,504
113304,11,2,2500727,2021,3,12,5,3,5,2,0,1,0,0,0,0,1,0,802143,9306,5827756,443
113301,11,2,2100101,2021,6,17,3,3,5,2,0,1,1,0,0,0,0,0,797851,374,5825505,215
113299,11,3,3601142,2021,9,20,5,3,5,3,2,0,1,0,0,0,0,0,799141,7571,5830377,409