OBJECTID,LAND,BEZ,LOR_ab_2021,UJAHR,UMONAT,USTUNDE,UWOCHENTAG,UKATEGORIE,UART,UTYP1,ULICHTVERH,IstRad,IstPKW,IstFuss,IstKrad,IstGkfz,IstSonstige,USTRZUSTAND,LINREFX,LINREFY,XGCSWGS84,YGCSWGS84
113298,11,12,12100204,2021,11,10,3,3,1,5,0,1,1,0,0,0,0,1,795759,9577,5832645,952
113297,11,2,2500833,2021,8,1,5,3,0,7,2,0,0,0,0,0,1,0,802055,2436,5827267,677
113292,11,3,3601142,2021,7,9,5,3,3,6,0,1,0,0,0,0,1,0,799140,6429,5830701,651
113291,11,1,1100310,2021,10,12,7,3,5,3,0,1,1,0,0,0,0,0,799337,8191,5827948,196
113290,11,6,6300629,2021,12,12,3,3,2,6,0,0,1,0,0,0,0,0,792843,6316,5820019,408
113287,11,7,4501153,2021,1,17,2,3,2,6,2,0,1,0,0,0,0,1,794337,3853,5823066,449
113283,11,6,6300527,2021,6,12,6,3,5,2,0,0,1,0,0,1,0,0,790287,503,5818386,68
113279,11,3,3400829,2021,5,14,2,2,2,2,0,0,1,0,1,0,0,0,800071,9463,5832756,535
113278,11,7,7200411,2021,6,8,5,2,5,3,0,1,0,0,0,0,1,0,795902,323,5824349,903
113277,11,4,4300414,2021,8,16,7,3,5,2,0,1,1,0,0,0,0,0,791027,762,5826458,485
113274,11,1,1100104,2021,3,19,3,3,1,6,2,1,1,0,0,0,1,0,796228,4184,5825884,306
113270,11,4,4200311,2021,7,19,3,3,2,2,0,1,1,0,0,0,0,0,790513,861,5826374,508
113268,11,3,3601142,2021,9,17,4,3,0,7,0,1,0,0,0,0,0,1,799163,8944,5830529,431
113267,11,4,4200206,2021,11,18,6,3,2,6,2,0,1,0,0,0,0,0,788970,8372,5826131,185
113266,11,7,7501030,2021,8,11,5,3,0,7,0,0,1,0,0,0,0,0,797999,322,5819760,838
113263,11,1,1401049,2021,4,15,6,3,2,6,0,0,1,0,0,0,0,0,795922,5121,5831812,47
113260,11,7,7501133,2021,3,16,1,3,2,2,0,0,1,0,0,0,0,0,797544,1726,5818277,977
113259,11,3,3701660,2021,10,19,3,1,6,4,1,0,0,1,1,0,0,0,800091,571,5829069,127
113258,11,7,7400822,2021,12,16,6,3,2,6,2,0,1,0,0,0,0,1,796433,2407,5822601,873
113257,11,4,4300621,2021,9,19,6,3,5,2,2,1,1,0,0,0,0,0,792593,464,5826717,345
113255,11,1,1100207,2021,2,19,2,3,2,6,2,0,1,0,0,0,0,2,798475,3797,5826973,905
113251,11,4,4400726,2021,6,12,6,3,2,6,0,0,1,0,0,0,0,0,790745,8026,5824899,975
113246,11,7,7601547,2021,5,16,4,2,6,4,0,0,1,1,0,0,0,0,800418,2166,5812541,82
113245,11,6,6400735,2021,8,18,3,3,2,6,0,1,0,0,0,1,0,0,778279,433,5814909,234
113241,11,7,7300619,2021,7,17,6,3,9,1,0,0,1,0,0,0,0,0,795867,54,5822661,179
113238,11,4,4400726,2021,7,14,7,3,2,6,0,0,1,0,0,0,0,0,790803,3606,5824808,736
113236,11,1,1100102,2021,10,17,7,3,6,4,0,0,1,1,0,0,0,0,796738,1663,5826663,592
113235,11,11,11401032,2021,11,18,5,2,2,6,1,0,1,0,0,0,0,1,805791,7045,5827384,237
113233,11,4,7200308,2021,9,21,1,3,3,6,2,0,1,0,0,0,0,0,794500,8111,5823118,157
113230,11,3,3500936,2021,4,15,3,3,3,6,0,0,1,0,1,0,0,0,802388,1111,5831615,173
113227,11,6,6400735,2021,4,14,6,2,3,4,0,1,0,1,0,0,0,0,783788,9327,5815998,614
113226,11,10,10100103,2021,7,9,2,3,5,3,0,0,1,0,0,0,0,0,808986,3179,5833503,692
113224,11,1,1100104,2021,10,6,7,3,5,3,2,0,1,0,0,0,0,0,796406,484,5826274,293
113223,11,7,7400823,2021,12,7,3,3,3,6,1,0,1,0,1,1,0,0,796838,8689,5822406,774
113222,11,2,2500729,2021,5,17,3,3,6,7,0,0,0,1,0,0,1,0,803314,9396,5827611,807
113221,11,1,1100311,2021,5,22,2,3,3,7,1,1,0,0,0,0,1,0,799971,2904,5828092,105
113220,11,4,4200310,2021,8,14,1,3,3,6,0,0,1,0,0,0,0,0,789521,2414,5826217,664
113219,11,3,3100103,2021,9,13,3,2,7,7,0,0,1,0,0,0,1,0,803643,3138,5839970,425
113216,11,3,3601142,2021,3,17,2,2,3,2,1,0,1,0,1,0,0,0,799165,783,5830365,557
113213,11,7,7601442,2021,6,9,2,3,6,4,0,0,1,1,0,0,0,0,799683,2879,5815212,722
113211,11,12,12400723,2021,9,13,4,3,5,2,0,1,1,0,0,0,0,0,792091,859,5838525,182
113210,11,1,1400940,2021,5,11,2,3,5,3,0,0,1,0,0,0,0,0,795861,5967,5832069,884
113209,11,7,7501133,2021,8,22,3,3,2,6,2,0,1,0,0,0,1,0,797806,3679,5818937,56
113205,11,5,5200528,2021,7,19,3,3,0,2,0,0,1,0,0,0,1,0,783517,187,5826715,15
113203,11,3,3100103,2021,10,17,5,2,3,5,0,0,1,0,0,0,0,0,804017,2834,5839809,122
113202,11,7,7400721,2021,11,6,2,3,2,6,1,0,1,0,0,0,0,1,797811,7045,5823098,136
113200,11,10,10100206,2021,5,18,7,3,3,6,0,0,1,0,0,0,0,0,808888,8407,5833374,627
113198,11,7,7501133,2021,5,12,6,2,5,3,0,1,1,0,0,0,0,1,798224,4317,5818775,7
113197,11,2,2500728,2021,8,7,6,3,1,1,0,1,1,0,0,0,0,0,803088,573,5827651,111
113193,11,4,4300621,2021,7,7,3,3,5,2,0,1,1,0,0,0,0,0,792491,7519,5826700,238
113189,11,2,2500727,2021,7,12,4,3,0,1,0,1,0,0,0,0,0,0,802175,8828,5827752,441
113187,11,1,1400940,2021,10,15,6,3,5,3,0,0,1,0,0,0,0,0,795878,8823,5832058,208
113186,11,7,7200308,2021,11,8,2,3,5,2,0,1,1,0,0,0,0,1,795242,3113,5823528,817
113185,11,3,3701660,2021,9,17,6,2,0,2,0,1,1,0,0,0,0,0,800173,445,5829245,87
113182,11,6,6300527,2021,4,15,2,3,5,2,0,0,1,0,0,0,0,0,790290,5379,5818387,912
113179,11,4,4501151,2021,4,14,3,2,2,6,0,0,1,0,0,0,0,0,793617,9281,5822994,331
113178,11,7,7501133,2021,10,12,6,3,2,6,0,0,1,0,0,0,0,0,798410,9239,5818350,961
113177,11,3,3400725,2021,12,14,6,3,2,6,0,0,1,0,0,0,1,0,800220,1054,5835215,375
113176,11,3,3601449,2021,7,9,7,3,0,7,0,1,0,0,0,0,0,0,801009,2026,5830591,335
113173,11,7,7400824,2021,2,10,4,3,3,6,0,1,0,0,0,0,1,0,797860,633,5821598,7
113170,11,1,1100102,2021,6,13,1,3,0,6,0,1,0,0,0,0,1,0,794457,5856,5827039,44
113167,11,3,3400826,2021,4,13,6,3,2,6,0,0,1,0,1,0,0,0,799141,9934,5832240,316
113166,11,2,2400625,2021,8,13,4,3,1,5,0,1,1,0,0,0,0,0,801894,1814,5826590,82
113162,11,7,7200308,2021,7,14,3,3,2,2,0,0,1,0,0,0,0,0,795242,1097,5823528,548
113160,11,12,12100103,2021,10,22,3,3,2,6,2,0,1,0,0,0,0,0,795356,3335,5833736,805
113159,11,3,3200206,2021,11,20,1,3,6,4,2,0,1,1,0,0,0,1,798155,7891,5834710,117
113157,11,7,7601236,2021,5,20,1,3,5,2,2,1,1,0,0,0,0,1,796608,831,5815997,411
113154,11,4,4400727,2021,1,18,5,3,3,6,2,0,1,0,0,0,0,0,791457,1394,5824459,542
113151,11,4,4400725,2021,4,18,1,3,2,6,0,0,1,0,0,0,0,0,790559,9722,5825137,646
113150,11,7,7501030,2021,6,10,4,3,5,2,0,0,1,0,1,0,0,0,797868,97,5820438,208
113147,11,1,1100310,2021,12,0,2,3,5,2,2,0,1,0,0,0,1,0,799107,5376,5827694,393
113146,11,9,9100101,2021,5,6,3,3,3,6,0,1,0,0,0,0,1,0,802761,7345,5825313,412
113145,11,6,6300527,2021,8,23,6,2,5,3,2,0,1,0,0,0,0,1,790289,1625,5818387,76
113143,11,6,6400737,2021,9,12,1,3,3,7,0,0,1,0,1,0,0,0,786970,574,5820577,111
113141,11,4,4200311,2021,3,8,4,3,2,6,0,0,1,0,0,1,0,0,790690,2903,5827013,711
113138,11,4,4200206,2021,6,17,4,3,2,6,0,0,1,0,0,0,0,1,787109,794,5825830,38
113136,11,4,4400727,2021,9,14,7,3,2,6,0,0,1,0,0,0,0,0,791725,854,5824214,3
113135,11,1,1100310,2021,11,17,4,3,0,7,0,1,0,0,0,0,0,0,798926,7792,5828133,601
113134,11,3,3601451,2021,8,14,3,2,5,2,0,1,0,0,0,0,1,0,800756,8187,5829795,749
113129,11,2,2500729,2021,7,6,6,3,0,7,0,1,0,0,0,0,0,0,803441,78,5827598,848
113128,11,5,5400943,2021,10,16,3,3,8,1,0,0,1,0,0,0,0,0,780085,9812,5822242,793
113127,11,4,4200310,2021,12,0,3,2,6,7,2,0,1,1,0,0,0,0,789605,918,5826231,257
113124,11,7,7300619,2021,1,14,6,3,2,6,0,0,1,0,0,0,0,1,795973,875,5822700,893
113120,11,6,6100101,2021,6,13,4,3,2,6,0,0,1,0,0,0,0,0,793110,777,5820191,173
113116,11,7,7200308,2021,5,18,1,3,5,2,0,1,1,0,0,0,0,0,795225,438,5823516,568
113115,11,1,1401044,2021,6,9,5,3,6,2,0,0,1,1,0,0,0,0,796049,7714,5831333,797
113114,11,5,5200528,2021,8,13,5,2,3,6,0,0,1,0,1,0,0,0,783608,5443,5826690,141
113108,11,9,9100202,2021,7,12,7,3,3,6,0,0,1,0,1,0,0,0,802876,3258,5824779,629
113106,11,3,3601451,2021,10,10,7,3,5,2,0,0,1,0,1,0,0,0,800618,3279,5829922,235
113105,11,7,7300619,2021,11,7,4,3,2,6,1,0,1,0,0,0,1,1,796212,8073,5822727,982
113104,11,4,4200207,2021,9,15,1,3,2,6,0,0,1,0,0,0,0,0,789563,9197,5824470,623
113101,11,3,3601449,2021,4,22,5,3,5,3,2,0,1,0,0,0,0,1,800973,6557,5830485,933
113098,11,12,12500930,2021,3,8,6,3,2,6,0,0,1,0,0,0,1,1,794319,7375,5834607,866
113097,11,4,4400830,2021,10,16,5,3,2,6,0,0,1,0,0,0,0,1,792147,7849,5823744,795
113096,11,7,7501133,2021,12,18,1,3,5,2,2,1,1,0,0,0,0,1,798226,3835,5818768,138
113095,11,1,1400940,2021,9,18,2,2,5,2,0,1,1,0,0,0,0,0,795861,7826,5832068,848
113093,11,7,7501133,2021,2,18,3,3,5,3,2,0,1,0,0,0,0,1,797550,6488,5818306,607
113089,11,2,2200207,2021,6,18,4,2,5,3,0,1,1,0,0,0,0,0,796890,6032,5825915,197
113084,11,2,2400521,2021,5,18,1,2,6,4,0,1,0,1,0,0,0,0,800933,9776,5827856,219
113083,11,3,3601139,2021,8,19,1,2,0,6,0,1,0,0,0,0,0,0,799228,5071,5831997,33
113079,11,7,7300619,2021,7,18,5,3,2,6,0,0,1,0,0,0,0,0,795624,3876,5823251,935
113076,11,1,1100310,2021,7,11,2,3,0,4,0,0,0,1,0,0,1,0,798764,98,5827955,214
113074,11,7,7200308,2021,10,22,5,3,6,2,2,0,1,1,0,0,0,0,795244,678,5823531,168
113073,11,3,3601449,2021,11,6,6,3,5,2,2,1,1,0,0,0,0,0,801355,8588,5831009,362
113071,11,7,7300619,2021,9,15,6,3,2,6,0,0,1,0,0,0,0,1,795753,515,5823099,571
113068,11,12,12100101,2021,4,14,3,3,1,5,0,1,1,0,0,0,0,0,795803,5531,5832395,318
113065,11,12,12100103,2021,4,10,7,3,2,6,0,0,1,0,0,0,0,0,795353,7937,5833738,526
113064,11,1,1100207,2021,7,16,4,3,0,1,0,0,1,0,0,0,0,0,797718,9869,5826843,855
113062,11,4,4200308,2021,10,6,3,3,0,6,2,0,1,0,0,0,0,0,790406,9775,5827867,978
113061,11,7,7601442,2021,12,18,1,2,1,5,2,0,1,0,0,0,0,1,799343,1079,5816053,905
113060,11,12,12100204,2021,8,13,5,3,0,2,0,1,1,1,0,0,0,0,795766,759,5832692,7
113059,11,1,1100102,2021,9,13,3,3,2,6,0,0,1,0,0,0,0,0,794654,151,5827073,175
113055,11,2,2500726,2021,2,15,6,3,3,6,0,0,1,0,0,0,0,0,801680,7858,5828882,209
113052,11,7,7400825,2021,6,17,2,3,2,6,0,0,1,0,0,0,1,0,797873,2168,5820490,844
113050,11,3,3701660,2021,9,11,1,3,5,3,0,1,1,0,0,0,0,0,800129,5444,5829173,327
113049,11,9,9100101,2021,8,13,2,3,0,2,0,1,0,0,0,1,0,0,802589,2579,5825080,34
113046,11,4,4300622,2021,7,15,7,3,5,3,0,0,1,0,0,0,1,0,793553,4137,5826883,549
113044,11,10,10100206,2021,10,21,3,3,5,2,2,0,1,0,0,0,0,0,809048,162,5833349,62
113043,11,4,4200206,2021,12,11,1,3,2,6,0,0,1,0,0,0,0,1,787818,836,5825944,983
113042,11,3,3701657,2021,5,17,6,3,0,2,0,0,1,0,0,0,1,1,799995,902,5830220,527
113038,11,6,6400737,2021,1,22,5,2,2,6,2,0,1,0,0,0,0,1,785274,8626,5816281,14
113034,11,1,1100310,2021,6,17,3,3,5,3,0,1,0,0,0,0,0,0,798795,4203,5827983,729
113031,11,4,4200206,2021,12,11,4,3,2,6,0,0,1,0,1,0,0,1,787816,8356,5825944,661
113030,11,7,7400825,2021,6,9,4,3,0,6,0,0,1,0,0,0,1,0,797824,4703,5820697,46
113029,11,1,1100102,2021,8,21,1,3,5,3,2,0,1,0,0,0,0,0,796438,7049,5826320,739
113027,11,3,3400620,2021,9,10,4,3,0,1,0,0,1,0,0,0,0,0,798002,6544,5833647,995
113025,11,10,10300733,2021,3,17,7,3,5,2,1,1,1,0,0,0,0,0,808952,1764,5827441,288
113022,11,11,11300725,2021,6,0,3,3,0,2,2,1,0,0,0,0,1,0,804912,6633,5827464,388
113020,11,10,10100312,2021,9,11,3,3,0,5,0,0,0,0,1,0,1,1,807723,5846,5829437,424
113019,11,12,12100205,2021,11,9,2,3,2,6,0,0,1,0,0,0,0,1,794559,2364,5833802,734
113018,11,9,9100203,2021,8,8,2,3,3,6,0,0,1,0,0,0,0,0,803924,5224,5823781,886
113013,11,4,4200308,2021,10,14,7,3,2,6,0,0,1,0,0,0,0,0,790482,2864,5828463,417
113012,11,9,9100306,2021,12,9,2,3,2,6,0,0,1,0,0,1,0,1,803269,994,5820578,574
113009,11,10,10100206,2021,1,10,6,3,2,6,0,0,1,0,0,0,1,0,809036,2083,5833321,15
113005,11,10,10100311,2021,6,14,7,3,0,1,0,0,0,0,1,0,0,1,807942,1011,5827446,537
113001,11,3,3200204,2021,5,16,4,3,2,6,0,0,1,0,1,0,0,0,796693,15,5839794,73
113000,11,6,6100209,2021,8,9,6,3,2,6,0,0,1,0,0,0,0,0,794430,2601,5821598,62
112994,11,6,6400737,2021,1,4,6,3,2,6,2,0,0,0,0,0,1,1,785421,6732,5818279,673
112990,11,1,1100310,2021,6,22,7,3,0,1,2,0,0,0,0,0,1,0,799109,9812,5827642,864
112986,11,4,4400830,2021,5,11,6,3,2,6,0,0,1,0,0,0,1,1,791968,2013,5823938,47
112985,11,7,7601442,2021,6,13,4,3,5,7,0,1,0,0,0,0,1,0,799784,8935,5814081,157
112984,11,3,3601139,2021,8,18,7,3,5,2,0,1,1,0,0,0,0,0,799216,1733,5832078,425
112982,11,7,7400927,2021,9,7,3,3,3,6,0,0,1,0,0,0,1,0,798477,5168,5822093,955
112980,11,3,3500936,2021,3,10,7,3,2,6,0,0,1,0,0,0,0,0,802187,5446,5831522,475
112977,11,7,7200308,2021,6,16,4,3,6,4,0,0,0,1,0,0,1,1,795242,7002,5823529,338
112975,11,12,12400723,2021,9,11,5,3,5,3,0,0,1,0,0,0,0,0,792181,1767,5838089,909
112974,11,4,4200206,2021,11,18,2,3,2,6,2,0,1,0,0,0,0,0,786826,266,5825830,907
112973,11,3,3400620,2021,8,15,3,2,5,7,0,0,1,0,0,0,1,0,798037,64,5833798,824
112969,11,4,4100101,2021,7,13,6,3,2,6,0,0,1,0,0,0,0,0,791447,3368,5830433,399
112968,11,2,2500727,2021,10,8,6,3,0,7,0,1,0,0,0,0,0,1,802044,1989,5828032,858
112967,11,7,7501133,2021,12,16,2,3,2,6,2,0,1,0,0,0,0,0,798461,9631,5818167,106
112964,11,12,12100103,2021,1,11,3,3,2,6,0,0,1,0,0,0,0,1,795449,8433,5833486,44
112960,11,2,2200208,2021,6,17,7,3,3,6,0,0,1,0,0,0,0,0,797902,9035,5825411,261
112956,11,9,9100203,2021,5,9,2,3,5,3,0,1,1,0,0,0,0,0,804105,746,5824368,84
112955,11,2,2500727,2021,6,19,5,2,3,6,0,1,0,0,0,0,1,0,802340,334,5827728,766
112954,11,9,9100101,2021,8,11,4,3,5,2,0,1,1,0,0,0,0,0,802673,8366,5825221,35
112947,11,11,11401032,2021,7,12,3,3,2,6,0,0,1,0,0,0,0,0,805606,4615,5827379,11
112945,11,3,3701660,2021,10,11,7,3,6,4,0,1,0,1,0,0,0,0,800302,4112,5829454,316
112944,11,1,1100310,2021,11,1,3,2,0,1,2,0,0,0,0,0,1,0,798805,1712,5827992,863
112943,11,4,4300622,2021,9,8,2,3,5,2,0,1,1,0,0,0,0,0,792964,3826,5826801,637
112940,11,9,9100305,2021,4,11,4,3,6,4,0,0,1,1,0,0,0,0,804690,4303,5823013,561
112937,11,9,9100407,2021,3,10,6,3,3,6,0,0,1,0,0,1,0,0,805528,599,5818934,941
112936,11,10,10300733,2021,10,3,1,2,3,6,2,1,1,0,0,0,0,0,808796,7727,5827420,437
112935,11,7,7601236,2021,12,8,5,3,4,6,0,0,1,0,0,0,0,0,796607,1076,5816012,706
112934,11,12,12100101,2021,9,6,5,3,5,2,1,1,1,0,0,0,0,1,795798,3622,5832425,87
112932,11,5,5200634,2021,2,15,3,3,3,6,0,0,1,0,0,1,0,2,784946,5119,5826331,878
112928,11,1,1100205,2021,6,9,6,3,4,6,0,1,0,0,0,0,0,0,797199,2673,5826758,92
112924,11,2,2200209,2021,5,14,4,3,5,3,0,1,1,0,0,0,0,0,797744,3341,5824144,678
112923,11,4,4300622,2021,8,18,2,3,5,2,0,1,1,0,0,0,0,0,793052,8387,5826816,607
112918,11,1,1100207,2021,7,18,5,2,0,1,0,1,0,0,0,0,0,1,798809,8,5827230,721
112916,11,4,4501151,2021,10,16,6,3,2,6,0,0,1,0,0,0,1,0,793864,9611,5822993,976
112915,11,2,2500833,2021,11,17,4,3,2,3,2,0,1,0,0,0,0,0,802103,4349,5827348,333
112913,11,3,3200205,2021,9,15,6,3,5,2,0,1,1,0,0,0,0,1,798153,4332,5836011,581
112910,11,10,10400940,2021,4,16,5,2,5,3,0,1,1,0,0,0,0,0,812566,2618,5827181,7
112907,11,6,6400735,2021,4,15,3,3,5,2,0,1,1,0,0,0,0,1,782346,8895,5815727,829
112906,11,7,7601442,2021,6,6,4,3,1,5,0,0,1,0,1,0,0,0,799663,676,5815318,126
112904,11,4,4501148,2021,11,17,5,3,2,6,2,0,1,0,0,0,0,1,793088,4593,5823060,552
112902,11,4,4200308,2021,5,11,2,3,3,6,0,0,1,0,0,1,0,0,790500,7215,5828515,45
112901,11,10,10400837,2021,8,10,1,3,2,6,0,0,1,0,0,0,0,0,811548,314,5827130,728
112900,11,3,3400723,2021,9,14,4,3,3,6,0,0,0,0,1,0,1,0,798362,8181,5833480,992
112896,11,7,7601544,2021,2,10,1,3,5,7,0,0,1,0,0,0,0,0,799926,2548,5813390,318
112893,11,10,10400940,2021,6,13,5,3,2,6,0,0,1,0,0,0,0,0,812071,8949,5827156,524
112891,11,4,4200311,2021,9,13,6,2,3,6,0,0,1,0,1,0,0,0,790544,1667,5825854,214
112890,11,3,3601451,2021,10,19,1,3,0,6,2,0,1,0,1,0,0,0,800640,9553,5829907,339
112889,11,3,3601348,2021,8,18,7,3,5,2,0,1,1,0,0,0,0,0,799600,8989,5830275,57
112885,11,4,4200206,2021,7,15,3,3,2,6,0,0,1,0,0,0,0,0,788896,1474,5826118,697
112884,11,7,7200410,2021,10,14,2,2,1,5,0,1,0,0,0,0,1,0,795444,9349,5823786,657
112883,11,2,2500728,2021,12,10,4,3,0,7,0,1,0,0,0,0,0,0,802946,5907,5827649,329
112882,11,7,7501030,2021,5,8,7,3,6,4,0,0,1,1,0,0,0,0,798000,2733,5819693,434
112879,11,8,8200622,2021,1,17,2,3,3,6,2,0,1,0,0,0,0,1,801748,4851,5821822,856
112875,11,7,7200411,2021,6,12,7,3,2,6,0,0,1,0,0,0,0,1,795905,188,5824393,978
112871,11,12,12500927,2021,5,18,6,3,3,6,0,1,1,0,0,0,0,1,793383,877,5836329,709
112870,11,4,4300414,2021,6,17,5,3,5,2,0,0,1,0,1,0,0,0,791571,3263,5826545,771
112869,11,7,7601236,2021,8,19,6,3,1,1,0,0,1,0,0,0,0,0,796740,74,5816074,57
112867,11,2,2500726,2021,9,16,2,3,0,7,0,1,0,0,0,0,0,0,801916,2823,5828402,509
112865,11,2,2200209,2021,3,9,6,3,3,6,0,0,1,0,0,1,0,0,797785,2323,5824804,454
112862,11,2,2500727,2021,6,18,4,3,2,6,0,0,1,0,0,0,0,1,802148,9846,5827848,68
112860,11,4,4501151,2021,9,15,2,3,2,6,0,0,1,0,0,0,0,0,793810,272,5822991,83
112859,11,3,3400723,2021,11,14,5,3,1,5,0,0,1,0,0,0,1,0,798402,1707,5833429,949
112858,11,2,2200208,2021,9,12,4,3,5,2,0,1,1,0,0,0,0,0,797896,849,5825439,479
112855,11,7,7501133,2021,4,20,2,3,5,2,1,1,1,0,0,0,0,0,797577,797,5818425,304
112852,11,12,12601032,2021,10,16,3,3,2,6,0,0,1,0,0,0,1,0,792738,537,5837410,827
112851,11,4,4300621,2021,12,18,6,3,2,7,2,0,1,0,0,0,1,1,792513,9321,5826725,53
112848,11,9,9100202,2021,2,22,3,1,8,1,2,0,1,0,0,0,0,1,803329,2497,5824338,648
112844,11,3,3601347,2021,6,20,3,3,2,2,0,0,1,0,1,0,0,0,799432,5147,5830307,275
112840,11,10,10400940,2021,5,12,6,3,2,6,0,0,1,0,0,0,0,0,812065,73,5827140,562
112839,11,12,12400721,2021,8,17,4,3,5,3,0,1,1,0,0,0,0,0,790996,6056,5841245,863
112832,11,5,5200633,2021,7,9,7,2,5,3,0,0,1,0,0,0,0,0,784343,3466,5826494,92
112830,11,3,3400831,2021,10,16,6,3,5,7,0,1,1,0,0,0,0,0,800075,3247,5834038,937
112829,11,9,9100203,2021,11,21,5,3,6,7,2,0,1,1,0,0,0,1,804038,1139,5824306,139
112828,11,12,12500927,2021,9,15,5,3,2,6,0,0,1,0,0,0,0,0,793388,72,5836322,543
112825,11,7,7501030,2021,4,17,5,3,3,6,0,0,1,0,0,0,0,0,797951,3261,5819971,703
112822,11,12,12601032,2021,3,13,3,3,3,6,0,0,1,0,1,0,0,0,792807,1201,5837300,969
112821,11,1,1100310,2021,10,22,2,2,3,6,2,1,1,0,0,0,0,0,799045,3056,5827542,271
112820,11,7,7501133,2021,12,10,4,3,3,6,0,0,1,0,0,0,1,1,798285,593,5818648,815
112819,11,7,7400720,2021,5,15,2,3,6,4,0,0,1,1,0,0,0,0,797842,3037,5822464,311
112818,11,5,5200528,2021,9,15,5,1,5,2,0,0,1,0,1,0,0,0,782206,9977,5825008,353
112816,11,2,2500728,2021,2,11,5,3,2,6,0,0,1,0,1,0,0,1,802935,4972,5827650,372
112813,11,7,7400721,2021,6,9,1,3,5,2,0,1,0,0,1,0,0,0,797814,224,5823053,155
112810,11,4,4400726,2021,5,11,5,3,2,3,0,0,1,0,0,1,0,0,791238,3449,5824615,352
112809,11,7,7501135,2021,8,15,7,3,2,6,0,0,1,0,1,0,0,0,798824,5392,5817300,676
112805,11,11,11300725,2021,7,16,5,3,5,2,0,0,1,0,1,0,0,1,804919,11,5827445,546
112803,11,12,12400723,2021,10,15,5,3,5,2,0,0,1,0,1,0,0,0,791854,96,5839129,334
112802,11,4,4400727,2021,11,17,5,3,2,6,1,0,1,0,0,1,0,0,791534,9682,5824376,64
112798,11,2,2400625,2021,1,6,1,3,8,1,2,1,0,0,0,0,0,0,801796,3989,5826319,607
112795,11,4,4200206,2021,4,13,7,3,2,6,0,0,1,0,0,0,0,0,786851,503,5825824,34
112794,11,4,4200311,2021,6,13,1,3,5,5,0,1,1,0,0,0,0,0,790515,9155,5826374,98
112789,11,4,4200308,2021,7,20,7,3,3,6,1,0,1,0,0,1,0,0,790462,2691,5828449,192
112787,11,7,7300619,2021,10,7,3,2,2,6,1,0,1,0,0,0,0,1,795911,1295,5822693,263
112786,11,3,3601451,2021,11,9,6,3,2,6,0,0,1,0,0,0,0,0,800581,641,5829912,965
112785,11,7,7501133,2021,9,16,6,3,2,7,0,0,1,0,0,0,0,0,798224,2256,5818775,802
112782,11,1,1100310,2021,4,20,5,3,5,2,1,1,1,0,0,0,0,1,799079,3393,5827595,299
112779,11,7,7400822,2021,3,14,5,3,2,6,0,0,1,0,0,0,0,1,796820,9329,5822396,28
112778,11,7,7200410,2021,10,18,3,3,0,5,2,0,1,0,0,0,0,1,795327,4541,5823629,716
112777,11,1,1100102,2021,12,16,1,3,5,3,1,0,1,0,0,0,0,1,796676,764,5826211,163
112776,11,4,4100101,2021,9,14,3,3,0,1,0,0,1,0,0,0,0,0,790892,7734,5829007,481
112774,11,7,7601236,2021,2,12,2,3,4,1,0,0,1,0,0,0,1,2,797162,98,5817054,421
112770,11,4,4100101,2021,6,16,5,3,2,6,0,0,1,0,0,0,1,0,790970,8991,5828987,714
112766,11,1,1100310,2021,5,18,4,3,0,2,0,1,1,0,0,0,0,0,799792,5569,5828613,13
112765,11,7,7601236,2021,8,17,4,3,5,3,0,0,1,0,1,0,0,0,796614,1709,5816012,315
112761,11,1,1100310,2021,7,13,5,3,5,3,0,1,0,0,0,0,1,0,799320,3653,5827928,357
112759,11,2,2400521,2021,10,19,5,3,5,3,2,0,1,0,1,0,0,0,800400,706,5827977,743
112758,11,12,12100103,2021,11,16,1,3,5,7,2,0,1,0,0,0,0,0,795336,9183,5833745,999
112754,11,3,3601141,2021,4,14,5,3,1,5,0,0,1,0,0,0,0,1,799202,7437,5831557,678
112751,11,2,2500835,2021,3,10,4,3,5,3,0,0,1,0,0,1,0,0,801835,1686,5826227,769
112750,11,4,4300414,2021,6,15,4,3,6,4,0,0,1,1,0,0,0,0,791561,8946,5826565,403
112748,11,7,7501133,2021,11,16,6,3,5,2,1,0,1,0,0,0,1,1,798466,8899,5818155,113
112746,11,6,6300527,2021,5,14,4,2,2,6,0,0,0,0,1,1,0,0,790237,2919,5818329,981
112745,11,1,1100310,2021,8,6,1,3,5,2,0,0,1,0,0,0,0,0,799105,119,5827690,29
112744,11,3,3200205,2021,9,15,4,3,5,3,0,0,1,0,0,0,0,0,798165,874,5836123,633
112740,11,12,12400723,2021,2,14,5,3,2,6,0,0,1,0,0,0,0,0,792114,6667,5837967,142
112737,11,9,9200613,2021,6,16,7,3,2,6,0,0,1,0,0,0,0,0,806775,7178,5820984,765
112735,11,7,7400720,2021,9,5,1,2,1,6,2,0,1,0,0,0,0,0,797774,3952,5823571,27
112734,11,2,2400625,2021,11,0,7,3,6,4,2,0,0,1,0,0,1,1,801872,9496,5826522,75
112733,11,7,7501030,2021,8,18,3,3,2,6,0,0,1,0,0,0,0,0,798111,7914,5819180,742
112728,11,12,12500927,2021,7,19,2,3,3,6,0,0,1,0,0,0,0,0,793411,8147,5836199,13
112727,11,1,1300836,2021,10,15,6,3,5,2,0,0,1,0,0,0,0,1,796343,923,5830077,937