OBJECTID,LAND,BEZ,LOR_ab_2021,UJAHR,UMONAT,USTUNDE,UWOCHENTAG,UKATEGORIE,UART,UTYP1,ULICHTVERH,IstRad,IstPKW,IstFuss,IstKrad,IstGkfz,IstSonstige,USTRZUSTAND,LINREFX,LINREFY,XGCSWGS84,YGCSWGS84
112726,11,2,2500727,2021,11,17,3,3,5,2,2,1,1,0,0,0,0,1,802579,961,5827686,957
112725,11,3,3601451,2021,5,19,2,3,5,3,0,1,1,0,0,0,0,0,800578,533,5829914,358
112722,11,7,7300619,2021,1,15,3,3,2,2,1,0,1,0,0,0,0,1,795707,786,5823146,433
112718,11,3,3601142,2021,6,23,1,3,5,2,2,0,1,0,1,0,0,0,799170,3292,5830364,129
112714,11,3,3701657,2021,5,16,6,2,2,6,0,0,0,0,1,0,1,1,800447,8659,5829974,765
112713,11,10,10300734,2021,6,16,5,3,2,6,0,0,1,0,1,0,0,0,810473,8816,5827073,93
112712,11,3,3400620,2021,8,18,1,2,5,3,0,0,1,0,0,0,0,0,798042,6871,5833914,83
112710,11,7,7501133,2021,9,14,6,3,2,3,0,1,1,0,0,0,0,1,798266,6304,5818638,776
112709,11,9,9200613,2021,3,13,6,2,2,2,0,0,1,0,0,1,0,0,805508,469,5822223,96
112706,11,2,2500727,2021,7,20,3,3,0,1,0,1,0,0,0,0,0,0,802175,9803,5827752,7
112704,11,9,9100101,2021,9,0,4,3,5,2,2,1,0,0,0,0,1,0,802593,7752,5825083,805
112703,11,7,7501133,2021,11,9,5,3,2,2,0,0,1,0,0,0,1,0,797478,4228,5817983,32
112702,11,3,3601347,2021,8,16,2,3,2,6,0,0,1,0,0,0,1,1,799268,7245,5830343,863
112699,11,5,5400943,2021,4,12,2,3,5,3,0,1,1,0,0,0,0,0,780178,4245,5822276,179
112696,11,7,7601547,2021,3,10,7,3,3,6,0,0,1,0,0,0,0,1,800376,3585,5812645,944
112695,11,1,1100102,2021,10,4,1,3,0,7,2,1,0,0,0,0,1,0,794645,773,5827086,879
112694,11,7,7100205,2021,12,21,3,3,3,6,2,1,1,0,0,0,0,1,796033,162,5825276,908
112693,11,1,1100104,2021,9,20,6,3,2,2,2,0,1,0,0,0,0,0,796211,3171,5825846,542
112691,11,8,8200622,2021,2,12,4,3,0,7,0,0,0,0,0,0,1,1,802292,4195,5821928,251
112687,11,2,2400521,2021,6,9,5,3,0,1,0,1,0,0,0,0,0,0,800428,756,5827893,736
112683,11,2,2500728,2021,5,12,5,1,3,5,0,1,0,0,0,1,1,0,802989,8632,5827661,81
112682,11,7,7501133,2021,8,6,4,3,1,5,0,0,1,0,0,0,1,0,798443,5421,5818211,908
112678,11,1,1100102,2021,7,17,6,2,6,4,0,0,1,1,0,0,0,0,794653,708,5827073,98
112674,11,3,3701660,2021,7,12,6,3,0,1,0,1,0,0,0,0,0,0,800008,8561,5828979,327
112672,11,7,7501030,2021,10,19,3,3,3,6,2,0,1,0,0,0,1,1,798071,3037,5819370,754
112671,11,3,3500936,2021,11,20,3,3,3,6,2,0,1,0,0,0,0,1,801535,5221,5831186,587
112670,11,6,6400737,2021,9,18,5,2,8,1,0,0,1,0,0,0,0,0,786402,3551,5816901,902
112667,11,4,4200206,2021,4,15,7,3,5,2,0,1,0,0,0,0,0,0,788371,5555,5826034,297
112664,11,3,3601449,2021,4,15,6,2,5,2,0,0,1,0,0,0,0,0,801342,9431,5830998,378
112663,11,7,7400720,2021,10,20,3,3,2,6,2,0,1,0,0,0,0,0,797791,3265,5823530,35
112662,11,4,4400725,2021,12,7,6,3,3,6,2,0,1,0,0,0,0,1,790629,8701,5825033,727
112661,11,4,4200308,2021,8,13,2,2,0,1,0,0,0,0,1,0,0,0,790467,894,5828415,751
112658,11,7,7200308,2021,2,9,4,3,2,6,0,0,1,0,0,0,0,0,795230,843,5823513,413
112655,11,1,1100207,2021,6,13,3,3,2,7,0,0,1,0,1,0,0,0,798966,319,5827418,654
112652,11,1,1100207,2021,5,9,3,3,2,6,0,0,1,0,0,0,0,0,798635,7727,5827033,609
112651,11,4,4300621,2021,8,13,2,3,6,7,0,1,0,1,0,0,0,0,792566,9682,5826734,441
112647,11,2,2100101,2021,7,6,4,3,3,6,0,0,1,0,0,0,0,0,797300,4111,5825591,351
112645,11,3,3701657,2021,10,17,5,3,3,6,0,1,0,0,0,0,0,0,800062,41,5830191,77
112644,11,4,4400725,2021,11,17,5,3,3,6,2,0,1,0,0,1,0,1,790532,2438,5825218,846
112642,11,4,4200206,2021,5,15,1,3,2,6,0,0,1,0,0,0,0,1,788383,9118,5826036,285
112639,11,2,2200208,2021,1,12,4,3,3,6,0,0,1,0,0,1,0,0,797868,7436,5825027,618
112636,11,7,7501133,2021,4,1,1,3,5,2,2,0,1,0,0,0,0,1,798181,752,5818924,81
112635,11,10,10400941,2021,6,17,4,3,5,2,0,1,1,0,0,0,0,0,813550,9263,5827159,332
112631,11,12,12100101,2021,5,11,3,3,2,6,0,0,1,0,0,0,0,0,795809,701,5832452,408
112630,11,8,8100521,2021,8,14,6,3,2,6,0,0,1,0,0,0,0,0,802654,576,5821738,984
112628,11,7,7400824,2021,9,16,6,3,0,1,0,0,1,0,0,0,0,1,797694,6572,5822311,382
112626,11,7,7501030,2021,3,12,4,2,6,7,0,0,0,1,0,0,1,0,798022,5514,5819629,132
112623,11,3,3601139,2021,7,20,6,2,0,2,0,1,1,0,0,0,0,0,799199,2257,5832020,8
112621,11,3,3100103,2021,9,14,4,3,3,6,0,0,1,0,0,1,0,0,803920,3016,5839827,245
112620,11,6,6400737,2021,11,8,2,3,5,3,0,0,1,0,0,0,0,0,785698,269,5816405,609
112619,11,1,1100310,2021,8,1,1,3,2,6,2,1,1,0,0,0,0,0,799709,759,5828474,49
112614,11,1,1100104,2021,7,14,7,3,5,2,0,1,1,0,0,0,0,0,796206,1451,5825835,12
112613,11,2,2100101,2021,10,19,4,3,5,2,2,1,1,0,0,0,0,0,797284,7209,5825593,917
112612,11,7,7200308,2021,12,8,6,3,0,1,1,0,0,0,1,0,0,1,794590,4698,5823120,239
112609,11,7,7601544,2021,1,11,3,3,5,2,0,0,1,0,0,0,0,0,799806,7265,5813852,25
112605,11,7,7400822,2021,6,16,6,3,2,6,0,0,1,0,0,1,0,0,796415,2048,5822613,751
112601,11,1,1100102,2021,5,10,3,3,5,3,0,0,1,0,0,0,1,0,796682,6447,5826208,705
112600,11,12,12500930,2021,6,12,6,3,2,6,0,0,1,0,0,0,0,0,794063,15,5835082,502
112599,11,4,4400830,2021,8,14,4,3,2,6,0,0,1,0,0,0,0,0,791950,1925,5823957,788
112593,11,9,9100101,2021,7,6,2,2,2,2,0,1,0,0,0,1,0,0,802586,6565,5825067,3
112591,11,1,1300836,2021,10,12,6,1,5,2,0,1,0,0,0,1,0,0,796288,9374,5830295,632
112590,11,4,4200311,2021,11,7,5,3,3,6,0,0,1,0,0,1,0,0,790738,2469,5826465,98
112589,11,10,10100312,2021,12,17,4,2,6,4,2,0,1,1,0,0,0,1,807670,9065,5829886,141
112588,11,12,12100205,2021,5,15,1,3,5,3,0,0,1,0,0,0,0,0,794559,2845,5833816,34
112587,11,3,3601449,2021,8,16,3,3,5,2,0,1,1,0,0,0,0,0,801016,932,5830555,206
112586,11,3,3601142,2021,9,10,5,3,4,6,0,1,0,0,0,0,1,0,799151,116,5830806,478
112582,11,1,1100310,2021,2,6,3,3,5,2,0,1,0,0,0,0,1,0,799596,8435,5828281,211
112579,11,6,6400735,2021,6,17,1,2,1,5,0,0,1,0,1,0,0,0,778927,3903,5814983,109
112577,11,3,3601451,2021,9,19,4,3,5,2,2,1,1,0,0,0,0,0,800606,4017,5829899,506
112576,11,2,2500727,2021,11,9,3,3,2,2,0,0,1,0,0,0,0,1,802178,1345,5827715,384
112575,11,6,6300629,2021,8,16,4,3,4,6,0,0,1,0,0,0,1,0,792753,1006,5819956,639
112570,11,7,7400824,2021,7,22,3,3,5,3,2,0,1,0,0,0,0,0,797829,1018,5822373,316
112569,11,1,1100310,2021,10,8,7,3,2,6,0,0,1,0,0,0,1,1,799550,53,5828282,83
112568,11,3,3701660,2021,12,16,2,3,5,2,2,1,1,0,0,0,0,0,800044,5914,5828994,889
112567,11,7,7501133,2021,5,11,2,3,5,2,0,1,0,0,0,0,1,0,797447,9603,5817846,326
112563,11,4,4400726,2021,1,11,5,3,5,3,0,0,1,0,0,0,0,0,791228,7405,5824620,315
112559,11,7,7400927,2021,6,6,5,3,2,6,0,0,1,0,0,0,0,0,798518,8065,5822085,263
112555,11,4,4200311,2021,5,20,2,3,3,6,2,0,1,0,0,1,0,1,790040,2708,5825190,243
112554,11,12,12200414,2021,8,15,6,3,3,6,0,0,1,0,0,0,0,0,791633,5781,5830875,987
112552,11,11,11300724,2021,9,5,4,2,3,6,2,0,1,0,1,0,0,0,804485,7225,5827507,716
112551,11,3,3701660,2021,3,16,3,3,5,2,0,0,0,0,1,0,1,0,800387,267,5829541,732
112547,11,12,12601032,2021,7,15,6,3,2,1,0,0,1,0,0,0,0,1,792716,916,5837436,284
112545,11,4,4300414,2021,9,10,3,3,0,1,0,0,0,0,1,0,0,1,791106,4925,5826471,428
112544,11,9,9200613,2021,11,17,4,3,4,6,2,1,0,0,0,0,0,0,805798,5606,5821947,198
112543,11,4,4400725,2021,8,16,6,3,2,6,0,0,1,0,0,0,0,0,790556,3766,5825144,222
112540,11,10,10300733,2021,4,12,4,3,2,6,0,0,1,0,0,0,0,0,808764,7052,5827439,37
112537,11,6,6400737,2021,3,14,4,3,3,6,0,0,1,0,0,0,1,0,785371,281,5818205,199
112536,11,3,3601451,2021,10,18,4,3,5,2,2,1,0,0,0,0,1,0,800625,2075,5829918,216
112535,11,1,1100102,2021,12,20,7,3,2,2,2,0,1,0,0,0,0,0,796453,881,5827390,807
112534,11,7,7501030,2021,9,21,6,3,0,6,2,0,1,0,0,0,1,0,797998,7117,5819702,13
112532,11,7,7400927,2021,2,9,4,3,2,6,0,0,1,0,0,0,0,1,797956,9584,5822358,203
112528,11,6,6300527,2021,6,8,5,3,5,2,0,0,1,0,0,1,0,0,790161,884,5818290,612
112524,11,2,2400522,2021,5,17,1,3,2,6,0,0,1,0,0,0,0,1,801774,773,5827769,851
112523,11,11,11300722,2021,5,15,6,3,5,3,0,1,1,0,0,0,0,1,804226,691,5827519,655
112522,11,4,4200310,2021,8,7,6,3,2,6,0,1,0,0,0,0,0,0,789142,7925,5826156,533
112518,11,12,12100204,2021,7,15,3,3,1,5,0,0,1,0,0,0,0,0,795723,5254,5832812,135
112514,11,3,3601139,2021,7,17,7,3,0,1,0,1,0,0,0,0,0,0,799221,2353,5832044,62
112512,11,7,7601547,2021,10,7,2,3,6,4,0,0,1,1,0,0,0,0,800578,4055,5812245,727
112511,11,7,7400824,2021,11,19,2,3,0,6,2,0,1,0,0,0,1,0,797865,9118,5821680,913
112509,11,11,11300722,2021,9,16,6,3,5,2,0,0,1,0,1,0,0,0,803742,834,5827568,253
112506,11,3,3701657,2021,4,11,2,3,2,2,0,0,1,0,0,0,0,0,799983,8276,5830224,46
112503,11,4,4300621,2021,3,11,3,3,5,3,0,1,1,0,0,0,0,0,792257,4631,5826682,764
112502,11,4,4400727,2021,7,14,5,3,6,7,0,0,1,0,0,0,1,0,791707,25,5824214,818
112500,11,6,6400735,2021,10,14,7,3,6,7,0,1,0,1,0,0,0,0,781746,2191,5815593,37
112499,11,6,6300629,2021,12,19,7,3,0,6,2,0,1,0,1,0,0,2,792365,8035,5819715,234
112498,11,1,1100310,2021,8,19,4,3,2,6,0,1,1,0,0,0,0,0,799318,6624,5827926,333
112495,11,1,1400940,2021,3,15,3,3,5,3,0,1,0,0,1,0,0,0,795864,3529,5832054,696
112492,11,9,9100101,2021,6,16,2,3,4,6,0,1,0,0,0,0,0,0,802848,8455,5825477,463
112490,11,7,7601442,2021,9,14,5,3,5,3,0,0,1,0,0,0,0,0,799732,3755,5814397,287
112489,11,10,10400940,2021,5,16,3,3,5,3,0,1,1,0,0,0,0,0,812565,7574,5827180,98
112488,11,1,1100310,2021,8,16,3,3,1,5,0,0,1,0,1,0,0,0,799617,66,5828380,59
112484,11,2,2400521,2021,7,9,3,3,2,3,0,1,0,0,0,0,0,0,800355,2697,5827973,276
112482,11,7,7501030,2021,10,14,4,3,5,2,0,1,1,0,0,0,0,0,797884,4768,5820425,942
112481,11,7,7400720,2021,11,8,2,3,5,2,0,1,1,0,0,0,0,1,797773,5523,5823588,932
112479,11,2,2500726,2021,5,14,7,3,0,1,0,0,1,0,1,0,0,0,801788,8681,5828597,111
112476,11,4,4200311,2021,1,14,3,3,2,6,0,0,1,0,0,0,1,0,790693,723,5826332,983
112472,11,12,12200310,2021,4,17,1,3,3,6,0,0,1,0,0,1,0,0,791710,4499,5833404,61
112471,11,7,7601341,2021,6,11,4,3,2,6,0,0,1,0,0,0,1,0,796426,283,5815405,148
112467,11,2,2500727,2021,5,15,5,3,5,3,0,0,1,0,0,0,0,1,802179,8209,5827735,63
112466,11,2,2500727,2021,8,17,6,2,5,2,0,1,0,0,0,0,1,1,802581,8631,5827686,679
112464,11,1,1100310,2021,9,19,3,3,2,6,1,0,1,0,0,0,0,0,799597,7001,5828282,643
112462,11,4,4300621,2021,3,18,3,3,6,4,2,1,0,1,0,0,0,0,792110,645,5826657,753
112459,11,6,6400737,2021,6,2,1,3,1,5,2,0,1,0,0,0,1,0,786421,1011,5816886,11
112457,11,10,10400940,2021,9,13,2,3,0,1,0,1,0,0,0,0,0,0,812806,8864,5827178,789
112456,11,9,9100101,2021,11,14,4,3,6,4,0,0,0,1,1,0,0,0,802774,6593,5825332,8
112455,11,1,1100310,2021,8,7,3,3,0,2,0,1,0,0,0,0,1,1,799782,44,5828662,487
112451,11,2,2500727,2021,7,13,7,2,5,2,0,0,1,0,0,0,0,0,802180,4469,5827727,107
112450,11,12,12400721,2021,10,8,3,3,5,3,0,1,1,0,0,0,0,1,790998,3323,5841243,444
112449,11,2,2500728,2021,12,21,4,2,6,2,2,0,1,1,0,0,0,0,803078,4134,5827652,87
112446,11,10,10100206,2021,1,4,3,3,5,3,2,0,1,0,0,0,1,2,808904,9131,5833415,649
112442,11,3,3601449,2021,6,1,1,3,0,1,2,0,0,0,0,0,1,0,800950,98,5830448,315
112438,11,7,7300619,2021,5,10,4,3,2,6,0,0,1,0,0,0,0,0,795339,5817,5822791,362
112437,11,4,4200207,2021,8,16,7,3,0,7,0,0,1,0,0,0,1,0,788211,955,5822400,767
112431,11,4,4300414,2021,7,15,7,3,6,4,0,1,0,1,0,0,0,0,791585,3658,5826548,132
112429,11,12,12601031,2021,10,7,7,3,9,1,0,0,1,0,0,0,0,0,793360,7846,5836430,97
112428,11,7,7501030,2021,11,16,5,3,6,4,0,0,1,1,0,0,0,1,797929,583,5820164,603
112427,11,5,5200528,2021,9,15,7,3,2,6,0,0,1,0,0,0,0,0,783700,9278,5826664,84
112424,11,1,1100207,2021,4,13,5,3,5,7,0,0,0,0,1,0,0,0,798835,5477,5827239,657
112421,11,7,7400823,2021,3,14,4,3,2,7,0,0,1,0,0,0,0,0,796844,6447,5822390,222
112420,11,3,3601245,2021,10,10,6,3,0,6,0,0,1,0,0,0,1,0,800238,5163,5831288,411
112419,11,6,6400735,2021,12,17,1,3,5,2,2,1,1,0,0,0,0,1,782515,5814,5815767,111
112418,11,10,10300733,2021,9,7,3,3,2,6,0,0,1,0,0,0,1,0,808810,5,5827437,677
112416,11,11,11300724,2021,2,14,7,3,2,6,0,0,1,0,0,0,0,2,804284,5913,5827528,386
112412,11,3,3400725,2021,6,17,6,3,2,6,0,0,1,0,0,0,0,0,800399,8349,5835525,672
112407,11,4,4400726,2021,5,18,2,2,2,6,0,0,1,0,0,0,0,0,790883,5833,5824697,982
112406,11,6,6400735,2021,8,15,7,2,4,6,0,0,1,0,0,0,0,0,778632,1036,5814913,294
112402,11,2,2500727,2021,7,17,3,2,8,1,0,1,0,0,0,0,0,0,802176,837,5827751,676
112399,11,10,10100210,2021,7,8,2,3,0,6,0,1,1,0,0,0,0,0,807874,8918,5831024,917
112397,11,3,3400724,2021,10,14,3,3,2,6,0,0,1,0,0,0,1,1,800090,8308,5835050,956
112396,11,1,1100104,2021,11,15,4,2,6,2,0,0,0,1,0,1,0,0,796400,997,5826259,151
112394,11,4,4200207,2021,9,16,2,3,2,6,0,0,1,0,0,0,0,0,789632,2455,5824570,83
112391,11,2,2500729,2021,4,9,3,3,5,2,0,0,1,0,0,0,1,0,803321,2799,5827627,387
112388,11,3,3601449,2021,4,20,7,2,5,2,2,0,1,0,0,0,0,0,801326,2081,5830983,52
112387,11,9,9100101,2021,7,15,2,3,2,6,0,0,1,0,1,0,0,0,802764,6027,5825317,491
112385,11,1,1100205,2021,10,19,3,3,5,2,2,1,1,0,0,0,0,0,797620,7379,5826828,34
112384,11,7,7501133,2021,12,17,3,3,5,7,2,0,1,0,0,0,1,0,798283,5818599,311,13
112383,11,9,9100409,2021,8,19,5,2,0,6,0,0,1,0,0,0,0,0,807066,8106,5818226,13
112382,11,4,4300621,2021,9,19,4,2,5,7,1,0,1,0,1,0,0,0,792076,5527,5826652,13
112381,11,1,1100104,2021,8,1,2,3,5,3,2,0,1,0,0,0,1,1,796404,6333,5826269,795
112378,11,4,4501151,2021,4,17,3,3,2,6,0,0,1,0,0,0,0,0,793794,174,5822990,239
112375,11,1,1100310,2021,3,16,4,2,2,2,0,1,1,0,0,0,0,0,799571,12,5828269,929
112374,11,3,3601451,2021,10,7,4,3,5,2,1,1,1,0,0,0,0,1,800623,1662,5829919,626
112373,11,7,7601442,2021,12,18,4,3,5,7,2,1,1,0,0,0,0,0,799166,425,5816479,111
112372,11,12,12100204,2021,9,11,5,3,2,2,0,1,1,0,0,0,0,0,795766,3918,5832694,768
112370,11,9,9100203,2021,2,10,2,3,2,6,0,0,1,0,0,0,0,1,804106,561,5824366,79
112366,11,1,1400940,2021,6,23,3,2,5,3,2,0,1,0,0,0,0,0,795878,6573,5832059,416
112361,11,3,3200206,2021,5,17,3,3,2,6,0,0,1,0,0,0,0,1,797962,3215,5834413,827
112360,11,11,11300725,2021,5,16,6,3,2,6,0,0,1,0,1,0,0,1,804877,2459,5827448,626
112359,11,2,2200208,2021,8,13,3,2,5,2,0,1,0,0,0,1,0,0,797898,3349,5825432,554
112355,11,3,3701657,2021,7,19,1,3,3,6,1,0,1,0,1,0,0,1,800004,3448,5830312,162
112352,11,8,8200622,2021,7,17,7,2,3,6,0,0,1,0,1,0,0,0,802248,359,5821916,638
112350,11,7,7400720,2021,10,15,6,3,6,7,0,0,0,1,0,1,0,0,797842,3028,5822464,327
112349,11,3,3400723,2021,11,7,5,3,6,4,0,0,0,1,0,0,1,0,798371,599,5833483,535
112347,11,9,9100306,2021,9,12,6,3,3,6,0,0,1,0,0,1,0,0,803098,673,5820903,29
112344,11,7,7601341,2021,4,18,4,2,3,6,0,0,1,0,0,0,0,0,796376,6608,5815285,131
112341,11,12,12100204,2021,3,5,2,3,5,2,2,1,1,0,0,0,0,0,795712,8218,5832839,551
112340,11,4,4300621,2021,7,9,6,3,5,2,0,1,1,0,0,0,0,0,792737,7084,5826741,651
112338,11,1,1200624,2021,10,19,5,3,0,2,0,1,1,0,0,0,0,0,796193,4704,5829101,81
112337,11,9,9100409,2021,12,9,4,2,8,1,0,0,0,0,0,1,0,0,807064,1211,5818238,2
112336,11,1,1100205,2021,8,14,4,3,4,6,0,1,0,0,0,0,1,0,797082,3608,5826737,884
112335,11,4,4300414,2021,9,20,5,3,5,3,2,0,1,0,0,0,1,0,791573,4862,5826546,14
112332,11,3,3701660,2021,2,23,6,3,1,5,2,1,1,0,0,0,0,0,800153,8397,5829169,434
112329,11,1,1100310,2021,6,16,3,3,3,7,0,1,1,0,0,0,0,0,799350,5933,5827996,498
112327,11,10,10100311,2021,9,16,5,3,5,3,0,1,1,0,0,0,0,0,808013,343,5827457,847
112326,11,9,9100305,2021,8,14,6,3,2,7,0,0,1,0,0,0,0,0,805072,2414,5822664,836
112322,11,12,12100205,2021,7,17,4,3,5,2,0,1,0,0,0,0,1,0,794469,2361,5834334,513
112320,11,1,1100310,2021,10,10,7,3,2,6,0,0,1,0,0,1,0,0,798822,8988,5828036,636
112319,11,2,2400625,2021,11,23,3,3,6,4,2,1,0,1,0,0,0,0,801877,2901,5826536,261
112318,11,1,1400940,2021,5,6,2,3,5,3,0,0,1,0,1,0,0,1,795861,4024,5832070,967
112315,11,12,12500926,2021,1,19,6,3,5,3,2,0,1,0,1,0,0,1,793906,9334,5835368,828
112311,11,6,6400737,2021,6,10,1,3,2,6,0,0,1,0,0,0,0,0,787033,4413,5820669,972
112308,11,2,2500727,2021,12,20,1,3,5,2,2,0,1,0,0,0,0,2,802586,285,5827702,138
112307,11,2,2100101,2021,8,10,6,3,2,6,0,0,1,0,0,0,0,0,797039,4259,5825862,432
112305,11,2,2500728,2021,9,18,3,3,3,6,0,1,0,0,0,0,1,0,802703,1616,5827674,515
112303,11,7,7400927,2021,3,7,5,3,0,7,0,0,1,0,0,0,0,0,799318,5751,5821561,37
112300,11,1,1401044,2021,6,19,1,3,5,2,0,1,1,0,0,0,0,0,796053,6263,5831351,556
112298,11,10,10400940,2021,9,16,5,3,0,2,0,1,0,0,0,0,1,0,813050,6981,5827205,426
112297,11,7,7501133,2021,11,8,2,3,5,3,0,0,1,0,1,0,0,0,798693,3602,5817615,512
112296,11,1,1200624,2021,8,21,1,2,5,3,2,0,1,0,0,0,0,1,796135,8777,5829184,968
112291,11,1,1100104,2021,7,10,5,3,5,2,0,1,1,0,0,0,0,0,796402,4401,5826263,375
112290,11,4,4300622,2021,10,9,3,3,6,7,0,1,0,1,0,0,0,1,793315,2273,5826835,971
112289,11,7,7300619,2021,12,11,6,3,2,1,0,0,1,0,0,0,0,1,795800,1938,5822631,345
112286,11,3,3200205,2021,1,16,5,2,0,7,1,1,0,0,0,0,0,1,798175,5667,5836304,542
112282,11,9,9100202,2021,6,14,2,3,5,3,0,1,1,0,0,0,0,0,803000,964,5824659,273
112278,11,7,7300619,2021,5,12,3,3,5,3,0,0,1,0,0,0,0,0,795845,2362,5822650,206
112277,11,2,2500727,2021,8,17,4,3,3,6,0,1,0,0,1,0,0,0,802371,3142,5827708,128
112270,11,12,12601032,2021,7,8,4,3,5,2,0,1,0,0,0,0,1,1,792729,4925,5837422,406
112268,11,4,4300414,2021,10,15,2,3,5,2,0,0,1,0,0,0,0,0,791574,64,5826546,338
112267,11,3,3601142,2021,11,7,2,2,0,1,0,1,0,0,0,0,0,1,799188,5834,5831268,25
112266,11,12,12100204,2021,9,17,4,3,5,2,0,1,1,0,0,0,0,0,795766,4114,5832694,658
112263,11,1,1100310,2021,4,9,2,3,3,6,0,1,0,0,0,0,1,1,799777,4804,5828588,95
112260,11,3,3601142,2021,3,17,3,3,2,6,1,0,1,0,0,0,0,0,799141,926,5830367,385
112259,11,1,1100102,2021,10,14,5,3,5,2,0,0,1,0,0,0,1,0,796448,883,5827390,66
112258,11,10,10100312,2021,12,18,5,3,9,1,2,0,1,0,0,0,0,2,807773,9369,5829222,761
112257,11,1,1100310,2021,9,11,7,3,5,2,0,1,0,0,0,0,1,0,798800,863,5828016,67
112255,11,10,10300733,2021,2,17,5,3,1,5,2,0,1,0,0,0,0,0,809587,2421,5827356,28
112251,11,2,2500833,2021,6,3,7,3,0,1,2,0,0,0,0,0,1,0,802071,23,5827188,576
112247,11,10,10400941,2021,5,17,4,3,5,3,0,1,1,0,0,0,0,0,813269,555,5827202,206
112246,11,4,4300621,2021,8,12,2,3,5,2,0,1,1,0,0,0,0,0,792256,105,5826682,571
112241,11,7,7400823,2021,7,12,2,3,2,6,0,0,1,0,0,0,0,0,797313,3684,5822340,893
112239,11,7,7501133,2021,10,13,1,2,2,6,0,0,1,0,0,0,0,0,797534,5221,5818235,287
112238,11,7,7400822,2021,11,17,4,3,2,1,1,0,1,0,0,0,0,1,796425,7265,5822606,822
112236,11,4,4300415,2021,9,10,3,3,3,6,0,0,1,0,1,0,0,0,790678,7441,5826110,976
112233,11,1,1100102,2021,4,12,3,3,2,6,0,0,1,0,0,0,1,0,796426,6113,5826349,336
112230,11,10,10100206,2021,4,13,4,3,5,2,0,0,1,0,0,0,0,0,808897,635,5833397,338
112229,11,4,4300414,2021,6,12,2,3,6,4,0,1,0,1,0,0,0,0,791339,9188,5826528,353
112227,11,4,4200206,2021,10,18,1,3,0,1,2,0,0,0,1,0,0,0,786941,7634,5825809,781
112225,11,3,3400620,2021,6,15,3,3,5,2,0,1,1,0,0,0,0,0,798042,53,5833913,668
112224,11,2,2500726,2021,8,10,3,3,2,6,0,0,1,0,1,0,0,0,801692,4395,5828858,285
112223,11,9,9100203,2021,9,6,4,3,5,3,0,1,1,0,0,0,0,0,804105,6497,5824365,983
112219,11,6,6400736,2021,2,11,3,2,2,6,0,0,1,0,0,0,0,0,785379,1915,5815651,563
112216,11,4,4501153,2021,6,8,5,3,2,6,0,0,1,0,0,0,0,1,794446,1398,5823093,717
112214,11,7,7200411,2021,9,13,4,2,2,6,0,0,0,0,1,0,1,0,795908,3946,5824362,597
112213,11,2,2500727,2021,10,10,1,3,5,2,0,0,1,0,0,0,0,0,802180,1605,5827725,655
112212,11,2,2500727,2021,8,15,4,3,5,3,0,1,0,0,0,0,0,0,802141,8982,5827763,741
112207,11,1,1300836,2021,7,17,1,3,0,1,0,0,0,0,1,0,0,0,796310,4893,5830047,67
112206,11,7,7501030,2021,10,15,5,3,6,4,0,0,1,1,0,0,0,1,797987,7107,5819763,386
112205,11,3,3200206,2021,12,21,1,2,9,1,2,0,1,0,0,0,0,1,797981,2513,5834299,585
112204,11,10,10300733,2021,5,13,2,3,2,6,0,0,1,0,1,0,0,0,809517,611,5827402,613
112201,11,2,2100101,2021,1,13,3,3,2,6,0,0,1,0,0,0,1,1,797060,1804,5825829,36
112197,11,7,7501133,2021,6,11,5,3,5,2,0,1,0,0,0,0,1,0,797513,4757,5818141,142
112193,11,6,6400737,2021,5,10,7,3,2,6,0,0,1,0,0,0,0,0,786507,492,5816948,559
112192,11,10,10100312,2021,6,6,5,2,5,2,0,0,0,0,1,0,1,0,807684,5231,5829683,569
112191,11,2,2500727,2021,8,8,5,3,5,2,0,0,1,0,0,0,0,0,802146,3932,5827747,59
112189,11,4,4400830,2021,9,14,3,3,2,6,0,0,1,0,0,0,0,0,792400,87,5823170,25
112187,11,7,7400928,2021,3,15,1,3,2,6,0,0,1,0,0,0,0,0,800203,4875,5821509,271
112184,11,10,10400940,2021,7,20,6,3,5,3,0,1,1,0,0,0,0,0,812566,7795,5827181,34
112182,11,9,9100101,2021,9,19,4,3,5,2,2,1,1,0,0,0,0,1,802664,378,5825207,751
112181,11,5,5200528,2021,11,17,6,2,4,6,1,0,1,0,0,0,0,0,782565,6135,5825446,398
112180,11,2,2200208,2021,8,10,3,2,3,6,0,1,0,0,0,0,0,0,797898,6687,5825137,375
112177,11,4,4300414,2021,4,17,1,3,6,2,0,0,1,1,0,0,0,0,791567,4972,5826545,115
112174,11,4,4300414,2021,3,16,4,3,6,2,0,0,1,1,0,0,0,1,791505,4105,5826555,664
111541,11,4,4400726,2021,1,1,6,3,9,1,2,0,1,0,0,0,0,0,791154,679,5824616,757
110370,11,3,2400520,2021,1,20,1,3,3,6,2,0,1,0,0,0,0,1,799988,2122,5828912,431
109998,11,7,7300619,2021,1,14,7,3,2,6,0,0,1,0,0,0,0,1,796018,2589,5822739,196
109753,11,12,12400723,2021,1,14,2,3,5,3,0,0,1,0,0,0,1,1,791884,985,5839010,713